#VRML V2.0 utf8
DEF TXFM_1 Transform {
  center 0 0 0
  rotation 0 0 1 0
  scale 1 1 1
  scaleOrientation 0 0 1 0
  translation 0 0 0
 children [
DEF TXFM_2 Transform {
  center 0 0 0
  rotation 0 0 1 0
  scale 1 1 1
  scaleOrientation 0 0 1 0
  translation 0 0 0
 children [
DEF TXFM_3 Transform {
  center 0 0 0
  rotation 0 0 1 0
  scale 1 1 1
  scaleOrientation 0 0 1 0
  translation 0 0 0
 children [
DEF SHAPE_1 Shape {
 appearance DEF APP_1 Appearance {
  material Material {
   ambientIntensity 0.125
   diffuseColor 0.80000001 0.80000001 0.80000001
   emissiveColor 0 0 0
   shininess 0.1
   specularColor 0.12 0.12 0.12
   transparency 0
} }
 geometry DEF FACE_1 IndexedFaceSet {
  coord DEF COORD_1 Coordinate { point [
  8.16 13.5 0,8.5 13.5 0,
  8.5 13.5 -28.4,8.16 13.5 -28.4] }
 coordIndex [
  2,0,1,-1,2,3,0,-1]
  normalPerVertex TRUE
  normal DEF NORM_1 Normal { vector [
  0 1 0,0 1 0,
  0 1 0,0 1 0] }
}
}
DEF SHAPE_2 Shape {
 appearance USE APP_1
 geometry DEF FACE_2 IndexedFaceSet {
  coord DEF COORD_2 Coordinate { point [
  8.16 13.5 0,8.5 13.5 0,
  8.16 10 0,9.01 10 0,
  9.1652914 10.020445 0,9.31 10.080385 0,
  9.4342641 10.175736 0,9.5296152 10.3 0,
  9.5895555 10.444709 0,9.61 10.6 0,
  9.61 12.95 0,10.39 12.95 0,
  10.39 10.6 0,10.99 10 0,
  10.856487 10.015043 0,10.72967 10.059419 0,
  10.615906 10.130901 0,10.520901 10.225906 0,
  10.449419 10.33967 0,10.405043 10.466487 0,
  11.84 10 0,11.84 13.5 0,
  11.5 13.5 0,11.5 16.1 0,
  11 16.1 0,10.841489 15.664495 0,
  10.606566 15.5 0,10.667046 15.507426 0,
  10.723934 15.529263 0,10.773849 15.564214 0,
  10.813825 15.610202 0,9.393434 15.5 0,
  9.1585109 15.664495 0,9.1861746 15.610202 0,
  9.2261514 15.564214 0,9.2760661 15.529263 0,
  9.3329536 15.507426 0,9 16.1 0,
  8.5 16.1 0] }
 coordIndex [
  5,3,4,-1,6,3,5,-1,9,2,3,-1,9,6,7,-1,9,7,8,-1,9,3,6,-1,15,17,16,-1,18,17,15,-1,
  13,15,14,-1,13,18,15,-1,12,19,18,-1,12,18,13,-1,0,2,9,-1,20,12,13,-1,1,0,9,-1,10,1,9,-1,
  35,34,1,-1,32,38,33,-1,36,35,1,-1,31,1,10,-1,31,36,1,-1,22,11,12,-1,37,38,32,-1,21,12,20,-1,
  21,22,12,-1,26,10,11,-1,26,11,22,-1,26,31,10,-1,27,26,22,-1,28,27,22,-1,29,28,22,-1,23,24,25,-1,
  23,25,30,-1,22,23,30,-1,22,30,29,-1,38,1,33,-1,33,1,34,-1]
  normalPerVertex TRUE
  normal DEF NORM_2 Normal { vector [
  0 0 1,0 0 1,
  0 0 1,0 0 1,
  0 0 1,0 0 1,
  0 0 1,0 0 1,
  0 0 1,0 0 1,
  0 0 1,0 0 1,
  0 0 1,0 0 1,
  0 0 1,0 0 1,
  0 0 1,0 0 1,
  0 0 1,0 0 1,
  0 0 1,0 0 1,
  0 0 1,0 0 1,
  0 0 1,0 0 1,
  0 0 1,0 0 1,
  0 0 1,0 0 1,
  0 0 1,0 0 1,
  0 0 1,0 0 1,
  0 0 1,0 0 1,
  0 0 1,0 0 1,
  0 0 1] }
}
}
DEF SHAPE_3 Shape {
 appearance USE APP_1
 geometry DEF FACE_3 IndexedFaceSet {
  coord DEF COORD_3 Coordinate { point [
  8.16 10 0,8.16 13.5 0,
  8.16 13.5 -28.4,8.16 10 -28.4] }
 coordIndex [
  2,0,1,-1,2,3,0,-1]
  normalPerVertex TRUE
  normal DEF NORM_3 Normal { vector [
  -1 0 0,-1 0 0,
  -1 0 0,-1 0 0] }
}
}
DEF SHAPE_4 Shape {
 appearance USE APP_1
 geometry DEF FACE_4 IndexedFaceSet {
  coord DEF COORD_4 Coordinate { point [
  11.84 13.5 -28.4,11.5 13.5 -28.4,
  11.84 10 -28.4,10.99 10 -28.4,
  10.856487 10.015043 -28.4,10.72967 10.059419 -28.4,
  10.615906 10.130901 -28.4,10.520901 10.225906 -28.4,
  10.449419 10.33967 -28.4,10.405043 10.466487 -28.4,
  10.39 10.6 -28.4,10.39 12.95 -28.4,
  9.61 12.95 -28.4,9.61 10.6 -28.4,
  9.01 10 -28.4,9.1652914 10.020445 -28.4,
  9.31 10.080385 -28.4,9.4342641 10.175736 -28.4,
  9.5296152 10.3 -28.4,9.5895555 10.444709 -28.4,
  8.16 10 -28.4,8.16 13.5 -28.4,
  8.5 13.5 -28.4,8.5 16.1 -28.4,
  9 16.1 -28.4,9.1585109 15.664495 -28.4,
  9.393434 15.5 -28.4,9.3329536 15.507426 -28.4,
  9.2760661 15.529263 -28.4,9.2261514 15.564214 -28.4,
  9.1861746 15.610202 -28.4,10.606566 15.5 -28.4,
  10.841489 15.664495 -28.4,10.813825 15.610202 -28.4,
  10.773849 15.564214 -28.4,10.723934 15.529263 -28.4,
  10.667046 15.507426 -28.4,11 16.1 -28.4,
  11.5 16.1 -28.4] }
 coordIndex [
  25,23,24,-1,30,23,25,-1,22,27,26,-1,22,28,27,-1,22,29,28,-1,38,33,32,-1,38,32,37,-1,12,22,26,-1,
  11,26,31,-1,11,12,26,-1,1,35,34,-1,1,36,35,-1,1,31,36,-1,1,11,31,-1,13,20,21,-1,13,21,22,-1,
  13,22,12,-1,14,20,13,-1,18,13,19,-1,16,15,14,-1,17,13,18,-1,17,16,14,-1,17,14,13,-1,10,1,0,-1,
  10,11,1,-1,8,9,10,-1,7,8,10,-1,6,7,10,-1,4,5,6,-1,3,6,10,-1,3,4,6,-1,2,10,0,-1,
  2,3,10,-1,22,23,30,-1,22,30,29,-1,38,1,33,-1,33,1,34,-1]
  normalPerVertex TRUE
  normal DEF NORM_4 Normal { vector [
  0 0 -1,0 0 -1,
  0 0 -1,0 0 -1,
  0 0 -1,0 0 -1,
  0 0 -1,0 0 -1,
  0 0 -1,0 0 -1,
  0 0 -1,0 0 -1,
  0 0 -1,0 0 -1,
  0 0 -1,0 0 -1,
  0 0 -1,0 0 -1,
  0 0 -1,0 0 -1,
  0 0 -1,0 0 -1,
  0 0 -1,0 0 -1,
  0 0 -1,0 0 -1,
  0 0 -1,0 0 -1,
  0 0 -1,0 0 -1,
  0 0 -1,0 0 -1,
  0 0 -1,0 0 -1,
  0 0 -1,0 0 -1,
  0 0 -1,0 0 -1,
  0 0 -1] }
}
}
DEF SHAPE_5 Shape {
 appearance USE APP_1
 geometry DEF FACE_5 IndexedFaceSet {
  coord DEF COORD_5 Coordinate { point [
  8.5 16.1 -28.4,8.5 16.1 -28.2,
  8.5 13.5 -28.4,8.5 13.5 0,
  8.5 16.1 0,8.5 16.1 -0.2,
  8.5 15.5 -0.2,8.5 15.5 -28.2] }
 coordIndex [
  0,2,7,-1,1,0,7,-1,3,7,2,-1,6,7,3,-1,4,5,6,-1,4,6,3,-1]
  normalPerVertex TRUE
  normal DEF NORM_5 Normal { vector [
  -1 0 0,-1 0 0,
  -1 0 0,-1 0 0,
  -1 0 0,-1 0 0,
  -1 0 0,-1 0 0] }
}
}
DEF SHAPE_6 Shape {
 appearance USE APP_1
 geometry DEF FACE_6 IndexedFaceSet {
  coord DEF COORD_6 Coordinate { point [
  8.5 16.1 0,8.5 16.1 -0.2,
  9 16.1 0,9 16.1 -0.2] }
 coordIndex [
  0,2,3,-1,0,3,1,-1]
  normalPerVertex TRUE
  normal DEF NORM_6 Normal { vector [
  0 1 0,0 1 0,
  0 1 0,0 1 0] }
}
}
DEF SHAPE_7 Shape {
 appearance USE APP_1
 geometry DEF FACE_7 IndexedFaceSet {
  coord DEF COORD_7 Coordinate { point [
  9 16.1 0,9.1585109 15.664495 0,
  9.1585109 15.664495 -0.2,9 16.1 -0.2] }
 coordIndex [
  0,1,2,-1,0,2,3,-1]
  normalPerVertex TRUE
  normal DEF NORM_7 Normal { vector [
  0.93969262 0.34202014 0,0.93969262 0.34202014 0,
  0.93969262 0.34202014 0,0.93969262 0.34202014 0] }
}
}
DEF SHAPE_8 Shape {
 appearance USE APP_1
 geometry DEF FACE_8 IndexedFaceSet {
  coord DEF COORD_8 Coordinate { point [
  9.393434 15.5 -0.2,9.3329536 15.507426 -0.2,
  9.2760661 15.529263 -0.2,9.2261514 15.564214 -0.2,
  9.1861746 15.610202 -0.2,9.1585109 15.664495 -0.2,
  9.393434 15.5 0,9.1585109 15.664495 0,
  9.1861746 15.610202 0,9.2261514 15.564214 0,
  9.2760661 15.529263 0,9.3329536 15.507426 0] }
 coordIndex [
  8,4,5,-1,8,5,7,-1,9,3,4,-1,9,4,8,-1,10,2,3,-1,10,3,9,-1,11,1,2,-1,11,2,10,-1,
  6,0,1,-1,6,1,11,-1]
  normalPerVertex TRUE
  normal DEF NORM_8 Normal { vector [
  0.12186934 0.99254615 0,0.2020403 0.97937721 0,
  0.43297163 0.90140755 0,0.63818075 0.76988657 0,
  0.80547647 0.59262776 0,0.89100652 0.4539905 0,
  0.12186934 0.99254615 0,0.89100652 0.4539905 0,
  0.85121168 0.52482251 0,0.698961 0.71515979 0,
  0.50518606 0.86301045 0,0.28139875 0.95959092 0] }
}
}
DEF SHAPE_9 Shape {
 appearance USE APP_1
 geometry DEF FACE_9 IndexedFaceSet {
  coord DEF COORD_9 Coordinate { point [
  11.5 15.5 -0.2,10.606566 15.5 -0.2,
  11.5 15.5 -28.2,10.606566 15.5 -28.2,
  10.606566 15.5 -28.4,9.393434 15.5 -28.4,
  9.393434 15.5 -28.2,8.5 15.5 -28.2,
  8.5 15.5 -0.2,9.393434 15.5 -0.2,
  9.393434 15.5 0,10.606566 15.5 0,
  11.0335 15.5 -0.979375,11.0335 15.5 -0.420625,
  10.8765 15.5 -0.420625,10.8765 15.5 -0.979375,
  11.0335 15.5 -1.979375,11.0335 15.5 -1.420625,
  10.8765 15.5 -1.420625,10.8765 15.5 -1.979375,
  11.0335 15.5 -2.979375,11.0335 15.5 -2.420625,
  10.8765 15.5 -2.420625,10.8765 15.5 -2.979375,
  11.0335 15.5 -3.979375,11.0335 15.5 -3.420625,
  10.8765 15.5 -3.420625,10.8765 15.5 -3.979375,
  11.0335 15.5 -4.979375,11.0335 15.5 -4.420625,
  10.8765 15.5 -4.420625,10.8765 15.5 -4.979375,
  11.0335 15.5 -5.979375,11.0335 15.5 -5.420625,
  10.8765 15.5 -5.420625,10.8765 15.5 -5.979375,
  11.0335 15.5 -6.979375,11.0335 15.5 -6.420625,
  10.8765 15.5 -6.420625,10.8765 15.5 -6.979375,
  10.787447 15.5 -0.56,10.83 15.5 -0.56,
  10.574681 15.5 -0.79333333,10.540638 15.5 -0.81,
  10.523617 15.5 -0.81,10.498085 15.5 -0.79333333,
  10.481064 15.5 -0.76833333,10.472553 15.5 -0.72666666,
  10.472553 15.5 -0.69333334,10.481064 15.5 -0.65166667,
  10.498085 15.5 -0.62666667,10.523617 15.5 -0.61,
  10.523617 15.5 -0.56833333,10.489574 15.5 -0.57666667,
  10.455532 15.5 -0.61,10.438511 15.5 -0.64333333,
  10.43 15.5 -0.70166666,10.43 15.5 -0.735,
  10.438511 15.5 -0.785,10.455532 15.5 -0.81833333,
  10.489574 15.5 -0.85166667,10.523617 15.5 -0.86,
  10.540638 15.5 -0.86,10.574681 15.5 -0.85166667,
  10.600213 15.5 -0.835,10.787447 15.5 -0.62666667,
  10.787447 15.5 -0.86,10.83 15.5 -0.86,
  11.0335 15.5 -7.979375,11.0335 15.5 -7.420625,
  10.8765 15.5 -7.420625,10.8765 15.5 -7.979375,
  11.0335 15.5 -8.979375,11.0335 15.5 -8.420625,
  10.8765 15.5 -8.420625,10.8765 15.5 -8.979375,
  11.0335 15.5 -9.979375,11.0335 15.5 -9.420625,
  10.8765 15.5 -9.420625,10.8765 15.5 -9.979375,
  11.0335 15.5 -10.979375,11.0335 15.5 -10.420625,
  10.8765 15.5 -10.420625,10.8765 15.5 -10.979375,
  11.0335 15.5 -11.979375,11.0335 15.5 -11.420625,
  10.8765 15.5 -11.420625,10.8765 15.5 -11.979375,
  11.0335 15.5 -12.979375,11.0335 15.5 -12.420625,
  10.8765 15.5 -12.420625,10.8765 15.5 -12.979375,
  11.0335 15.5 -13.979375,11.0335 15.5 -13.420625,
  10.8765 15.5 -13.420625,10.8765 15.5 -13.979375,
  11.0335 15.5 -14.979375,11.0335 15.5 -14.420625,
  10.8765 15.5 -14.420625,10.8765 15.5 -14.979375,
  11.0335 15.5 -15.979375,11.0335 15.5 -15.420625,
  10.8765 15.5 -15.420625,10.8765 15.5 -15.979375,
  11.0335 15.5 -16.979375,11.0335 15.5 -16.420625,
  10.8765 15.5 -16.420625,10.8765 15.5 -16.979375,
  11.0335 15.5 -17.979375,11.0335 15.5 -17.420625,
  10.8765 15.5 -17.420625,10.8765 15.5 -17.979375,
  11.0335 15.5 -18.979375,11.0335 15.5 -18.420625,
  10.8765 15.5 -18.420625,10.8765 15.5 -18.979375,
  11.0335 15.5 -19.979375,11.0335 15.5 -19.420625,
  10.8765 15.5 -19.420625,10.8765 15.5 -19.979375,
  11.0335 15.5 -20.979375,11.0335 15.5 -20.420625,
  10.8765 15.5 -20.420625,10.8765 15.5 -20.979375,
  11.0335 15.5 -21.979375,11.0335 15.5 -21.420625,
  10.8765 15.5 -21.420625,10.8765 15.5 -21.979375,
  11.0335 15.5 -22.979375,11.0335 15.5 -22.420625,
  10.8765 15.5 -22.420625,10.8765 15.5 -22.979375,
  11.0335 15.5 -23.979375,11.0335 15.5 -23.420625,
  10.8765 15.5 -23.420625,10.8765 15.5 -23.979375,
  11.0335 15.5 -24.979375,11.0335 15.5 -24.420625,
  10.8765 15.5 -24.420625,10.8765 15.5 -24.979375,
  11.0335 15.5 -25.979375,11.0335 15.5 -25.420625,
  10.8765 15.5 -25.420625,10.8765 15.5 -25.979375,
  11.0335 15.5 -26.979375,11.0335 15.5 -26.420625,
  10.8765 15.5 -26.420625,10.8765 15.5 -26.979375,
  11.0335 15.5 -27.979375,11.0335 15.5 -27.420625,
  10.8765 15.5 -27.420625,10.8765 15.5 -27.979375,
  9.57 15.5 -0.74,9.17 15.5 -0.74,
  9.57 15.5 -0.69,9.2380851 15.5 -0.69,
  9.2976596 15.5 -0.64,9.2295745 15.5 -0.64,
  9.17 15.5 -0.69,8.9665 15.5 -0.420625,
  8.9665 15.5 -0.979375,9.1235 15.5 -0.979375,
  9.1235 15.5 -0.420625,8.9665 15.5 -1.420625,
  8.9665 15.5 -1.979375,9.1235 15.5 -1.979375,
  9.1235 15.5 -1.420625,8.9665 15.5 -2.420625,
  8.9665 15.5 -2.979375,9.1235 15.5 -2.979375,
  9.1235 15.5 -2.420625,8.9665 15.5 -3.420625,
  8.9665 15.5 -3.979375,9.1235 15.5 -3.979375,
  9.1235 15.5 -3.420625,8.9665 15.5 -4.420625,
  8.9665 15.5 -4.979375,9.1235 15.5 -4.979375,
  9.1235 15.5 -4.420625,8.9665 15.5 -5.420625,
  8.9665 15.5 -5.979375,9.1235 15.5 -5.979375,
  9.1235 15.5 -5.420625,8.9665 15.5 -6.420625,
  8.9665 15.5 -6.979375,9.1235 15.5 -6.979375,
  9.1235 15.5 -6.420625,8.9665 15.5 -7.420625,
  8.9665 15.5 -7.979375,9.1235 15.5 -7.979375,
  9.1235 15.5 -7.420625,8.9665 15.5 -8.420625,
  8.9665 15.5 -8.979375,9.1235 15.5 -8.979375,
  9.1235 15.5 -8.420625,8.9665 15.5 -9.420625,
  8.9665 15.5 -9.979375,9.1235 15.5 -9.979375,
  9.1235 15.5 -9.420625,8.9665 15.5 -10.420625,
  8.9665 15.5 -10.979375,9.1235 15.5 -10.979375,
  9.1235 15.5 -10.420625,8.9665 15.5 -11.420625,
  8.9665 15.5 -11.979375,9.1235 15.5 -11.979375,
  9.1235 15.5 -11.420625,8.9665 15.5 -12.420625,
  8.9665 15.5 -12.979375,9.1235 15.5 -12.979375,
  9.1235 15.5 -12.420625,8.9665 15.5 -13.420625,
  8.9665 15.5 -13.979375,9.1235 15.5 -13.979375,
  9.1235 15.5 -13.420625,8.9665 15.5 -14.420625,
  8.9665 15.5 -14.979375,9.1235 15.5 -14.979375,
  9.1235 15.5 -14.420625,8.9665 15.5 -15.420625,
  8.9665 15.5 -15.979375,9.1235 15.5 -15.979375,
  9.1235 15.5 -15.420625,8.9665 15.5 -16.420625,
  8.9665 15.5 -16.979375,9.1235 15.5 -16.979375,
  9.1235 15.5 -16.420625,8.9665 15.5 -17.420625,
  8.9665 15.5 -17.979375,9.1235 15.5 -17.979375,
  9.1235 15.5 -17.420625,8.9665 15.5 -18.420625,
  8.9665 15.5 -18.979375,9.1235 15.5 -18.979375,
  9.1235 15.5 -18.420625,8.9665 15.5 -19.420625,
  8.9665 15.5 -19.979375,9.1235 15.5 -19.979375,
  9.1235 15.5 -19.420625,8.9665 15.5 -20.420625,
  8.9665 15.5 -20.979375,9.1235 15.5 -20.979375,
  9.1235 15.5 -20.420625,8.9665 15.5 -21.420625,
  8.9665 15.5 -21.979375,9.1235 15.5 -21.979375,
  9.1235 15.5 -21.420625,8.9665 15.5 -22.420625,
  8.9665 15.5 -22.979375,9.1235 15.5 -22.979375,
  9.1235 15.5 -22.420625,8.9665 15.5 -23.420625,
  8.9665 15.5 -23.979375,9.1235 15.5 -23.979375,
  9.1235 15.5 -23.420625,8.9665 15.5 -24.420625,
  8.9665 15.5 -24.979375,9.1235 15.5 -24.979375,
  9.1235 15.5 -24.420625,8.9665 15.5 -25.420625,
  8.9665 15.5 -25.979375,9.1235 15.5 -25.979375,
  9.1235 15.5 -25.420625,8.9665 15.5 -26.420625,
  8.9665 15.5 -26.979375,9.1235 15.5 -26.979375,
  9.1235 15.5 -26.420625,8.9665 15.5 -27.420625,
  8.9665 15.5 -27.979375,9.1235 15.5 -27.979375,
  9.1235 15.5 -27.420625] }
 coordIndex [
  40,14,41,-1,40,1,14,-1,12,13,0,-1,52,1,40,-1,51,52,40,-1,53,1,52,-1,15,66,67,-1,54,1,53,-1,
  49,50,51,-1,48,49,51,-1,48,51,42,-1,64,65,66,-1,47,48,42,-1,63,64,66,-1,63,66,15,-1,46,47,42,-1,
  45,46,42,-1,45,42,43,-1,45,43,44,-1,62,63,15,-1,17,12,0,-1,18,15,12,-1,18,62,15,-1,18,60,61,-1,
  18,61,62,-1,18,12,17,-1,9,1,54,-1,9,10,11,-1,9,11,1,-1,16,17,0,-1,154,54,55,-1,154,55,56,-1,
  154,9,54,-1,152,154,56,-1,152,56,57,-1,152,57,58,-1,152,58,59,-1,152,59,60,-1,156,9,154,-1,156,162,9,-1,
  21,16,0,-1,157,162,156,-1,158,162,157,-1,22,19,16,-1,22,16,21,-1,20,21,0,-1,160,8,159,-1,166,60,18,-1,
  166,152,60,-1,166,161,152,-1,25,23,20,-1,25,20,0,-1,163,160,161,-1,163,8,160,-1,163,161,166,-1,26,23,25,-1,
  165,18,19,-1,165,166,18,-1,24,25,0,-1,164,8,163,-1,170,165,19,-1,170,19,22,-1,29,24,0,-1,167,8,164,-1,
  167,164,165,-1,167,165,170,-1,30,27,24,-1,30,24,29,-1,169,170,22,-1,169,22,23,-1,28,29,0,-1,168,8,167,-1,
  174,169,23,-1,174,23,26,-1,33,28,0,-1,171,8,168,-1,171,169,174,-1,171,168,169,-1,34,28,33,-1,34,31,28,-1,
  173,174,26,-1,173,26,27,-1,32,33,0,-1,172,8,171,-1,178,173,27,-1,178,30,31,-1,178,172,173,-1,178,27,30,-1,
  37,32,0,-1,37,35,32,-1,175,172,178,-1,38,35,37,-1,177,178,31,-1,36,37,0,-1,182,31,34,-1,182,34,35,-1,
  182,177,31,-1,69,36,0,-1,179,177,182,-1,179,176,177,-1,70,39,36,-1,70,36,69,-1,181,182,35,-1,68,69,0,-1,
  186,38,39,-1,186,35,38,-1,186,181,35,-1,73,68,0,-1,183,181,186,-1,183,180,181,-1,74,68,73,-1,74,71,68,-1,
  185,39,70,-1,185,186,39,-1,72,73,0,-1,190,70,71,-1,190,185,70,-1,77,75,72,-1,77,72,0,-1,187,185,190,-1,
  187,184,185,-1,78,75,77,-1,189,190,71,-1,76,77,0,-1,194,71,74,-1,194,189,71,-1,81,79,76,-1,81,76,0,-1,
  191,189,194,-1,191,188,189,-1,82,79,81,-1,193,74,75,-1,193,194,74,-1,80,81,0,-1,198,193,75,-1,198,75,78,-1,
  85,80,0,-1,195,193,198,-1,195,192,193,-1,86,80,85,-1,86,83,80,-1,197,79,82,-1,197,198,78,-1,197,78,79,-1,
  84,85,0,-1,202,197,82,-1,89,84,0,-1,199,197,202,-1,199,196,197,-1,90,84,89,-1,90,87,84,-1,201,202,82,-1,
  201,82,83,-1,88,89,0,-1,206,83,86,-1,206,201,83,-1,93,88,0,-1,203,201,206,-1,203,200,201,-1,94,88,93,-1,
  94,91,88,-1,205,206,86,-1,205,86,87,-1,92,93,0,-1,210,87,90,-1,210,205,87,-1,210,90,91,-1,207,204,205,-1,
  207,205,210,-1,98,92,97,-1,98,95,92,-1,209,210,91,-1,214,91,94,-1,214,209,91,-1,211,208,209,-1,211,209,214,-1,
  102,96,101,-1,102,99,96,-1,213,214,94,-1,213,94,95,-1,218,95,98,-1,218,213,95,-1,218,98,99,-1,215,212,213,-1,
  215,213,218,-1,106,100,105,-1,106,103,100,-1,217,218,99,-1,222,217,99,-1,222,99,102,-1,219,217,222,-1,219,216,217,-1,
  110,107,104,-1,110,104,109,-1,221,102,103,-1,221,222,102,-1,226,103,106,-1,226,221,103,-1,223,220,221,-1,223,221,226,-1,
  114,111,108,-1,114,108,113,-1,225,106,107,-1,225,226,106,-1,230,110,111,-1,230,107,110,-1,230,225,107,-1,227,224,225,-1,
  227,225,230,-1,118,115,112,-1,118,112,117,-1,229,230,111,-1,234,111,114,-1,234,229,111,-1,231,228,229,-1,231,229,234,-1,
  122,119,116,-1,122,116,121,-1,233,114,115,-1,233,234,114,-1,238,233,115,-1,238,115,118,-1,235,232,233,-1,235,233,238,-1,
  126,123,120,-1,126,120,125,-1,237,118,119,-1,237,238,118,-1,242,237,119,-1,242,119,122,-1,239,236,237,-1,239,237,242,-1,
  130,127,124,-1,130,124,129,-1,241,122,123,-1,241,242,122,-1,246,123,126,-1,246,241,123,-1,243,241,246,-1,243,240,241,-1,
  134,128,133,-1,134,131,128,-1,245,246,126,-1,245,126,127,-1,250,245,127,-1,250,130,131,-1,250,127,130,-1,137,135,132,-1,
  247,245,250,-1,247,244,245,-1,138,135,137,-1,249,250,131,-1,254,131,134,-1,254,134,135,-1,254,249,131,-1,251,249,254,-1,
  251,248,249,-1,142,136,141,-1,142,139,136,-1,253,254,135,-1,258,135,138,-1,258,253,135,-1,258,252,253,-1,145,143,140,-1,
  255,252,258,-1,146,143,145,-1,257,258,138,-1,257,138,139,-1,262,139,142,-1,262,142,143,-1,262,257,139,-1,259,256,257,-1,
  259,257,262,-1,150,147,144,-1,150,144,149,-1,2,100,101,-1,2,105,100,-1,2,104,105,-1,2,108,109,-1,2,109,104,-1,
  2,112,113,-1,2,133,128,-1,2,116,117,-1,2,120,121,-1,2,137,132,-1,2,124,125,-1,2,128,129,-1,2,113,108,-1,
  2,132,133,-1,2,136,137,-1,2,141,136,-1,2,140,141,-1,2,144,145,-1,2,117,112,-1,2,92,0,-1,2,145,140,-1,
  2,121,116,-1,2,97,92,-1,2,149,144,-1,2,125,120,-1,2,101,96,-1,2,129,124,-1,2,96,97,-1,261,262,143,-1,
  148,149,2,-1,266,146,147,-1,266,261,143,-1,266,260,261,-1,266,143,146,-1,263,260,266,-1,3,150,151,-1,265,266,147,-1,
  270,265,147,-1,270,264,265,-1,270,147,150,-1,267,264,270,-1,6,270,150,-1,6,150,3,-1,269,270,6,-1,5,3,4,-1,
  5,6,3,-1,7,264,267,-1,7,255,256,-1,7,259,260,-1,7,263,264,-1,7,267,268,-1,7,256,259,-1,7,260,263,-1,
  1,0,13,-1,1,13,14,-1,2,3,151,-1,2,151,148,-1,6,7,268,-1,6,268,269,-1,7,8,172,-1,7,172,175,-1,
  7,175,176,-1,7,176,179,-1,7,179,180,-1,7,180,183,-1,7,183,184,-1,7,184,187,-1,7,187,188,-1,7,188,191,-1,
  7,191,192,-1,7,192,195,-1,7,195,196,-1,7,196,199,-1,7,199,200,-1,7,200,203,-1,7,203,204,-1,7,204,207,-1,
  7,207,208,-1,7,208,211,-1,7,211,212,-1,7,212,215,-1,7,215,216,-1,7,216,219,-1,7,219,220,-1,7,220,223,-1,
  7,223,224,-1,7,224,227,-1,7,227,228,-1,7,228,231,-1,7,231,232,-1,7,232,235,-1,7,235,236,-1,7,236,239,-1,
  7,239,240,-1,7,240,243,-1,7,243,244,-1,7,244,247,-1,7,247,248,-1,7,248,251,-1,7,251,252,-1,7,252,255,-1,
  8,9,162,-1,8,162,159,-1,14,15,67,-1,14,67,41,-1,40,42,51,-1,153,152,161,-1,154,155,156,-1,161,162,158,-1,
  161,158,153,-1]
  normalPerVertex TRUE
  normal DEF NORM_9 Normal { vector [
  0 1 0,0 1 0,
  0 1 0,0 1 0,
  0 1 0,0 1 0,
  0 1 0,0 1 0,
  0 1 0,0 1 0,
  0 1 0,0 1 0,
  0 1 0,0 1 0,
  0 1 0,0 1 0,
  0 1 0,0 1 0,
  0 1 0,0 1 0,
  0 1 0,0 1 0,
  0 1 0,0 1 0,
  0 1 0,0 1 0,
  0 1 0,0 1 0,
  0 1 0,0 1 0,
  0 1 0,0 1 0,
  0 1 0,0 1 0,
  0 1 0,0 1 0,
  0 1 0,0 1 0,
  0 1 0,0 1 0,
  0 1 0,0 1 0,
  0 1 0,0 1 0,
  0 1 0,0 1 0,
  0 1 0,0 1 0,
  0 1 0,0 1 0,
  0 1 0,0 1 0,
  0 1 0,0 1 0,
  0 1 0,0 1 0,
  0 1 0,0 1 0,
  0 1 0,0 1 0,
  0 1 0,0 1 0,
  0 1 0,0 1 0,
  0 1 0,0 1 0,
  0 1 0,0 1 0,
  0 1 0,0 1 0,
  0 1 0,0 1 0,
  0 1 0,0 1 0,
  0 1 0,0 1 0,
  0 1 0,0 1 0,
  0 1 0,0 1 0,
  0 1 0,0 1 0,
  0 1 0,0 1 0,
  0 1 0,0 1 0,
  0 1 0,0 1 0,
  0 1 0,0 1 0,
  0 1 0,0 1 0,
  0 1 0,0 1 0,
  0 1 0,0 1 0,
  0 1 0,0 1 0,
  0 1 0,0 1 0,
  0 1 0,0 1 0,
  0 1 0,0 1 0,
  0 1 0,0 1 0,
  0 1 0,0 1 0,
  0 1 0,0 1 0,
  0 1 0,0 1 0,
  0 1 0,0 1 0,
  0 1 0,0 1 0,
  0 1 0,0 1 0,
  0 1 0,0 1 0,
  0 1 0,0 1 0,
  0 1 0,0 1 0,
  0 1 0,0 1 0,
  0 1 0,0 1 0,
  0 1 0,0 1 0,
  0 1 0,0 1 0,
  0 1 0,0 1 0,
  0 1 0,0 1 0,
  0 1 0,0 1 0,
  0 1 0,0 1 0,
  0 1 0,0 1 0,
  0 1 0,0 1 0,
  0 1 0,0 1 0,
  0 1 0,0 1 0,
  0 1 0,0 1 0,
  0 1 0,0 1 0,
  0 1 0,0 1 0,
  0 1 0,0 1 0,
  0 1 0,0 1 0,
  0 1 0,0 1 0,
  0 1 0,0 1 0,
  0 1 0,0 1 0,
  0 1 0,0 1 0,
  0 1 0,0 1 0,
  0 1 0,0 1 0,
  0 1 0,0 1 0,
  0 1 0,0 1 0,
  0 1 0,0 1 0,
  0 1 0,0 1 0,
  0 1 0,0 1 0,
  0 1 0,0 1 0,
  0 1 0,0 1 0,
  0 1 0,0 1 0,
  0 1 0,0 1 0,
  0 1 0,0 1 0,
  0 1 0,0 1 0,
  0 1 0,0 1 0,
  0 1 0,0 1 0,
  0 1 0,0 1 0,
  0 1 0,0 1 0,
  0 1 0,0 1 0,
  0 1 0,0 1 0,
  0 1 0,0 1 0,
  0 1 0,0 1 0,
  0 1 0,0 1 0,
  0 1 0,0 1 0,
  0 1 0,0 1 0,
  0 1 0,0 1 0,
  0 1 0,0 1 0,
  0 1 0,0 1 0,
  0 1 0,0 1 0,
  0 1 0,0 1 0,
  0 1 0,0 1 0,
  0 1 0,0 1 0,
  0 1 0,0 1 0,
  0 1 0,0 1 0,
  0 1 0,0 1 0,
  0 1 0,0 1 0,
  0 1 0,0 1 0,
  0 1 0,0 1 0,
  0 1 0,0 1 0,
  0 1 0,0 1 0,
  0 1 0,0 1 0,
  0 1 0,0 1 0,
  0 1 0,0 1 0,
  0 1 0,0 1 0,
  0 1 0,0 1 0,
  0 1 0,0 1 0,
  0 1 0,0 1 0,
  0 1 0,0 1 0,
  0 1 0,0 1 0,
  0 1 0,0 1 0,
  0 1 0,0 1 0,
  0 1 0,0 1 0,
  0 1 0,0 1 0,
  0 1 0] }
}
}
DEF SHAPE_10 Shape {
 appearance USE APP_1
 geometry DEF FACE_10 IndexedFaceSet {
  coord DEF COORD_10 Coordinate { point [
  10.606566 15.5 -0.2,10.606566 15.5 0,
  10.841489 15.664495 -0.2,10.813825 15.610202 -0.2,
  10.773849 15.564214 -0.2,10.723934 15.529263 -0.2,
  10.667046 15.507426 -0.2,10.841489 15.664495 0,
  10.667046 15.507426 0,10.723934 15.529263 0,
  10.773849 15.564214 0,10.813825 15.610202 0] }
 coordIndex [
  8,0,1,-1,8,5,6,-1,8,6,0,-1,9,4,5,-1,9,5,8,-1,10,3,4,-1,10,4,9,-1,11,2,3,-1,
  11,3,10,-1,7,2,11,-1]
  normalPerVertex TRUE
  normal DEF NORM_10 Normal { vector [
  -0.12186934 0.99254615 0,-0.12186934 0.99254615 0,
  -0.89100652 0.4539905 0,-0.80547647 0.59262776 0,
  -0.63818075 0.76988657 0,-0.43297163 0.90140755 0,
  -0.2419219 0.97029573 0,-0.89100652 0.4539905 0,
  -0.2419219 0.97029573 0,-0.50518606 0.86301045 0,
  -0.698961 0.71515979 0,-0.85121168 0.52482251 0] }
}
}
DEF SHAPE_11 Shape {
 appearance USE APP_1
 geometry DEF FACE_11 IndexedFaceSet {
  coord DEF COORD_11 Coordinate { point [
  10.841489 15.664495 0,11 16.1 0,
  11 16.1 -0.2,10.841489 15.664495 -0.2] }
 coordIndex [
  0,1,2,-1,0,2,3,-1]
  normalPerVertex TRUE
  normal DEF NORM_11 Normal { vector [
  -0.93969262 0.34202014 0,-0.93969262 0.34202014 0,
  -0.93969262 0.34202014 0,-0.93969262 0.34202014 0] }
}
}
DEF SHAPE_12 Shape {
 appearance USE APP_1
 geometry DEF FACE_12 IndexedFaceSet {
  coord DEF COORD_12 Coordinate { point [
  11 16.1 0,11.5 16.1 0,
  11.5 16.1 -0.2,11 16.1 -0.2] }
 coordIndex [
  0,1,2,-1,0,2,3,-1]
  normalPerVertex TRUE
  normal DEF NORM_12 Normal { vector [
  0 1 0,0 1 0,
  0 1 0,0 1 0] }
}
}
DEF SHAPE_13 Shape {
 appearance USE APP_1
 geometry DEF FACE_13 IndexedFaceSet {
  coord DEF COORD_13 Coordinate { point [
  11.5 13.5 -28.4,11.5 13.5 0,
  11.5 16.1 -28.4,11.5 16.1 -28.2,
  11.5 15.5 -28.2,11.5 15.5 -0.2,
  11.5 16.1 -0.2,11.5 16.1 0] }
 coordIndex [
  7,1,5,-1,6,7,5,-1,0,5,1,-1,4,5,0,-1,2,3,4,-1,2,4,0,-1]
  normalPerVertex TRUE
  normal DEF NORM_13 Normal { vector [
  1 0 0,1 0 0,
  1 0 0,1 0 0,
  1 0 0,1 0 0,
  1 0 0,1 0 0] }
}
}
DEF SHAPE_14 Shape {
 appearance USE APP_1
 geometry DEF FACE_14 IndexedFaceSet {
  coord DEF COORD_14 Coordinate { point [
  11.84 13.5 0,11.84 13.5 -28.4,
  11.5 13.5 -28.4,11.5 13.5 0] }
 coordIndex [
  1,2,3,-1,1,3,0,-1]
  normalPerVertex TRUE
  normal DEF NORM_14 Normal { vector [
  0 1 0,0 1 0,
  0 1 0,0 1 0] }
}
}
DEF SHAPE_15 Shape {
 appearance USE APP_1
 geometry DEF FACE_15 IndexedFaceSet {
  coord DEF COORD_15 Coordinate { point [
  11.84 13.5 0,11.84 10 0,
  11.84 10 -28.4,11.84 13.5 -28.4] }
 coordIndex [
  2,0,1,-1,2,3,0,-1]
  normalPerVertex TRUE
  normal DEF NORM_15 Normal { vector [
  1 0 0,1 0 0,
  1 0 0,1 0 0] }
}
}
DEF SHAPE_16 Shape {
 appearance USE APP_1
 geometry DEF FACE_16 IndexedFaceSet {
  coord DEF COORD_16 Coordinate { point [
  11.84 10 0,11.84 10 -28.4,
  10.99 10 0,10.99 10 -28.4] }
 coordIndex [
  3,1,0,-1,3,0,2,-1]
  normalPerVertex TRUE
  normal DEF NORM_16 Normal { vector [
  0 -1 0,0 -1 0,
  0 -1 0,0 -1 0] }
}
}
DEF SHAPE_17 Shape {
 appearance USE APP_1
 geometry DEF FACE_17 IndexedFaceSet {
  coord DEF COORD_17 Coordinate { point [
  10.99 10 -28.4,10.856487 10.015043 -28.4,
  10.72967 10.059419 -28.4,10.615906 10.130901 -28.4,
  10.520901 10.225906 -28.4,10.449419 10.33967 -28.4,
  10.405043 10.466487 -28.4,10.39 10.6 -28.4,
  10.99 10 0,10.856487 10.015043 0,
  10.72967 10.059419 0,10.615906 10.130901 0,
  10.520901 10.225906 0,10.449419 10.33967 0,
  10.405043 10.466487 0,10.39 10.6 0] }
 coordIndex [
  0,8,9,-1,1,9,10,-1,1,0,9,-1,2,10,11,-1,2,1,10,-1,3,2,11,-1,4,11,12,-1,4,12,13,-1,
  4,3,11,-1,5,13,14,-1,5,4,13,-1,6,5,14,-1,7,14,15,-1,7,6,14,-1]
  normalPerVertex TRUE
  normal DEF NORM_17 Normal { vector [
  -0.11196448 -0.99371221 0,-0.25895436 -0.96588956 0,
  -0.46739248 -0.88404993 0,-0.6234898 -0.78183148 0,
  -0.78183148 -0.6234898 0,-0.91661827 -0.39976362 0,
  -0.97492791 -0.22252093 0,-0.99371221 -0.11196448 0,
  -0.11196448 -0.99371221 0,-0.18577396 -0.98259251 0,
  -0.39976362 -0.91661827 0,-0.6234898 -0.78183148 0,
  -0.78183148 -0.6234898 0,-0.88404993 -0.46739248 0,
  -0.97492791 -0.22252093 0,-0.99371221 -0.11196448 0] }
}
}
DEF SHAPE_18 Shape {
 appearance USE APP_1
 geometry DEF FACE_18 IndexedFaceSet {
  coord DEF COORD_18 Coordinate { point [
  10.39 12.95 -28.4,10.39 12.95 0,
  10.39 10.6 0,10.39 10.6 -28.4,
  10.39 10.769445 -8.4125,10.39 12.030555 -8.4125,
  10.39 12.030555 -8.9875,10.39 10.769445 -8.9875,
  10.39 10.769445 -7.4125,10.39 12.030555 -7.4125,
  10.39 12.030555 -7.9875,10.39 10.769445 -7.9875,
  10.39 10.769445 -6.4125,10.39 12.030555 -6.4125,
  10.39 12.030555 -6.9875,10.39 10.769445 -6.9875,
  10.39 12.030555 -5.4125,10.39 10.769445 -5.4125,
  10.39 12.030555 -5.9875,10.39 10.769445 -5.9875,
  10.39 12.030555 -4.4125,10.39 10.769445 -4.4125,
  10.39 12.030555 -4.9875,10.39 10.769445 -4.9875,
  10.39 12.030555 -3.4125,10.39 10.769445 -3.4125,
  10.39 12.030555 -3.9875,10.39 10.769445 -3.9875,
  10.39 12.030555 -2.4125,10.39 10.769445 -2.4125,
  10.39 12.030555 -2.9875,10.39 10.769445 -2.9875,
  10.39 12.030555 -1.4125,10.39 10.769445 -1.4125,
  10.39 12.030555 -1.9875,10.39 10.769445 -1.9875,
  10.39 12.030555 -0.4125,10.39 10.769445 -0.4125,
  10.39 12.030555 -0.9875,10.39 10.769445 -0.9875,
  10.39 10.769445 -27.4125,10.39 12.030555 -27.4125,
  10.39 12.030555 -27.9875,10.39 10.769445 -27.9875,
  10.39 10.769445 -26.4125,10.39 12.030555 -26.4125,
  10.39 12.030555 -26.9875,10.39 10.769445 -26.9875,
  10.39 10.769445 -25.4125,10.39 12.030555 -25.4125,
  10.39 12.030555 -25.9875,10.39 10.769445 -25.9875,
  10.39 10.769445 -24.4125,10.39 12.030555 -24.4125,
  10.39 12.030555 -24.9875,10.39 10.769445 -24.9875,
  10.39 10.769445 -23.4125,10.39 12.030555 -23.4125,
  10.39 12.030555 -23.9875,10.39 10.769445 -23.9875,
  10.39 10.769445 -22.4125,10.39 12.030555 -22.4125,
  10.39 12.030555 -22.9875,10.39 10.769445 -22.9875,
  10.39 10.769445 -21.4125,10.39 12.030555 -21.4125,
  10.39 12.030555 -21.9875,10.39 10.769445 -21.9875,
  10.39 10.769445 -20.4125,10.39 12.030555 -20.4125,
  10.39 12.030555 -20.9875,10.39 10.769445 -20.9875,
  10.39 10.769445 -19.4125,10.39 12.030555 -19.4125,
  10.39 12.030555 -19.9875,10.39 10.769445 -19.9875,
  10.39 10.769445 -18.4125,10.39 12.030555 -18.4125,
  10.39 12.030555 -18.9875,10.39 10.769445 -18.9875,
  10.39 10.769445 -17.4125,10.39 12.030555 -17.4125,
  10.39 12.030555 -17.9875,10.39 10.769445 -17.9875,
  10.39 10.769445 -16.4125,10.39 12.030555 -16.4125,
  10.39 12.030555 -16.9875,10.39 10.769445 -16.9875,
  10.39 10.769445 -15.4125,10.39 12.030555 -15.4125,
  10.39 12.030555 -15.9875,10.39 10.769445 -15.9875,
  10.39 10.769445 -14.4125,10.39 12.030555 -14.4125,
  10.39 12.030555 -14.9875,10.39 10.769445 -14.9875,
  10.39 10.769445 -13.4125,10.39 12.030555 -13.4125,
  10.39 12.030555 -13.9875,10.39 10.769445 -13.9875,
  10.39 10.769445 -12.4125,10.39 12.030555 -12.4125,
  10.39 12.030555 -12.9875,10.39 10.769445 -12.9875,
  10.39 10.769445 -11.4125,10.39 12.030555 -11.4125,
  10.39 12.030555 -11.9875,10.39 10.769445 -11.9875,
  10.39 10.769445 -10.4125,10.39 12.030555 -10.4125,
  10.39 12.030555 -10.9875,10.39 10.769445 -10.9875,
  10.39 10.769445 -9.4125,10.39 12.030555 -9.4125,
  10.39 12.030555 -9.9875,10.39 10.769445 -9.9875] }
 coordIndex [
  41,0,42,-1,46,0,41,-1,3,42,0,-1,43,42,3,-1,45,0,46,-1,40,46,41,-1,40,43,3,-1,50,0,45,-1,
  47,46,40,-1,47,40,3,-1,49,0,50,-1,44,47,3,-1,44,50,45,-1,54,0,49,-1,51,44,3,-1,51,50,44,-1,
  53,0,54,-1,58,0,53,-1,55,54,49,-1,55,49,48,-1,57,0,58,-1,52,58,53,-1,62,0,57,-1,59,58,52,-1,
  61,0,62,-1,66,0,61,-1,63,57,56,-1,63,62,57,-1,65,0,66,-1,70,0,65,-1,67,61,60,-1,67,66,61,-1,
  69,0,70,-1,74,0,69,-1,71,65,64,-1,71,70,65,-1,73,0,74,-1,68,74,69,-1,78,0,73,-1,75,74,68,-1,
  77,0,78,-1,82,0,77,-1,79,73,72,-1,79,78,73,-1,81,0,82,-1,86,0,81,-1,83,82,77,-1,83,77,76,-1,
  85,0,86,-1,90,0,85,-1,87,86,81,-1,87,81,80,-1,89,0,90,-1,94,0,89,-1,91,90,85,-1,91,85,84,-1,
  93,0,94,-1,95,94,89,-1,95,89,88,-1,99,98,93,-1,99,93,92,-1,103,102,97,-1,103,97,96,-1,107,101,100,-1,
  107,106,101,-1,111,105,104,-1,111,110,105,-1,108,114,109,-1,115,114,108,-1,7,113,112,-1,7,6,113,-1,11,5,4,-1,
  11,10,5,-1,8,14,9,-1,15,14,8,-1,19,13,12,-1,19,18,13,-1,23,22,16,-1,23,16,17,-1,27,26,20,-1,
  27,20,21,-1,31,30,24,-1,31,24,25,-1,1,102,101,-1,1,16,22,-1,1,106,105,-1,1,6,5,-1,1,110,109,-1,
  1,10,9,-1,1,20,26,-1,1,114,113,-1,1,14,13,-1,1,18,16,-1,1,24,30,-1,1,22,20,-1,1,26,24,-1,
  1,28,34,-1,1,0,93,-1,1,30,28,-1,1,93,98,-1,1,34,32,-1,1,32,38,-1,1,97,102,-1,1,101,106,-1,
  1,105,110,-1,1,109,114,-1,1,113,6,-1,1,5,10,-1,1,9,14,-1,1,13,18,-1,1,98,97,-1,35,34,28,-1,
  35,28,29,-1,36,1,38,-1,39,32,33,-1,39,38,32,-1,2,39,33,-1,2,35,29,-1,2,33,35,-1,2,36,37,-1,
  2,37,39,-1,2,1,36,-1,2,71,3,-1,71,64,3,-1,64,67,3,-1,67,60,3,-1,60,63,3,-1,63,56,3,-1,
  56,59,3,-1,59,52,3,-1,52,55,3,-1,55,48,3,-1,48,51,3,-1,2,68,71,-1,2,75,68,-1,2,72,75,-1,
  2,79,72,-1,2,76,79,-1,2,83,76,-1,2,80,83,-1,2,87,80,-1,2,84,87,-1,2,91,84,-1,2,88,91,-1,
  2,95,88,-1,2,92,95,-1,2,99,92,-1,2,96,99,-1,2,103,96,-1,2,100,103,-1,2,107,100,-1,2,104,107,-1,
  2,111,104,-1,2,108,111,-1,2,115,108,-1,2,112,115,-1,2,7,112,-1,2,4,7,-1,2,11,4,-1,2,8,11,-1,
  2,15,8,-1,2,12,15,-1,2,19,12,-1,2,17,19,-1,2,23,17,-1,2,21,23,-1,2,27,21,-1,2,25,27,-1,
  2,31,25,-1,2,29,31,-1]
  normalPerVertex TRUE
  normal DEF NORM_18 Normal { vector [
  -1 0 0,-1 0 0,
  -1 0 0,-1 0 0,
  -1 0 0,-1 0 0,
  -1 0 0,-1 0 0,
  -1 0 0,-1 0 0,
  -1 0 0,-1 0 0,
  -1 0 0,-1 0 0,
  -1 0 0,-1 0 0,
  -1 0 0,-1 0 0,
  -1 0 0,-1 0 0,
  -1 0 0,-1 0 0,
  -1 0 0,-1 0 0,
  -1 0 0,-1 0 0,
  -1 0 0,-1 0 0,
  -1 0 0,-1 0 0,
  -1 0 0,-1 0 0,
  -1 0 0,-1 0 0,
  -1 0 0,-1 0 0,
  -1 0 0,-1 0 0,
  -1 0 0,-1 0 0,
  -1 0 0,-1 0 0,
  -1 0 0,-1 0 0,
  -1 0 0,-1 0 0,
  -1 0 0,-1 0 0,
  -1 0 0,-1 0 0,
  -1 0 0,-1 0 0,
  -1 0 0,-1 0 0,
  -1 0 0,-1 0 0,
  -1 0 0,-1 0 0,
  -1 0 0,-1 0 0,
  -1 0 0,-1 0 0,
  -1 0 0,-1 0 0,
  -1 0 0,-1 0 0,
  -1 0 0,-1 0 0,
  -1 0 0,-1 0 0,
  -1 0 0,-1 0 0,
  -1 0 0,-1 0 0,
  -1 0 0,-1 0 0,
  -1 0 0,-1 0 0,
  -1 0 0,-1 0 0,
  -1 0 0,-1 0 0,
  -1 0 0,-1 0 0,
  -1 0 0,-1 0 0,
  -1 0 0,-1 0 0,
  -1 0 0,-1 0 0,
  -1 0 0,-1 0 0,
  -1 0 0,-1 0 0,
  -1 0 0,-1 0 0,
  -1 0 0,-1 0 0,
  -1 0 0,-1 0 0,
  -1 0 0,-1 0 0,
  -1 0 0,-1 0 0,
  -1 0 0,-1 0 0,
  -1 0 0,-1 0 0,
  -1 0 0,-1 0 0,
  -1 0 0,-1 0 0,
  -1 0 0,-1 0 0,
  -1 0 0,-1 0 0] }
}
}
DEF SHAPE_19 Shape {
 appearance USE APP_1
 geometry DEF FACE_19 IndexedFaceSet {
  coord DEF COORD_19 Coordinate { point [
  10.39 12.95 -28.4,10.39 12.95 0,
  9.61 12.95 -28.4,9.61 12.95 0] }
 coordIndex [
  1,2,0,-1,1,3,2,-1]
  normalPerVertex TRUE
  normal DEF NORM_19 Normal { vector [
  0 -1 0,0 -1 0,
  0 -1 0,0 -1 0] }
}
}
DEF SHAPE_20 Shape {
 appearance USE APP_1
 geometry DEF FACE_20 IndexedFaceSet {
  coord DEF COORD_20 Coordinate { point [
  9.61 10.6 -28.4,9.61 10.6 0,
  9.61 12.95 -28.4,9.61 12.95 0,
  9.61 12.030555 -8.4125,9.61 10.769445 -8.4125,
  9.61 12.030555 -8.9875,9.61 10.769445 -8.9875,
  9.61 12.030555 -7.4125,9.61 10.769445 -7.4125,
  9.61 12.030555 -7.9875,9.61 10.769445 -7.9875,
  9.61 12.030555 -6.4125,9.61 10.769445 -6.4125,
  9.61 12.030555 -6.9875,9.61 10.769445 -6.9875,
  9.61 12.030555 -5.4125,9.61 10.769445 -5.4125,
  9.61 12.030555 -5.9875,9.61 10.769445 -5.9875,
  9.61 12.030555 -4.4125,9.61 10.769445 -4.4125,
  9.61 12.030555 -4.9875,9.61 10.769445 -4.9875,
  9.61 12.030555 -3.4125,9.61 10.769445 -3.4125,
  9.61 12.030555 -3.9875,9.61 10.769445 -3.9875,
  9.61 12.030555 -2.4125,9.61 10.769445 -2.4125,
  9.61 12.030555 -2.9875,9.61 10.769445 -2.9875,
  9.61 12.030555 -1.4125,9.61 10.769445 -1.4125,
  9.61 12.030555 -1.9875,9.61 10.769445 -1.9875,
  9.61 12.030555 -0.4125,9.61 10.769445 -0.4125,
  9.61 12.030555 -0.9875,9.61 10.769445 -0.9875,
  9.61 12.030555 -27.4125,9.61 10.769445 -27.4125,
  9.61 12.030555 -27.9875,9.61 10.769445 -27.9875,
  9.61 12.030555 -26.4125,9.61 10.769445 -26.4125,
  9.61 12.030555 -26.9875,9.61 10.769445 -26.9875,
  9.61 12.030555 -25.4125,9.61 10.769445 -25.4125,
  9.61 12.030555 -25.9875,9.61 10.769445 -25.9875,
  9.61 12.030555 -24.4125,9.61 10.769445 -24.4125,
  9.61 12.030555 -24.9875,9.61 10.769445 -24.9875,
  9.61 12.030555 -23.4125,9.61 10.769445 -23.4125,
  9.61 12.030555 -23.9875,9.61 10.769445 -23.9875,
  9.61 12.030555 -22.4125,9.61 10.769445 -22.4125,
  9.61 12.030555 -22.9875,9.61 10.769445 -22.9875,
  9.61 12.030555 -21.4125,9.61 10.769445 -21.4125,
  9.61 12.030555 -21.9875,9.61 10.769445 -21.9875,
  9.61 12.030555 -20.4125,9.61 10.769445 -20.4125,
  9.61 12.030555 -20.9875,9.61 10.769445 -20.9875,
  9.61 12.030555 -19.4125,9.61 10.769445 -19.4125,
  9.61 12.030555 -19.9875,9.61 10.769445 -19.9875,
  9.61 12.030555 -18.4125,9.61 10.769445 -18.4125,
  9.61 12.030555 -18.9875,9.61 10.769445 -18.9875,
  9.61 12.030555 -17.4125,9.61 10.769445 -17.4125,
  9.61 12.030555 -17.9875,9.61 10.769445 -17.9875,
  9.61 12.030555 -16.4125,9.61 10.769445 -16.4125,
  9.61 12.030555 -16.9875,9.61 10.769445 -16.9875,
  9.61 12.030555 -15.4125,9.61 10.769445 -15.4125,
  9.61 12.030555 -15.9875,9.61 10.769445 -15.9875,
  9.61 12.030555 -14.4125,9.61 10.769445 -14.4125,
  9.61 12.030555 -14.9875,9.61 10.769445 -14.9875,
  9.61 12.030555 -13.4125,9.61 10.769445 -13.4125,
  9.61 12.030555 -13.9875,9.61 10.769445 -13.9875,
  9.61 12.030555 -12.4125,9.61 10.769445 -12.4125,
  9.61 12.030555 -12.9875,9.61 10.769445 -12.9875,
  9.61 12.030555 -11.4125,9.61 10.769445 -11.4125,
  9.61 12.030555 -11.9875,9.61 10.769445 -11.9875,
  9.61 12.030555 -10.4125,9.61 10.769445 -10.4125,
  9.61 12.030555 -10.9875,9.61 10.769445 -10.9875,
  9.61 12.030555 -9.4125,9.61 10.769445 -9.4125,
  9.61 12.030555 -9.9875,9.61 10.769445 -9.9875] }
 coordIndex [
  40,42,2,-1,46,40,2,-1,0,2,42,-1,43,0,42,-1,44,46,2,-1,41,0,43,-1,50,44,2,-1,47,40,46,-1,
  47,0,41,-1,47,41,40,-1,48,50,2,-1,45,0,47,-1,45,44,50,-1,54,48,2,-1,51,0,45,-1,51,45,50,-1,
  52,54,2,-1,58,52,2,-1,55,48,54,-1,55,49,48,-1,56,58,2,-1,53,52,58,-1,62,56,2,-1,59,53,58,-1,
  60,62,2,-1,57,56,62,-1,66,60,2,-1,63,57,62,-1,64,66,2,-1,70,64,2,-1,67,61,60,-1,67,60,66,-1,
  68,70,2,-1,74,68,2,-1,71,65,64,-1,71,64,70,-1,72,74,2,-1,69,68,74,-1,78,72,2,-1,75,69,74,-1,
  76,78,2,-1,82,76,2,-1,79,73,72,-1,79,72,78,-1,80,82,2,-1,86,80,2,-1,83,76,82,-1,83,77,76,-1,
  84,86,2,-1,90,84,2,-1,87,80,86,-1,87,81,80,-1,88,90,2,-1,94,88,2,-1,91,84,90,-1,91,85,84,-1,
  92,94,2,-1,95,88,94,-1,95,89,88,-1,99,92,98,-1,99,93,92,-1,103,96,102,-1,103,97,96,-1,107,101,100,-1,
  107,100,106,-1,111,105,104,-1,111,104,110,-1,109,108,114,-1,115,109,114,-1,7,113,112,-1,7,112,6,-1,11,5,4,-1,
  11,4,10,-1,9,8,14,-1,15,9,14,-1,19,13,12,-1,19,12,18,-1,23,16,22,-1,23,17,16,-1,27,20,26,-1,
  27,21,20,-1,31,24,30,-1,31,25,24,-1,3,100,102,-1,3,22,16,-1,3,104,106,-1,3,4,6,-1,3,108,110,-1,
  3,8,10,-1,3,26,20,-1,3,112,114,-1,3,12,14,-1,3,16,18,-1,3,30,24,-1,3,20,22,-1,3,24,26,-1,
  3,34,28,-1,3,92,2,-1,3,28,30,-1,3,98,92,-1,3,32,34,-1,3,38,32,-1,3,102,96,-1,3,106,100,-1,
  3,110,104,-1,3,114,108,-1,3,6,112,-1,3,10,4,-1,3,14,8,-1,3,18,12,-1,3,96,98,-1,35,28,34,-1,
  35,29,28,-1,36,38,3,-1,39,33,32,-1,39,32,38,-1,1,33,39,-1,1,29,35,-1,1,35,33,-1,1,37,36,-1,
  1,39,37,-1,1,36,3,-1,1,0,71,-1,71,0,65,-1,65,0,67,-1,67,0,61,-1,61,0,63,-1,63,0,57,-1,
  57,0,59,-1,59,0,53,-1,53,0,55,-1,55,0,49,-1,49,0,51,-1,1,71,69,-1,1,69,75,-1,1,75,73,-1,
  1,73,79,-1,1,79,77,-1,1,77,83,-1,1,83,81,-1,1,81,87,-1,1,87,85,-1,1,85,91,-1,1,91,89,-1,
  1,89,95,-1,1,95,93,-1,1,93,99,-1,1,99,97,-1,1,97,103,-1,1,103,101,-1,1,101,107,-1,1,107,105,-1,
  1,105,111,-1,1,111,109,-1,1,109,115,-1,1,115,113,-1,1,113,7,-1,1,7,5,-1,1,5,11,-1,1,11,9,-1,
  1,9,15,-1,1,15,13,-1,1,13,19,-1,1,19,17,-1,1,17,23,-1,1,23,21,-1,1,21,27,-1,1,27,25,-1,
  1,25,31,-1,1,31,29,-1]
  normalPerVertex TRUE
  normal DEF NORM_20 Normal { vector [
  1 0 0,1 0 0,
  1 0 0,1 0 0,
  1 0 0,1 0 0,
  1 0 0,1 0 0,
  1 0 0,1 0 0,
  1 0 0,1 0 0,
  1 0 0,1 0 0,
  1 0 0,1 0 0,
  1 0 0,1 0 0,
  1 0 0,1 0 0,
  1 0 0,1 0 0,
  1 0 0,1 0 0,
  1 0 0,1 0 0,
  1 0 0,1 0 0,
  1 0 0,1 0 0,
  1 0 0,1 0 0,
  1 0 0,1 0 0,
  1 0 0,1 0 0,
  1 0 0,1 0 0,
  1 0 0,1 0 0,
  1 0 0,1 0 0,
  1 0 0,1 0 0,
  1 0 0,1 0 0,
  1 0 0,1 0 0,
  1 0 0,1 0 0,
  1 0 0,1 0 0,
  1 0 0,1 0 0,
  1 0 0,1 0 0,
  1 0 0,1 0 0,
  1 0 0,1 0 0,
  1 0 0,1 0 0,
  1 0 0,1 0 0,
  1 0 0,1 0 0,
  1 0 0,1 0 0,
  1 0 0,1 0 0,
  1 0 0,1 0 0,
  1 0 0,1 0 0,
  1 0 0,1 0 0,
  1 0 0,1 0 0,
  1 0 0,1 0 0,
  1 0 0,1 0 0,
  1 0 0,1 0 0,
  1 0 0,1 0 0,
  1 0 0,1 0 0,
  1 0 0,1 0 0,
  1 0 0,1 0 0,
  1 0 0,1 0 0,
  1 0 0,1 0 0,
  1 0 0,1 0 0,
  1 0 0,1 0 0,
  1 0 0,1 0 0,
  1 0 0,1 0 0,
  1 0 0,1 0 0,
  1 0 0,1 0 0,
  1 0 0,1 0 0,
  1 0 0,1 0 0,
  1 0 0,1 0 0,
  1 0 0,1 0 0] }
}
}
DEF SHAPE_21 Shape {
 appearance USE APP_1
 geometry DEF FACE_21 IndexedFaceSet {
  coord DEF COORD_21 Coordinate { point [
  9.01 10 0,9.1652914 10.020445 0,
  9.31 10.080385 0,9.4342641 10.175736 0,
  9.5296152 10.3 0,9.5895555 10.444709 0,
  9.61 10.6 0,9.01 10 -28.4,
  9.1652914 10.020445 -28.4,9.31 10.080385 -28.4,
  9.4342641 10.175736 -28.4,9.5296152 10.3 -28.4,
  9.5895555 10.444709 -28.4,9.61 10.6 -28.4] }
 coordIndex [
  0,7,8,-1,1,8,9,-1,1,0,8,-1,2,1,9,-1,3,9,10,-1,3,10,11,-1,3,2,9,-1,4,3,11,-1,
  5,11,12,-1,5,12,13,-1,5,4,11,-1,6,5,13,-1]
  normalPerVertex TRUE
  normal DEF NORM_21 Normal { vector [
  0.13052619 -0.99144486 0,0.30091828 -0.95364993 0,
  0.5 -0.8660254 0,0.70710678 -0.70710678 0,
  0.8660254 -0.5 0,0.96592583 -0.25881905 0,
  0.99144486 -0.13052619 0,0.13052619 -0.99144486 0,
  0.21622209 -0.9763442 0,0.5 -0.8660254 0,
  0.70710678 -0.70710678 0,0.8660254 -0.5 0,
  0.96592583 -0.25881905 0,0.99144486 -0.13052619 0] }
}
}
DEF SHAPE_22 Shape {
 appearance USE APP_1
 geometry DEF FACE_22 IndexedFaceSet {
  coord DEF COORD_22 Coordinate { point [
  9.01 10 0,8.16 10 0,
  8.16 10 -28.4,9.01 10 -28.4] }
 coordIndex [
  3,0,1,-1,2,3,1,-1]
  normalPerVertex TRUE
  normal DEF NORM_22 Normal { vector [
  0 -1 0,0 -1 0,
  0 -1 0,0 -1 0] }
}
}
DEF SHAPE_23 Shape {
 appearance USE APP_1
 geometry DEF FACE_23 IndexedFaceSet {
  coord DEF COORD_23 Coordinate { point [
  11.5 16.1 -28.4,11.5 16.1 -28.2,
  11 16.1 -28.4,11 16.1 -28.2] }
 coordIndex [
  0,2,3,-1,0,3,1,-1]
  normalPerVertex TRUE
  normal DEF NORM_23 Normal { vector [
  0 1 0,0 1 0,
  0 1 0,0 1 0] }
}
}
DEF SHAPE_24 Shape {
 appearance USE APP_1
 geometry DEF FACE_24 IndexedFaceSet {
  coord DEF COORD_24 Coordinate { point [
  11 16.1 -28.4,10.841489 15.664495 -28.4,
  10.841489 15.664495 -28.2,11 16.1 -28.2] }
 coordIndex [
  0,1,2,-1,0,2,3,-1]
  normalPerVertex TRUE
  normal DEF NORM_24 Normal { vector [
  -0.93969262 0.34202014 0,-0.93969262 0.34202014 0,
  -0.93969262 0.34202014 0,-0.93969262 0.34202014 0] }
}
}
DEF SHAPE_25 Shape {
 appearance USE APP_1
 geometry DEF FACE_25 IndexedFaceSet {
  coord DEF COORD_25 Coordinate { point [
  10.606566 15.5 -28.2,10.667046 15.507426 -28.2,
  10.723934 15.529263 -28.2,10.773849 15.564214 -28.2,
  10.813825 15.610202 -28.2,10.841489 15.664495 -28.2,
  10.606566 15.5 -28.4,10.841489 15.664495 -28.4,
  10.813825 15.610202 -28.4,10.773849 15.564214 -28.4,
  10.723934 15.529263 -28.4,10.667046 15.507426 -28.4] }
 coordIndex [
  8,4,5,-1,8,5,7,-1,9,3,4,-1,9,4,8,-1,10,2,3,-1,10,3,9,-1,11,1,2,-1,11,2,10,-1,
  6,0,1,-1,6,1,11,-1]
  normalPerVertex TRUE
  normal DEF NORM_25 Normal { vector [
  -0.12186934 0.99254615 0,-0.2020403 0.97937721 0,
  -0.43297163 0.90140755 0,-0.63818075 0.76988657 0,
  -0.80547647 0.59262776 0,-0.89100652 0.4539905 0,
  -0.12186934 0.99254615 0,-0.89100652 0.4539905 0,
  -0.85121168 0.52482251 0,-0.698961 0.71515979 0,
  -0.50518606 0.86301045 0,-0.28139875 0.95959092 0] }
}
}
DEF SHAPE_26 Shape {
 appearance USE APP_1
 geometry DEF FACE_26 IndexedFaceSet {
  coord DEF COORD_26 Coordinate { point [
  9.393434 15.5 -28.2,9.393434 15.5 -28.4,
  9.1585109 15.664495 -28.2,9.1861746 15.610202 -28.2,
  9.2261514 15.564214 -28.2,9.2760661 15.529263 -28.2,
  9.3329536 15.507426 -28.2,9.1585109 15.664495 -28.4,
  9.3329536 15.507426 -28.4,9.2760661 15.529263 -28.4,
  9.2261514 15.564214 -28.4,9.1861746 15.610202 -28.4] }
 coordIndex [
  8,0,1,-1,8,5,6,-1,8,6,0,-1,9,4,5,-1,9,5,8,-1,10,3,4,-1,10,4,9,-1,11,2,3,-1,
  11,3,10,-1,7,2,11,-1]
  normalPerVertex TRUE
  normal DEF NORM_26 Normal { vector [
  0.12186934 0.99254615 0,0.12186934 0.99254615 0,
  0.89100652 0.4539905 0,0.80547647 0.59262776 0,
  0.63818075 0.76988657 0,0.43297163 0.90140755 0,
  0.2419219 0.97029573 0,0.89100652 0.4539905 0,
  0.2419219 0.97029573 0,0.50518606 0.86301045 0,
  0.698961 0.71515979 0,0.85121168 0.52482251 0] }
}
}
DEF SHAPE_27 Shape {
 appearance USE APP_1
 geometry DEF FACE_27 IndexedFaceSet {
  coord DEF COORD_27 Coordinate { point [
  9.1585109 15.664495 -28.4,9 16.1 -28.4,
  9 16.1 -28.2,9.1585109 15.664495 -28.2] }
 coordIndex [
  0,1,2,-1,0,2,3,-1]
  normalPerVertex TRUE
  normal DEF NORM_27 Normal { vector [
  0.93969262 0.34202014 0,0.93969262 0.34202014 0,
  0.93969262 0.34202014 0,0.93969262 0.34202014 0] }
}
}
DEF SHAPE_28 Shape {
 appearance USE APP_1
 geometry DEF FACE_28 IndexedFaceSet {
  coord DEF COORD_28 Coordinate { point [
  9 16.1 -28.4,8.5 16.1 -28.4,
  8.5 16.1 -28.2,9 16.1 -28.2] }
 coordIndex [
  0,1,2,-1,0,2,3,-1]
  normalPerVertex TRUE
  normal DEF NORM_28 Normal { vector [
  0 1 0,0 1 0,
  0 1 0,0 1 0] }
}
}
DEF SHAPE_29 Shape {
 appearance USE APP_1
 geometry DEF FACE_29 IndexedFaceSet {
  coord DEF COORD_29 Coordinate { point [
  9.393434 15.5 -28.2,8.5 15.5 -28.2,
  8.5 16.1 -28.2,9 16.1 -28.2,
  9.1585109 15.664495 -28.2,9.1861746 15.610202 -28.2,
  9.2261514 15.564214 -28.2,9.2760661 15.529263 -28.2,
  9.3329536 15.507426 -28.2] }
 coordIndex [
  1,3,2,-1,4,3,1,-1,5,4,1,-1,6,5,1,-1,0,8,1,-1,8,7,1,-1,7,6,1,-1]
  normalPerVertex TRUE
  normal DEF NORM_29 Normal { vector [
  0 0 1,0 0 1,
  0 0 1,0 0 1,
  0 0 1,0 0 1,
  0 0 1,0 0 1,
  0 0 1] }
}
}
DEF SHAPE_30 Shape {
 appearance USE APP_1
 geometry DEF FACE_30 IndexedFaceSet {
  coord DEF COORD_30 Coordinate { point [
  9.393434 15.5 -0.2,8.5 15.5 -0.2,
  9.3329536 15.507426 -0.2,9.2760661 15.529263 -0.2,
  9.2261514 15.564214 -0.2,9.1861746 15.610202 -0.2,
  9.1585109 15.664495 -0.2,9 16.1 -0.2,
  8.5 16.1 -0.2] }
 coordIndex [
  1,5,4,-1,1,6,5,-1,1,7,6,-1,1,8,7,-1,1,2,0,-1,1,3,2,-1,1,4,3,-1]
  normalPerVertex TRUE
  normal DEF NORM_30 Normal { vector [
  0 0 -1,0 0 -1,
  0 0 -1,0 0 -1,
  0 0 -1,0 0 -1,
  0 0 -1,0 0 -1,
  0 0 -1] }
}
}
DEF SHAPE_31 Shape {
 appearance USE APP_1
 geometry DEF FACE_31 IndexedFaceSet {
  coord DEF COORD_31 Coordinate { point [
  11.5 15.5 -0.2,10.606566 15.5 -0.2,
  11.5 16.1 -0.2,11 16.1 -0.2,
  10.841489 15.664495 -0.2,10.813825 15.610202 -0.2,
  10.773849 15.564214 -0.2,10.723934 15.529263 -0.2,
  10.667046 15.507426 -0.2] }
 coordIndex [
  0,3,2,-1,4,3,0,-1,5,4,0,-1,6,5,0,-1,1,8,0,-1,8,7,0,-1,7,6,0,-1]
  normalPerVertex TRUE
  normal DEF NORM_31 Normal { vector [
  0 0 -1,0 0 -1,
  0 0 -1,0 0 -1,
  0 0 -1,0 0 -1,
  0 0 -1,0 0 -1,
  0 0 -1] }
}
}
DEF SHAPE_32 Shape {
 appearance USE APP_1
 geometry DEF FACE_32 IndexedFaceSet {
  coord DEF COORD_32 Coordinate { point [
  11.5 15.5 -28.2,10.606566 15.5 -28.2,
  10.667046 15.507426 -28.2,10.723934 15.529263 -28.2,
  10.773849 15.564214 -28.2,10.813825 15.610202 -28.2,
  10.841489 15.664495 -28.2,11 16.1 -28.2,
  11.5 16.1 -28.2] }
 coordIndex [
  0,5,4,-1,0,6,5,-1,0,7,6,-1,0,8,7,-1,0,2,1,-1,0,3,2,-1,0,4,3,-1]
  normalPerVertex TRUE
  normal DEF NORM_32 Normal { vector [
  0 0 1,0 0 1,
  0 0 1,0 0 1,
  0 0 1,0 0 1,
  0 0 1,0 0 1,
  0 0 1] }
}
}
DEF SHAPE_33 Shape {
 appearance USE APP_1
 geometry DEF FACE_33 IndexedFaceSet {
  coord DEF COORD_33 Coordinate { point [
  11.0335 17.35 -0.58,11.0335 17.35 -0.82,
  11.0335 16.1 -0.58,11.0335 15.5 -0.420625,
  11.0335 15.5 -0.979375,11.0335 16.1 -0.82] }
 coordIndex [
  5,2,3,-1,5,3,4,-1,1,0,2,-1,1,2,5,-1]
  normalPerVertex TRUE
  normal DEF NORM_33 Normal { vector [
  1 0 0,1 0 0,
  1 0 0,1 0 0,
  1 0 0,1 0 0] }
}
}
DEF SHAPE_34 Shape {
 appearance USE APP_1
 geometry DEF FACE_34 IndexedFaceSet {
  coord DEF COORD_34 Coordinate { point [
  10.8765 15.5 -0.979375,10.8765 16.1 -0.82,
  11.0335 16.1 -0.82,11.0335 15.5 -0.979375] }
 coordIndex [
  1,3,0,-1,2,3,1,-1]
  normalPerVertex TRUE
  normal DEF NORM_34 Normal { vector [
  0 0.25672261 -0.96648513,0 0.25672261 -0.96648513,
  0 0.25672261 -0.96648513,0 0.25672261 -0.96648513] }
}
}
DEF SHAPE_35 Shape {
 appearance USE APP_1
 geometry DEF FACE_35 IndexedFaceSet {
  coord DEF COORD_35 Coordinate { point [
  11.0335 16.1 -0.58,11.0335 15.5 -0.420625,
  10.8765 16.1 -0.58,10.8765 15.5 -0.420625] }
 coordIndex [
  1,0,2,-1,1,2,3,-1]
  normalPerVertex TRUE
  normal DEF NORM_35 Normal { vector [
  0 0.25672261 0.96648513,0 0.25672261 0.96648513,
  0 0.25672261 0.96648513,0 0.25672261 0.96648513] }
}
}
DEF SHAPE_36 Shape {
 appearance USE APP_1
 geometry DEF FACE_36 IndexedFaceSet {
  coord DEF COORD_36 Coordinate { point [
  10.8765 17.35 -0.82,10.8765 17.35 -0.58,
  10.8765 16.1 -0.82,10.8765 15.5 -0.979375,
  10.8765 15.5 -0.420625,10.8765 16.1 -0.58] }
 coordIndex [
  2,3,4,-1,5,2,4,-1,0,2,5,-1,1,0,5,-1]
  normalPerVertex TRUE
  normal DEF NORM_36 Normal { vector [
  -1 0 0,-1 0 0,
  -1 0 0,-1 0 0,
  -1 0 0,-1 0 0] }
}
}
DEF SHAPE_37 Shape {
 appearance USE APP_1
 geometry DEF FACE_37 IndexedFaceSet {
  coord DEF COORD_37 Coordinate { point [
  11.0335 17.35 -1.58,11.0335 17.35 -1.82,
  11.0335 16.1 -1.58,11.0335 15.5 -1.420625,
  11.0335 15.5 -1.979375,11.0335 16.1 -1.82] }
 coordIndex [
  5,2,3,-1,5,3,4,-1,1,0,2,-1,1,2,5,-1]
  normalPerVertex TRUE
  normal DEF NORM_37 Normal { vector [
  1 0 0,1 0 0,
  1 0 0,1 0 0,
  1 0 0,1 0 0] }
}
}
DEF SHAPE_38 Shape {
 appearance USE APP_1
 geometry DEF FACE_38 IndexedFaceSet {
  coord DEF COORD_38 Coordinate { point [
  10.8765 15.5 -1.979375,11.0335 15.5 -1.979375,
  10.8765 16.1 -1.82,11.0335 16.1 -1.82] }
 coordIndex [
  3,1,0,-1,3,0,2,-1]
  normalPerVertex TRUE
  normal DEF NORM_38 Normal { vector [
  0 0.25672261 -0.96648513,0 0.25672261 -0.96648513,
  0 0.25672261 -0.96648513,0 0.25672261 -0.96648513] }
}
}
DEF SHAPE_39 Shape {
 appearance USE APP_1
 geometry DEF FACE_39 IndexedFaceSet {
  coord DEF COORD_39 Coordinate { point [
  10.8765 16.1 -1.58,11.0335 16.1 -1.58,
  10.8765 15.5 -1.420625,11.0335 15.5 -1.420625] }
 coordIndex [
  3,1,0,-1,3,0,2,-1]
  normalPerVertex TRUE
  normal DEF NORM_39 Normal { vector [
  0 0.25672261 0.96648513,0 0.25672261 0.96648513,
  0 0.25672261 0.96648513,0 0.25672261 0.96648513] }
}
}
DEF SHAPE_40 Shape {
 appearance USE APP_1
 geometry DEF FACE_40 IndexedFaceSet {
  coord DEF COORD_40 Coordinate { point [
  10.8765 16.1 -1.58,10.8765 15.5 -1.420625,
  10.8765 17.35 -1.58,10.8765 17.35 -1.82,
  10.8765 16.1 -1.82,10.8765 15.5 -1.979375] }
 coordIndex [
  4,5,1,-1,0,4,1,-1,3,4,0,-1,2,3,0,-1]
  normalPerVertex TRUE
  normal DEF NORM_40 Normal { vector [
  -1 0 0,-1 0 0,
  -1 0 0,-1 0 0,
  -1 0 0,-1 0 0] }
}
}
DEF SHAPE_41 Shape {
 appearance USE APP_1
 geometry DEF FACE_41 IndexedFaceSet {
  coord DEF COORD_41 Coordinate { point [
  11.0335 17.35 -2.58,11.0335 17.35 -2.82,
  11.0335 16.1 -2.58,11.0335 15.5 -2.420625,
  11.0335 15.5 -2.979375,11.0335 16.1 -2.82] }
 coordIndex [
  5,2,3,-1,5,3,4,-1,1,0,2,-1,1,2,5,-1]
  normalPerVertex TRUE
  normal DEF NORM_41 Normal { vector [
  1 0 0,1 0 0,
  1 0 0,1 0 0,
  1 0 0,1 0 0] }
}
}
DEF SHAPE_42 Shape {
 appearance USE APP_1
 geometry DEF FACE_42 IndexedFaceSet {
  coord DEF COORD_42 Coordinate { point [
  10.8765 15.5 -2.979375,11.0335 15.5 -2.979375,
  10.8765 16.1 -2.82,11.0335 16.1 -2.82] }
 coordIndex [
  2,1,0,-1,3,1,2,-1]
  normalPerVertex TRUE
  normal DEF NORM_42 Normal { vector [
  0 0.25672261 -0.96648513,0 0.25672261 -0.96648513,
  0 0.25672261 -0.96648513,0 0.25672261 -0.96648513] }
}
}
DEF SHAPE_43 Shape {
 appearance USE APP_1
 geometry DEF FACE_43 IndexedFaceSet {
  coord DEF COORD_43 Coordinate { point [
  10.8765 16.1 -2.58,11.0335 16.1 -2.58,
  10.8765 15.5 -2.420625,11.0335 15.5 -2.420625] }
 coordIndex [
  2,1,0,-1,3,1,2,-1]
  normalPerVertex TRUE
  normal DEF NORM_43 Normal { vector [
  0 0.25672261 0.96648513,0 0.25672261 0.96648513,
  0 0.25672261 0.96648513,0 0.25672261 0.96648513] }
}
}
DEF SHAPE_44 Shape {
 appearance USE APP_1
 geometry DEF FACE_44 IndexedFaceSet {
  coord DEF COORD_44 Coordinate { point [
  10.8765 16.1 -2.58,10.8765 15.5 -2.420625,
  10.8765 17.35 -2.58,10.8765 17.35 -2.82,
  10.8765 16.1 -2.82,10.8765 15.5 -2.979375] }
 coordIndex [
  4,5,1,-1,0,4,1,-1,3,4,0,-1,2,3,0,-1]
  normalPerVertex TRUE
  normal DEF NORM_44 Normal { vector [
  -1 0 0,-1 0 0,
  -1 0 0,-1 0 0,
  -1 0 0,-1 0 0] }
}
}
DEF SHAPE_45 Shape {
 appearance USE APP_1
 geometry DEF FACE_45 IndexedFaceSet {
  coord DEF COORD_45 Coordinate { point [
  11.0335 17.35 -3.58,11.0335 17.35 -3.82,
  11.0335 16.1 -3.58,11.0335 15.5 -3.420625,
  11.0335 15.5 -3.979375,11.0335 16.1 -3.82] }
 coordIndex [
  5,2,3,-1,5,3,4,-1,1,0,2,-1,1,2,5,-1]
  normalPerVertex TRUE
  normal DEF NORM_45 Normal { vector [
  1 0 0,1 0 0,
  1 0 0,1 0 0,
  1 0 0,1 0 0] }
}
}
DEF SHAPE_46 Shape {
 appearance USE APP_1
 geometry DEF FACE_46 IndexedFaceSet {
  coord DEF COORD_46 Coordinate { point [
  10.8765 15.5 -3.979375,11.0335 15.5 -3.979375,
  10.8765 16.1 -3.82,11.0335 16.1 -3.82] }
 coordIndex [
  3,1,0,-1,3,0,2,-1]
  normalPerVertex TRUE
  normal DEF NORM_46 Normal { vector [
  0 0.25672261 -0.96648513,0 0.25672261 -0.96648513,
  0 0.25672261 -0.96648513,0 0.25672261 -0.96648513] }
}
}
DEF SHAPE_47 Shape {
 appearance USE APP_1
 geometry DEF FACE_47 IndexedFaceSet {
  coord DEF COORD_47 Coordinate { point [
  10.8765 16.1 -3.58,11.0335 16.1 -3.58,
  10.8765 15.5 -3.420625,11.0335 15.5 -3.420625] }
 coordIndex [
  3,1,0,-1,3,0,2,-1]
  normalPerVertex TRUE
  normal DEF NORM_47 Normal { vector [
  0 0.25672261 0.96648513,0 0.25672261 0.96648513,
  0 0.25672261 0.96648513,0 0.25672261 0.96648513] }
}
}
DEF SHAPE_48 Shape {
 appearance USE APP_1
 geometry DEF FACE_48 IndexedFaceSet {
  coord DEF COORD_48 Coordinate { point [
  10.8765 16.1 -3.58,10.8765 15.5 -3.420625,
  10.8765 17.35 -3.58,10.8765 17.35 -3.82,
  10.8765 16.1 -3.82,10.8765 15.5 -3.979375] }
 coordIndex [
  4,5,1,-1,0,4,1,-1,3,4,0,-1,2,3,0,-1]
  normalPerVertex TRUE
  normal DEF NORM_48 Normal { vector [
  -1 0 0,-1 0 0,
  -1 0 0,-1 0 0,
  -1 0 0,-1 0 0] }
}
}
DEF SHAPE_49 Shape {
 appearance USE APP_1
 geometry DEF FACE_49 IndexedFaceSet {
  coord DEF COORD_49 Coordinate { point [
  11.0335 17.35 -4.58,11.0335 17.35 -4.82,
  11.0335 16.1 -4.58,11.0335 15.5 -4.420625,
  11.0335 15.5 -4.979375,11.0335 16.1 -4.82] }
 coordIndex [
  5,2,3,-1,5,3,4,-1,1,0,2,-1,1,2,5,-1]
  normalPerVertex TRUE
  normal DEF NORM_49 Normal { vector [
  1 0 0,1 0 0,
  1 0 0,1 0 0,
  1 0 0,1 0 0] }
}
}
DEF SHAPE_50 Shape {
 appearance USE APP_1
 geometry DEF FACE_50 IndexedFaceSet {
  coord DEF COORD_50 Coordinate { point [
  10.8765 15.5 -4.979375,11.0335 15.5 -4.979375,
  10.8765 16.1 -4.82,11.0335 16.1 -4.82] }
 coordIndex [
  2,1,0,-1,3,1,2,-1]
  normalPerVertex TRUE
  normal DEF NORM_50 Normal { vector [
  0 0.25672261 -0.96648513,0 0.25672261 -0.96648513,
  0 0.25672261 -0.96648513,0 0.25672261 -0.96648513] }
}
}
DEF SHAPE_51 Shape {
 appearance USE APP_1
 geometry DEF FACE_51 IndexedFaceSet {
  coord DEF COORD_51 Coordinate { point [
  10.8765 16.1 -4.58,11.0335 16.1 -4.58,
  10.8765 15.5 -4.420625,11.0335 15.5 -4.420625] }
 coordIndex [
  2,1,0,-1,3,1,2,-1]
  normalPerVertex TRUE
  normal DEF NORM_51 Normal { vector [
  0 0.25672261 0.96648513,0 0.25672261 0.96648513,
  0 0.25672261 0.96648513,0 0.25672261 0.96648513] }
}
}
DEF SHAPE_52 Shape {
 appearance USE APP_1
 geometry DEF FACE_52 IndexedFaceSet {
  coord DEF COORD_52 Coordinate { point [
  10.8765 16.1 -4.58,10.8765 15.5 -4.420625,
  10.8765 17.35 -4.58,10.8765 17.35 -4.82,
  10.8765 16.1 -4.82,10.8765 15.5 -4.979375] }
 coordIndex [
  4,5,1,-1,0,4,1,-1,3,4,0,-1,2,3,0,-1]
  normalPerVertex TRUE
  normal DEF NORM_52 Normal { vector [
  -1 0 0,-1 0 0,
  -1 0 0,-1 0 0,
  -1 0 0,-1 0 0] }
}
}
DEF SHAPE_53 Shape {
 appearance USE APP_1
 geometry DEF FACE_53 IndexedFaceSet {
  coord DEF COORD_53 Coordinate { point [
  11.0335 17.35 -5.58,11.0335 17.35 -5.82,
  11.0335 16.1 -5.58,11.0335 15.5 -5.420625,
  11.0335 15.5 -5.979375,11.0335 16.1 -5.82] }
 coordIndex [
  5,2,3,-1,5,3,4,-1,1,0,2,-1,1,2,5,-1]
  normalPerVertex TRUE
  normal DEF NORM_53 Normal { vector [
  1 0 0,1 0 0,
  1 0 0,1 0 0,
  1 0 0,1 0 0] }
}
}
DEF SHAPE_54 Shape {
 appearance USE APP_1
 geometry DEF FACE_54 IndexedFaceSet {
  coord DEF COORD_54 Coordinate { point [
  10.8765 15.5 -5.979375,11.0335 15.5 -5.979375,
  10.8765 16.1 -5.82,11.0335 16.1 -5.82] }
 coordIndex [
  2,1,0,-1,3,1,2,-1]
  normalPerVertex TRUE
  normal DEF NORM_54 Normal { vector [
  0 0.25672261 -0.96648513,0 0.25672261 -0.96648513,
  0 0.25672261 -0.96648513,0 0.25672261 -0.96648513] }
}
}
DEF SHAPE_55 Shape {
 appearance USE APP_1
 geometry DEF FACE_55 IndexedFaceSet {
  coord DEF COORD_55 Coordinate { point [
  10.8765 16.1 -5.58,11.0335 16.1 -5.58,
  10.8765 15.5 -5.420625,11.0335 15.5 -5.420625] }
 coordIndex [
  3,1,0,-1,3,0,2,-1]
  normalPerVertex TRUE
  normal DEF NORM_55 Normal { vector [
  0 0.25672261 0.96648513,0 0.25672261 0.96648513,
  0 0.25672261 0.96648513,0 0.25672261 0.96648513] }
}
}
DEF SHAPE_56 Shape {
 appearance USE APP_1
 geometry DEF FACE_56 IndexedFaceSet {
  coord DEF COORD_56 Coordinate { point [
  10.8765 16.1 -5.58,10.8765 15.5 -5.420625,
  10.8765 17.35 -5.58,10.8765 17.35 -5.82,
  10.8765 16.1 -5.82,10.8765 15.5 -5.979375] }
 coordIndex [
  4,5,1,-1,0,4,1,-1,3,4,0,-1,2,3,0,-1]
  normalPerVertex TRUE
  normal DEF NORM_56 Normal { vector [
  -1 0 0,-1 0 0,
  -1 0 0,-1 0 0,
  -1 0 0,-1 0 0] }
}
}
DEF SHAPE_57 Shape {
 appearance USE APP_1
 geometry DEF FACE_57 IndexedFaceSet {
  coord DEF COORD_57 Coordinate { point [
  11.0335 17.35 -6.58,11.0335 17.35 -6.82,
  11.0335 16.1 -6.58,11.0335 15.5 -6.420625,
  11.0335 15.5 -6.979375,11.0335 16.1 -6.82] }
 coordIndex [
  2,3,4,-1,5,2,4,-1,1,0,2,-1,1,2,5,-1]
  normalPerVertex TRUE
  normal DEF NORM_57 Normal { vector [
  1 0 0,1 0 0,
  1 0 0,1 0 0,
  1 0 0,1 0 0] }
}
}
DEF SHAPE_58 Shape {
 appearance USE APP_1
 geometry DEF FACE_58 IndexedFaceSet {
  coord DEF COORD_58 Coordinate { point [
  10.8765 15.5 -6.979375,11.0335 15.5 -6.979375,
  10.8765 16.1 -6.82,11.0335 16.1 -6.82] }
 coordIndex [
  2,1,0,-1,3,1,2,-1]
  normalPerVertex TRUE
  normal DEF NORM_58 Normal { vector [
  0 0.25672261 -0.96648513,0 0.25672261 -0.96648513,
  0 0.25672261 -0.96648513,0 0.25672261 -0.96648513] }
}
}
DEF SHAPE_59 Shape {
 appearance USE APP_1
 geometry DEF FACE_59 IndexedFaceSet {
  coord DEF COORD_59 Coordinate { point [
  10.8765 16.1 -6.58,11.0335 16.1 -6.58,
  10.8765 15.5 -6.420625,11.0335 15.5 -6.420625] }
 coordIndex [
  3,1,0,-1,3,0,2,-1]
  normalPerVertex TRUE
  normal DEF NORM_59 Normal { vector [
  0 0.25672261 0.96648513,0 0.25672261 0.96648513,
  0 0.25672261 0.96648513,0 0.25672261 0.96648513] }
}
}
DEF SHAPE_60 Shape {
 appearance USE APP_1
 geometry DEF FACE_60 IndexedFaceSet {
  coord DEF COORD_60 Coordinate { point [
  10.8765 16.1 -6.58,10.8765 15.5 -6.420625,
  10.8765 17.35 -6.58,10.8765 17.35 -6.82,
  10.8765 16.1 -6.82,10.8765 15.5 -6.979375] }
 coordIndex [
  4,5,1,-1,0,4,1,-1,3,4,0,-1,2,3,0,-1]
  normalPerVertex TRUE
  normal DEF NORM_60 Normal { vector [
  -1 0 0,-1 0 0,
  -1 0 0,-1 0 0,
  -1 0 0,-1 0 0] }
}
}
DEF SHAPE_61 Shape {
 appearance USE APP_1
 geometry DEF FACE_61 IndexedFaceSet {
  coord DEF COORD_61 Coordinate { point [
  10.83 15.5 -0.56,10.83 15.55 -0.56,
  10.787447 15.55 -0.56,10.787447 15.5 -0.56] }
 coordIndex [
  1,2,3,-1,1,3,0,-1]
  normalPerVertex TRUE
  normal DEF NORM_61 Normal { vector [
  0 0 1,0 0 1,
  0 0 1,0 0 1] }
}
}
DEF SHAPE_62 Shape {
 appearance USE APP_1
 geometry DEF FACE_62 IndexedFaceSet {
  coord DEF COORD_62 Coordinate { point [
  10.787447 15.5 -0.56,10.787447 15.55 -0.56,
  10.574681 15.55 -0.79333333,10.574681 15.5 -0.79333333] }
 coordIndex [
  1,2,3,-1,1,3,0,-1]
  normalPerVertex TRUE
  normal DEF NORM_62 Normal { vector [
  -0.73892295 0 0.67378993,-0.73892295 0 0.67378993,
  -0.73892295 0 0.67378993,-0.73892295 0 0.67378993] }
}
}
DEF SHAPE_63 Shape {
 appearance USE APP_1
 geometry DEF FACE_63 IndexedFaceSet {
  coord DEF COORD_63 Coordinate { point [
  10.83 15.5 -0.86,10.83 15.55 -0.86,
  10.83 15.55 -0.56,10.83 15.5 -0.56] }
 coordIndex [
  1,2,3,-1,1,3,0,-1]
  normalPerVertex TRUE
  normal DEF NORM_63 Normal { vector [
  1 0 0,1 0 0,
  1 0 0,1 0 0] }
}
}
DEF SHAPE_64 Shape {
 appearance USE APP_1
 geometry DEF FACE_64 IndexedFaceSet {
  coord DEF COORD_64 Coordinate { point [
  10.574681 15.5 -0.79333333,10.574681 15.55 -0.79333333,
  10.540638 15.55 -0.81,10.540638 15.5 -0.81] }
 coordIndex [
  2,3,0,-1,1,2,0,-1]
  normalPerVertex TRUE
  normal DEF NORM_64 Normal { vector [
  -0.43971366 0 0.89813801,-0.43971366 0 0.89813801,
  -0.43971366 0 0.89813801,-0.43971366 0 0.89813801] }
}
}
DEF SHAPE_65 Shape {
 appearance USE APP_1
 geometry DEF FACE_65 IndexedFaceSet {
  coord DEF COORD_65 Coordinate { point [
  10.787447 15.5 -0.86,10.787447 15.55 -0.86,
  10.83 15.55 -0.86,10.83 15.5 -0.86] }
 coordIndex [
  1,2,3,-1,1,3,0,-1]
  normalPerVertex TRUE
  normal DEF NORM_65 Normal { vector [
  0 0 -1,0 0 -1,
  0 0 -1,0 0 -1] }
}
}
DEF SHAPE_66 Shape {
 appearance USE APP_1
 geometry DEF FACE_66 IndexedFaceSet {
  coord DEF COORD_66 Coordinate { point [
  10.540638 15.5 -0.81,10.540638 15.55 -0.81,
  10.523617 15.55 -0.81,10.523617 15.5 -0.81] }
 coordIndex [
  1,2,3,-1,1,3,0,-1]
  normalPerVertex TRUE
  normal DEF NORM_66 Normal { vector [
  0 0 1,0 0 1,
  0 0 1,0 0 1] }
}
}
DEF SHAPE_67 Shape {
 appearance USE APP_1
 geometry DEF FACE_67 IndexedFaceSet {
  coord DEF COORD_67 Coordinate { point [
  10.787447 15.5 -0.62666667,10.787447 15.55 -0.62666667,
  10.787447 15.55 -0.86,10.787447 15.5 -0.86] }
 coordIndex [
  1,2,3,-1,1,3,0,-1]
  normalPerVertex TRUE
  normal DEF NORM_67 Normal { vector [
  -1 0 0,-1 0 0,
  -1 0 0,-1 0 0] }
}
}
DEF SHAPE_68 Shape {
 appearance USE APP_1
 geometry DEF FACE_68 IndexedFaceSet {
  coord DEF COORD_68 Coordinate { point [
  10.523617 15.5 -0.81,10.523617 15.55 -0.81,
  10.498085 15.55 -0.79333333,10.498085 15.5 -0.79333333] }
 coordIndex [
  1,2,3,-1,1,3,0,-1]
  normalPerVertex TRUE
  normal DEF NORM_68 Normal { vector [
  0.54662273 0 0.837379,0.54662273 0 0.837379,
  0.54662273 0 0.837379,0.54662273 0 0.837379] }
}
}
DEF SHAPE_69 Shape {
 appearance USE APP_1
 geometry DEF FACE_69 IndexedFaceSet {
  coord DEF COORD_69 Coordinate { point [
  10.600213 15.5 -0.835,10.600213 15.55 -0.835,
  10.787447 15.55 -0.62666667,10.787447 15.5 -0.62666667] }
 coordIndex [
  1,2,3,-1,1,3,0,-1]
  normalPerVertex TRUE
  normal DEF NORM_69 Normal { vector [
  0.74376609 0 -0.66843998,0.74376609 0 -0.66843998,
  0.74376609 0 -0.66843998,0.74376609 0 -0.66843998] }
}
}
DEF SHAPE_70 Shape {
 appearance USE APP_1
 geometry DEF FACE_70 IndexedFaceSet {
  coord DEF COORD_70 Coordinate { point [
  10.498085 15.5 -0.79333333,10.498085 15.55 -0.79333333,
  10.481064 15.55 -0.76833333,10.481064 15.5 -0.76833333] }
 coordIndex [
  1,2,3,-1,1,3,0,-1]
  normalPerVertex TRUE
  normal DEF NORM_70 Normal { vector [
  0.82659928 0 0.56279093,0.82659928 0 0.56279093,
  0.82659928 0 0.56279093,0.82659928 0 0.56279093] }
}
}
DEF SHAPE_71 Shape {
 appearance USE APP_1
 geometry DEF FACE_71 IndexedFaceSet {
  coord DEF COORD_71 Coordinate { point [
  10.574681 15.5 -0.85166667,10.574681 15.55 -0.85166667,
  10.600213 15.55 -0.835,10.600213 15.5 -0.835] }
 coordIndex [
  1,2,3,-1,1,3,0,-1]
  normalPerVertex TRUE
  normal DEF NORM_71 Normal { vector [
  0.54662273 0 -0.837379,0.54662273 0 -0.837379,
  0.54662273 0 -0.837379,0.54662273 0 -0.837379] }
}
}
DEF SHAPE_72 Shape {
 appearance USE APP_1
 geometry DEF FACE_72 IndexedFaceSet {
  coord DEF COORD_72 Coordinate { point [
  10.481064 15.5 -0.76833333,10.481064 15.55 -0.76833333,
  10.472553 15.55 -0.72666666,10.472553 15.5 -0.72666666] }
 coordIndex [
  1,2,3,-1,1,3,0,-1]
  normalPerVertex TRUE
  normal DEF NORM_72 Normal { vector [
  0.97977071 0 0.20012337,0.97977071 0 0.20012337,
  0.97977071 0 0.20012337,0.97977071 0 0.20012337] }
}
}
DEF SHAPE_73 Shape {
 appearance USE APP_1
 geometry DEF FACE_73 IndexedFaceSet {
  coord DEF COORD_73 Coordinate { point [
  10.540638 15.5 -0.86,10.540638 15.55 -0.86,
  10.574681 15.55 -0.85166667,10.574681 15.5 -0.85166667] }
 coordIndex [
  1,2,3,-1,1,3,0,-1]
  normalPerVertex TRUE
  normal DEF NORM_73 Normal { vector [
  0.23777114 0 -0.97132121,0.23777114 0 -0.97132121,
  0.23777114 0 -0.97132121,0.23777114 0 -0.97132121] }
}
}
DEF SHAPE_74 Shape {
 appearance USE APP_1
 geometry DEF FACE_74 IndexedFaceSet {
  coord DEF COORD_74 Coordinate { point [
  10.472553 15.5 -0.72666666,10.472553 15.55 -0.72666666,
  10.472553 15.55 -0.69333334,10.472553 15.5 -0.69333334] }
 coordIndex [
  1,2,3,-1,1,3,0,-1]
  normalPerVertex TRUE
  normal DEF NORM_74 Normal { vector [
  1 0 0,1 0 0,
  1 0 0,1 0 0] }
}
}
DEF SHAPE_75 Shape {
 appearance USE APP_1
 geometry DEF FACE_75 IndexedFaceSet {
  coord DEF COORD_75 Coordinate { point [
  10.523617 15.5 -0.86,10.523617 15.55 -0.86,
  10.540638 15.55 -0.86,10.540638 15.5 -0.86] }
 coordIndex [
  2,3,0,-1,1,2,0,-1]
  normalPerVertex TRUE
  normal DEF NORM_75 Normal { vector [
  0 0 -1,0 0 -1,
  0 0 -1,0 0 -1] }
}
}
DEF SHAPE_76 Shape {
 appearance USE APP_1
 geometry DEF FACE_76 IndexedFaceSet {
  coord DEF COORD_76 Coordinate { point [
  10.472553 15.5 -0.69333334,10.472553 15.55 -0.69333334,
  10.481064 15.55 -0.65166667,10.481064 15.5 -0.65166667] }
 coordIndex [
  1,2,3,-1,1,3,0,-1]
  normalPerVertex TRUE
  normal DEF NORM_76 Normal { vector [
  0.97977071 0 -0.20012335,0.97977071 0 -0.20012335,
  0.97977071 0 -0.20012335,0.97977071 0 -0.20012335] }
}
}
DEF SHAPE_77 Shape {
 appearance USE APP_1
 geometry DEF FACE_77 IndexedFaceSet {
  coord DEF COORD_77 Coordinate { point [
  10.489574 15.5 -0.85166667,10.489574 15.55 -0.85166667,
  10.523617 15.55 -0.86,10.523617 15.5 -0.86] }
 coordIndex [
  2,3,0,-1,1,2,0,-1]
  normalPerVertex TRUE
  normal DEF NORM_77 Normal { vector [
  -0.23777114 0 -0.97132121,-0.23777114 0 -0.97132121,
  -0.23777114 0 -0.97132121,-0.23777114 0 -0.97132121] }
}
}
DEF SHAPE_78 Shape {
 appearance USE APP_1
 geometry DEF FACE_78 IndexedFaceSet {
  coord DEF COORD_78 Coordinate { point [
  10.481064 15.5 -0.65166667,10.481064 15.55 -0.65166667,
  10.498085 15.55 -0.62666667,10.498085 15.5 -0.62666667] }
 coordIndex [
  1,2,3,-1,1,3,0,-1]
  normalPerVertex TRUE
  normal DEF NORM_78 Normal { vector [
  0.82659928 0 -0.56279093,0.82659928 0 -0.56279093,
  0.82659928 0 -0.56279093,0.82659928 0 -0.56279093] }
}
}
DEF SHAPE_79 Shape {
 appearance USE APP_1
 geometry DEF FACE_79 IndexedFaceSet {
  coord DEF COORD_79 Coordinate { point [
  10.455532 15.5 -0.81833333,10.455532 15.55 -0.81833333,
  10.489574 15.55 -0.85166667,10.489574 15.5 -0.85166667] }
 coordIndex [
  2,3,0,-1,1,2,0,-1]
  normalPerVertex TRUE
  normal DEF NORM_79 Normal { vector [
  -0.69962501 0 -0.71451022,-0.69962501 0 -0.71451022,
  -0.69962501 0 -0.71451022,-0.69962501 0 -0.71451022] }
}
}
DEF SHAPE_80 Shape {
 appearance USE APP_1
 geometry DEF FACE_80 IndexedFaceSet {
  coord DEF COORD_80 Coordinate { point [
  10.498085 15.5 -0.62666667,10.498085 15.55 -0.62666667,
  10.523617 15.55 -0.61,10.523617 15.5 -0.61] }
 coordIndex [
  1,2,3,-1,1,3,0,-1]
  normalPerVertex TRUE
  normal DEF NORM_80 Normal { vector [
  0.54662259 0 -0.83737909,0.54662259 0 -0.83737909,
  0.54662259 0 -0.83737909,0.54662259 0 -0.83737909] }
}
}
DEF SHAPE_81 Shape {
 appearance USE APP_1
 geometry DEF FACE_81 IndexedFaceSet {
  coord DEF COORD_81 Coordinate { point [
  10.438511 15.5 -0.785,10.438511 15.55 -0.785,
  10.455532 15.55 -0.81833333,10.455532 15.5 -0.81833333] }
 coordIndex [
  2,3,0,-1,1,2,0,-1]
  normalPerVertex TRUE
  normal DEF NORM_81 Normal { vector [
  -0.89060524 0 -0.4547772,-0.89060524 0 -0.4547772,
  -0.89060524 0 -0.4547772,-0.89060524 0 -0.4547772] }
}
}
DEF SHAPE_82 Shape {
 appearance USE APP_1
 geometry DEF FACE_82 IndexedFaceSet {
  coord DEF COORD_82 Coordinate { point [
  10.523617 15.5 -0.61,10.523617 15.55 -0.61,
  10.523617 15.55 -0.56833333,10.523617 15.5 -0.56833333] }
 coordIndex [
  1,2,3,-1,1,3,0,-1]
  normalPerVertex TRUE
  normal DEF NORM_82 Normal { vector [
  1 0 0,1 0 0,
  1 0 0,1 0 0] }
}
}
DEF SHAPE_83 Shape {
 appearance USE APP_1
 geometry DEF FACE_83 IndexedFaceSet {
  coord DEF COORD_83 Coordinate { point [
  10.43 15.5 -0.735,10.43 15.55 -0.735,
  10.438511 15.55 -0.785,10.438511 15.5 -0.785] }
 coordIndex [
  1,2,3,-1,1,3,0,-1]
  normalPerVertex TRUE
  normal DEF NORM_83 Normal { vector [
  -0.98582117 0 -0.16779933,-0.98582117 0 -0.16779933,
  -0.98582117 0 -0.16779933,-0.98582117 0 -0.16779933] }
}
}
DEF SHAPE_84 Shape {
 appearance USE APP_1
 geometry DEF FACE_84 IndexedFaceSet {
  coord DEF COORD_84 Coordinate { point [
  10.523617 15.5 -0.56833333,10.523617 15.55 -0.56833333,
  10.489574 15.55 -0.57666667,10.489574 15.5 -0.57666667] }
 coordIndex [
  1,2,3,-1,1,3,0,-1]
  normalPerVertex TRUE
  normal DEF NORM_84 Normal { vector [
  -0.23777136 0 0.97132115,-0.23777136 0 0.97132115,
  -0.23777136 0 0.97132115,-0.23777136 0 0.97132115] }
}
}
DEF SHAPE_85 Shape {
 appearance USE APP_1
 geometry DEF FACE_85 IndexedFaceSet {
  coord DEF COORD_85 Coordinate { point [
  10.43 15.5 -0.70166666,10.43 15.55 -0.70166666,
  10.43 15.55 -0.735,10.43 15.5 -0.735] }
 coordIndex [
  1,2,3,-1,1,3,0,-1]
  normalPerVertex TRUE
  normal DEF NORM_85 Normal { vector [
  -1 0 0,-1 0 0,
  -1 0 0,-1 0 0] }
}
}
DEF SHAPE_86 Shape {
 appearance USE APP_1
 geometry DEF FACE_86 IndexedFaceSet {
  coord DEF COORD_86 Coordinate { point [
  10.489574 15.5 -0.57666667,10.489574 15.55 -0.57666667,
  10.455532 15.55 -0.61,10.455532 15.5 -0.61] }
 coordIndex [
  1,2,3,-1,1,3,0,-1]
  normalPerVertex TRUE
  normal DEF NORM_86 Normal { vector [
  -0.69962483 0 0.71451039,-0.69962483 0 0.71451039,
  -0.69962483 0 0.71451039,-0.69962483 0 0.71451039] }
}
}
DEF SHAPE_87 Shape {
 appearance USE APP_1
 geometry DEF FACE_87 IndexedFaceSet {
  coord DEF COORD_87 Coordinate { point [
  10.438511 15.5 -0.64333333,10.438511 15.55 -0.64333333,
  10.43 15.55 -0.70166666,10.43 15.5 -0.70166666] }
 coordIndex [
  1,2,3,-1,1,3,0,-1]
  normalPerVertex TRUE
  normal DEF NORM_87 Normal { vector [
  -0.98952403 0 0.14436824,-0.98952403 0 0.14436824,
  -0.98952403 0 0.14436824,-0.98952403 0 0.14436824] }
}
}
DEF SHAPE_88 Shape {
 appearance USE APP_1
 geometry DEF FACE_88 IndexedFaceSet {
  coord DEF COORD_88 Coordinate { point [
  10.455532 15.5 -0.61,10.455532 15.55 -0.61,
  10.438511 15.55 -0.64333333,10.438511 15.5 -0.64333333] }
 coordIndex [
  1,2,3,-1,1,3,0,-1]
  normalPerVertex TRUE
  normal DEF NORM_88 Normal { vector [
  -0.89060528 0 0.45477714,-0.89060528 0 0.45477714,
  -0.89060528 0 0.45477714,-0.89060528 0 0.45477714] }
}
}
DEF SHAPE_89 Shape {
 appearance USE APP_1
 geometry DEF FACE_89 IndexedFaceSet {
  coord DEF COORD_89 Coordinate { point [
  11.0335 17.35 -7.58,11.0335 17.35 -7.82,
  11.0335 16.1 -7.58,11.0335 15.5 -7.420625,
  11.0335 15.5 -7.979375,11.0335 16.1 -7.82] }
 coordIndex [
  5,2,3,-1,5,3,4,-1,1,0,2,-1,1,2,5,-1]
  normalPerVertex TRUE
  normal DEF NORM_89 Normal { vector [
  1 0 0,1 0 0,
  1 0 0,1 0 0,
  1 0 0,1 0 0] }
}
}
DEF SHAPE_90 Shape {
 appearance USE APP_1
 geometry DEF FACE_90 IndexedFaceSet {
  coord DEF COORD_90 Coordinate { point [
  10.8765 15.5 -7.979375,11.0335 15.5 -7.979375,
  10.8765 16.1 -7.82,11.0335 16.1 -7.82] }
 coordIndex [
  2,1,0,-1,3,1,2,-1]
  normalPerVertex TRUE
  normal DEF NORM_90 Normal { vector [
  0 0.25672261 -0.96648513,0 0.25672261 -0.96648513,
  0 0.25672261 -0.96648513,0 0.25672261 -0.96648513] }
}
}
DEF SHAPE_91 Shape {
 appearance USE APP_1
 geometry DEF FACE_91 IndexedFaceSet {
  coord DEF COORD_91 Coordinate { point [
  10.8765 16.1 -7.58,11.0335 16.1 -7.58,
  10.8765 15.5 -7.420625,11.0335 15.5 -7.420625] }
 coordIndex [
  3,1,0,-1,3,0,2,-1]
  normalPerVertex TRUE
  normal DEF NORM_91 Normal { vector [
  0 0.25672261 0.96648513,0 0.25672261 0.96648513,
  0 0.25672261 0.96648513,0 0.25672261 0.96648513] }
}
}
DEF SHAPE_92 Shape {
 appearance USE APP_1
 geometry DEF FACE_92 IndexedFaceSet {
  coord DEF COORD_92 Coordinate { point [
  10.8765 16.1 -7.58,10.8765 15.5 -7.420625,
  10.8765 17.35 -7.58,10.8765 17.35 -7.82,
  10.8765 16.1 -7.82,10.8765 15.5 -7.979375] }
 coordIndex [
  4,5,1,-1,0,4,1,-1,3,4,0,-1,2,3,0,-1]
  normalPerVertex TRUE
  normal DEF NORM_92 Normal { vector [
  -1 0 0,-1 0 0,
  -1 0 0,-1 0 0,
  -1 0 0,-1 0 0] }
}
}
DEF SHAPE_93 Shape {
 appearance USE APP_1
 geometry DEF FACE_93 IndexedFaceSet {
  coord DEF COORD_93 Coordinate { point [
  11.0335 17.35 -8.58,11.0335 17.35 -8.82,
  11.0335 16.1 -8.58,11.0335 15.5 -8.420625,
  11.0335 15.5 -8.979375,11.0335 16.1 -8.82] }
 coordIndex [
  5,2,3,-1,5,3,4,-1,1,0,2,-1,1,2,5,-1]
  normalPerVertex TRUE
  normal DEF NORM_93 Normal { vector [
  1 0 0,1 0 0,
  1 0 0,1 0 0,
  1 0 0,1 0 0] }
}
}
DEF SHAPE_94 Shape {
 appearance USE APP_1
 geometry DEF FACE_94 IndexedFaceSet {
  coord DEF COORD_94 Coordinate { point [
  10.8765 15.5 -8.979375,11.0335 15.5 -8.979375,
  10.8765 16.1 -8.82,11.0335 16.1 -8.82] }
 coordIndex [
  3,1,0,-1,3,0,2,-1]
  normalPerVertex TRUE
  normal DEF NORM_94 Normal { vector [
  0 0.25672261 -0.96648513,0 0.25672261 -0.96648513,
  0 0.25672261 -0.96648513,0 0.25672261 -0.96648513] }
}
}
DEF SHAPE_95 Shape {
 appearance USE APP_1
 geometry DEF FACE_95 IndexedFaceSet {
  coord DEF COORD_95 Coordinate { point [
  10.8765 16.1 -8.58,11.0335 16.1 -8.58,
  10.8765 15.5 -8.420625,11.0335 15.5 -8.420625] }
 coordIndex [
  3,1,0,-1,3,0,2,-1]
  normalPerVertex TRUE
  normal DEF NORM_95 Normal { vector [
  0 0.25672261 0.96648513,0 0.25672261 0.96648513,
  0 0.25672261 0.96648513,0 0.25672261 0.96648513] }
}
}
DEF SHAPE_96 Shape {
 appearance USE APP_1
 geometry DEF FACE_96 IndexedFaceSet {
  coord DEF COORD_96 Coordinate { point [
  10.8765 16.1 -8.58,10.8765 15.5 -8.420625,
  10.8765 17.35 -8.58,10.8765 17.35 -8.82,
  10.8765 16.1 -8.82,10.8765 15.5 -8.979375] }
 coordIndex [
  4,5,1,-1,0,4,1,-1,3,4,0,-1,2,3,0,-1]
  normalPerVertex TRUE
  normal DEF NORM_96 Normal { vector [
  -1 0 0,-1 0 0,
  -1 0 0,-1 0 0,
  -1 0 0,-1 0 0] }
}
}
DEF SHAPE_97 Shape {
 appearance USE APP_1
 geometry DEF FACE_97 IndexedFaceSet {
  coord DEF COORD_97 Coordinate { point [
  11.0335 17.35 -9.58,11.0335 17.35 -9.82,
  11.0335 16.1 -9.58,11.0335 15.5 -9.420625,
  11.0335 15.5 -9.979375,11.0335 16.1 -9.82] }
 coordIndex [
  5,2,3,-1,5,3,4,-1,1,0,2,-1,1,2,5,-1]
  normalPerVertex TRUE
  normal DEF NORM_97 Normal { vector [
  1 0 0,1 0 0,
  1 0 0,1 0 0,
  1 0 0,1 0 0] }
}
}
DEF SHAPE_98 Shape {
 appearance USE APP_1
 geometry DEF FACE_98 IndexedFaceSet {
  coord DEF COORD_98 Coordinate { point [
  10.8765 15.5 -9.979375,11.0335 15.5 -9.979375,
  10.8765 16.1 -9.82,11.0335 16.1 -9.82] }
 coordIndex [
  2,1,0,-1,3,1,2,-1]
  normalPerVertex TRUE
  normal DEF NORM_98 Normal { vector [
  0 0.25672261 -0.96648513,0 0.25672261 -0.96648513,
  0 0.25672261 -0.96648513,0 0.25672261 -0.96648513] }
}
}
DEF SHAPE_99 Shape {
 appearance USE APP_1
 geometry DEF FACE_99 IndexedFaceSet {
  coord DEF COORD_99 Coordinate { point [
  10.8765 16.1 -9.58,11.0335 16.1 -9.58,
  10.8765 15.5 -9.420625,11.0335 15.5 -9.420625] }
 coordIndex [
  2,1,0,-1,3,1,2,-1]
  normalPerVertex TRUE
  normal DEF NORM_99 Normal { vector [
  0 0.25672261 0.96648513,0 0.25672261 0.96648513,
  0 0.25672261 0.96648513,0 0.25672261 0.96648513] }
}
}
DEF SHAPE_100 Shape {
 appearance USE APP_1
 geometry DEF FACE_100 IndexedFaceSet {
  coord DEF COORD_100 Coordinate { point [
  10.8765 16.1 -9.58,10.8765 15.5 -9.420625,
  10.8765 17.35 -9.58,10.8765 17.35 -9.82,
  10.8765 16.1 -9.82,10.8765 15.5 -9.979375] }
 coordIndex [
  4,5,1,-1,0,4,1,-1,3,4,0,-1,2,3,0,-1]
  normalPerVertex TRUE
  normal DEF NORM_100 Normal { vector [
  -1 0 0,-1 0 0,
  -1 0 0,-1 0 0,
  -1 0 0,-1 0 0] }
}
}
DEF SHAPE_101 Shape {
 appearance USE APP_1
 geometry DEF FACE_101 IndexedFaceSet {
  coord DEF COORD_101 Coordinate { point [
  11.0335 17.35 -10.58,11.0335 17.35 -10.82,
  11.0335 16.1 -10.58,11.0335 15.5 -10.420625,
  11.0335 15.5 -10.979375,11.0335 16.1 -10.82] }
 coordIndex [
  2,3,4,-1,5,2,4,-1,1,0,2,-1,1,2,5,-1]
  normalPerVertex TRUE
  normal DEF NORM_101 Normal { vector [
  1 0 0,1 0 0,
  1 0 0,1 0 0,
  1 0 0,1 0 0] }
}
}
DEF SHAPE_102 Shape {
 appearance USE APP_1
 geometry DEF FACE_102 IndexedFaceSet {
  coord DEF COORD_102 Coordinate { point [
  10.8765 15.5 -10.979375,11.0335 15.5 -10.979375,
  10.8765 16.1 -10.82,11.0335 16.1 -10.82] }
 coordIndex [
  2,1,0,-1,3,1,2,-1]
  normalPerVertex TRUE
  normal DEF NORM_102 Normal { vector [
  0 0.25672261 -0.96648513,0 0.25672261 -0.96648513,
  0 0.25672261 -0.96648513,0 0.25672261 -0.96648513] }
}
}
DEF SHAPE_103 Shape {
 appearance USE APP_1
 geometry DEF FACE_103 IndexedFaceSet {
  coord DEF COORD_103 Coordinate { point [
  10.8765 16.1 -10.58,11.0335 16.1 -10.58,
  10.8765 15.5 -10.420625,11.0335 15.5 -10.420625] }
 coordIndex [
  2,1,0,-1,3,1,2,-1]
  normalPerVertex TRUE
  normal DEF NORM_103 Normal { vector [
  0 0.25672261 0.96648513,0 0.25672261 0.96648513,
  0 0.25672261 0.96648513,0 0.25672261 0.96648513] }
}
}
DEF SHAPE_104 Shape {
 appearance USE APP_1
 geometry DEF FACE_104 IndexedFaceSet {
  coord DEF COORD_104 Coordinate { point [
  10.8765 16.1 -10.58,10.8765 15.5 -10.420625,
  10.8765 17.35 -10.58,10.8765 17.35 -10.82,
  10.8765 16.1 -10.82,10.8765 15.5 -10.979375] }
 coordIndex [
  4,5,1,-1,0,4,1,-1,3,4,0,-1,2,3,0,-1]
  normalPerVertex TRUE
  normal DEF NORM_104 Normal { vector [
  -1 0 0,-1 0 0,
  -1 0 0,-1 0 0,
  -1 0 0,-1 0 0] }
}
}
DEF SHAPE_105 Shape {
 appearance USE APP_1
 geometry DEF FACE_105 IndexedFaceSet {
  coord DEF COORD_105 Coordinate { point [
  11.0335 17.35 -11.58,11.0335 17.35 -11.82,
  11.0335 16.1 -11.58,11.0335 15.5 -11.420625,
  11.0335 15.5 -11.979375,11.0335 16.1 -11.82] }
 coordIndex [
  5,2,3,-1,5,3,4,-1,1,0,2,-1,1,2,5,-1]
  normalPerVertex TRUE
  normal DEF NORM_105 Normal { vector [
  1 0 0,1 0 0,
  1 0 0,1 0 0,
  1 0 0,1 0 0] }
}
}
DEF SHAPE_106 Shape {
 appearance USE APP_1
 geometry DEF FACE_106 IndexedFaceSet {
  coord DEF COORD_106 Coordinate { point [
  10.8765 15.5 -11.979375,11.0335 15.5 -11.979375,
  10.8765 16.1 -11.82,11.0335 16.1 -11.82] }
 coordIndex [
  2,1,0,-1,3,1,2,-1]
  normalPerVertex TRUE
  normal DEF NORM_106 Normal { vector [
  0 0.25672261 -0.96648513,0 0.25672261 -0.96648513,
  0 0.25672261 -0.96648513,0 0.25672261 -0.96648513] }
}
}
DEF SHAPE_107 Shape {
 appearance USE APP_1
 geometry DEF FACE_107 IndexedFaceSet {
  coord DEF COORD_107 Coordinate { point [
  10.8765 16.1 -11.58,11.0335 16.1 -11.58,
  10.8765 15.5 -11.420625,11.0335 15.5 -11.420625] }
 coordIndex [
  2,1,0,-1,3,1,2,-1]
  normalPerVertex TRUE
  normal DEF NORM_107 Normal { vector [
  0 0.25672261 0.96648513,0 0.25672261 0.96648513,
  0 0.25672261 0.96648513,0 0.25672261 0.96648513] }
}
}
DEF SHAPE_108 Shape {
 appearance USE APP_1
 geometry DEF FACE_108 IndexedFaceSet {
  coord DEF COORD_108 Coordinate { point [
  10.8765 16.1 -11.58,10.8765 15.5 -11.420625,
  10.8765 17.35 -11.58,10.8765 17.35 -11.82,
  10.8765 16.1 -11.82,10.8765 15.5 -11.979375] }
 coordIndex [
  4,5,1,-1,0,4,1,-1,3,4,0,-1,2,3,0,-1]
  normalPerVertex TRUE
  normal DEF NORM_108 Normal { vector [
  -1 0 0,-1 0 0,
  -1 0 0,-1 0 0,
  -1 0 0,-1 0 0] }
}
}
DEF SHAPE_109 Shape {
 appearance USE APP_1
 geometry DEF FACE_109 IndexedFaceSet {
  coord DEF COORD_109 Coordinate { point [
  11.0335 17.35 -12.58,11.0335 17.35 -12.82,
  11.0335 16.1 -12.58,11.0335 15.5 -12.420625,
  11.0335 15.5 -12.979375,11.0335 16.1 -12.82] }
 coordIndex [
  5,2,3,-1,5,3,4,-1,1,0,2,-1,1,2,5,-1]
  normalPerVertex TRUE
  normal DEF NORM_109 Normal { vector [
  1 0 0,1 0 0,
  1 0 0,1 0 0,
  1 0 0,1 0 0] }
}
}
DEF SHAPE_110 Shape {
 appearance USE APP_1
 geometry DEF FACE_110 IndexedFaceSet {
  coord DEF COORD_110 Coordinate { point [
  10.8765 15.5 -12.979375,11.0335 15.5 -12.979375,
  10.8765 16.1 -12.82,11.0335 16.1 -12.82] }
 coordIndex [
  3,1,0,-1,3,0,2,-1]
  normalPerVertex TRUE
  normal DEF NORM_110 Normal { vector [
  0 0.25672261 -0.96648513,0 0.25672261 -0.96648513,
  0 0.25672261 -0.96648513,0 0.25672261 -0.96648513] }
}
}
DEF SHAPE_111 Shape {
 appearance USE APP_1
 geometry DEF FACE_111 IndexedFaceSet {
  coord DEF COORD_111 Coordinate { point [
  10.8765 16.1 -12.58,11.0335 16.1 -12.58,
  10.8765 15.5 -12.420625,11.0335 15.5 -12.420625] }
 coordIndex [
  3,1,0,-1,3,0,2,-1]
  normalPerVertex TRUE
  normal DEF NORM_111 Normal { vector [
  0 0.25672261 0.96648513,0 0.25672261 0.96648513,
  0 0.25672261 0.96648513,0 0.25672261 0.96648513] }
}
}
DEF SHAPE_112 Shape {
 appearance USE APP_1
 geometry DEF FACE_112 IndexedFaceSet {
  coord DEF COORD_112 Coordinate { point [
  10.8765 16.1 -12.58,10.8765 15.5 -12.420625,
  10.8765 17.35 -12.58,10.8765 17.35 -12.82,
  10.8765 16.1 -12.82,10.8765 15.5 -12.979375] }
 coordIndex [
  4,5,1,-1,0,4,1,-1,3,4,0,-1,2,3,0,-1]
  normalPerVertex TRUE
  normal DEF NORM_112 Normal { vector [
  -1 0 0,-1 0 0,
  -1 0 0,-1 0 0,
  -1 0 0,-1 0 0] }
}
}
DEF SHAPE_113 Shape {
 appearance USE APP_1
 geometry DEF FACE_113 IndexedFaceSet {
  coord DEF COORD_113 Coordinate { point [
  11.0335 17.35 -13.58,11.0335 17.35 -13.82,
  11.0335 16.1 -13.58,11.0335 15.5 -13.420625,
  11.0335 15.5 -13.979375,11.0335 16.1 -13.82] }
 coordIndex [
  5,2,3,-1,5,3,4,-1,1,0,2,-1,1,2,5,-1]
  normalPerVertex TRUE
  normal DEF NORM_113 Normal { vector [
  1 0 0,1 0 0,
  1 0 0,1 0 0,
  1 0 0,1 0 0] }
}
}
DEF SHAPE_114 Shape {
 appearance USE APP_1
 geometry DEF FACE_114 IndexedFaceSet {
  coord DEF COORD_114 Coordinate { point [
  10.8765 15.5 -13.979375,11.0335 15.5 -13.979375,
  10.8765 16.1 -13.82,11.0335 16.1 -13.82] }
 coordIndex [
  3,1,0,-1,3,0,2,-1]
  normalPerVertex TRUE
  normal DEF NORM_114 Normal { vector [
  0 0.25672261 -0.96648513,0 0.25672261 -0.96648513,
  0 0.25672261 -0.96648513,0 0.25672261 -0.96648513] }
}
}
DEF SHAPE_115 Shape {
 appearance USE APP_1
 geometry DEF FACE_115 IndexedFaceSet {
  coord DEF COORD_115 Coordinate { point [
  10.8765 16.1 -13.58,11.0335 16.1 -13.58,
  10.8765 15.5 -13.420625,11.0335 15.5 -13.420625] }
 coordIndex [
  2,1,0,-1,3,1,2,-1]
  normalPerVertex TRUE
  normal DEF NORM_115 Normal { vector [
  0 0.25672261 0.96648513,0 0.25672261 0.96648513,
  0 0.25672261 0.96648513,0 0.25672261 0.96648513] }
}
}
DEF SHAPE_116 Shape {
 appearance USE APP_1
 geometry DEF FACE_116 IndexedFaceSet {
  coord DEF COORD_116 Coordinate { point [
  10.8765 16.1 -13.58,10.8765 15.5 -13.420625,
  10.8765 17.35 -13.58,10.8765 17.35 -13.82,
  10.8765 16.1 -13.82,10.8765 15.5 -13.979375] }
 coordIndex [
  4,5,1,-1,0,4,1,-1,3,4,0,-1,2,3,0,-1]
  normalPerVertex TRUE
  normal DEF NORM_116 Normal { vector [
  -1 0 0,-1 0 0,
  -1 0 0,-1 0 0,
  -1 0 0,-1 0 0] }
}
}
DEF SHAPE_117 Shape {
 appearance USE APP_1
 geometry DEF FACE_117 IndexedFaceSet {
  coord DEF COORD_117 Coordinate { point [
  11.0335 17.35 -14.58,11.0335 17.35 -14.82,
  11.0335 16.1 -14.58,11.0335 15.5 -14.420625,
  11.0335 15.5 -14.979375,11.0335 16.1 -14.82] }
 coordIndex [
  5,2,3,-1,5,3,4,-1,1,0,2,-1,1,2,5,-1]
  normalPerVertex TRUE
  normal DEF NORM_117 Normal { vector [
  1 0 0,1 0 0,
  1 0 0,1 0 0,
  1 0 0,1 0 0] }
}
}
DEF SHAPE_118 Shape {
 appearance USE APP_1
 geometry DEF FACE_118 IndexedFaceSet {
  coord DEF COORD_118 Coordinate { point [
  10.8765 15.5 -14.979375,11.0335 15.5 -14.979375,
  10.8765 16.1 -14.82,11.0335 16.1 -14.82] }
 coordIndex [
  3,1,0,-1,3,0,2,-1]
  normalPerVertex TRUE
  normal DEF NORM_118 Normal { vector [
  0 0.25672261 -0.96648513,0 0.25672261 -0.96648513,
  0 0.25672261 -0.96648513,0 0.25672261 -0.96648513] }
}
}
DEF SHAPE_119 Shape {
 appearance USE APP_1
 geometry DEF FACE_119 IndexedFaceSet {
  coord DEF COORD_119 Coordinate { point [
  10.8765 16.1 -14.58,11.0335 16.1 -14.58,
  10.8765 15.5 -14.420625,11.0335 15.5 -14.420625] }
 coordIndex [
  2,1,0,-1,3,1,2,-1]
  normalPerVertex TRUE
  normal DEF NORM_119 Normal { vector [
  0 0.25672261 0.96648513,0 0.25672261 0.96648513,
  0 0.25672261 0.96648513,0 0.25672261 0.96648513] }
}
}
DEF SHAPE_120 Shape {
 appearance USE APP_1
 geometry DEF FACE_120 IndexedFaceSet {
  coord DEF COORD_120 Coordinate { point [
  10.8765 16.1 -14.58,10.8765 15.5 -14.420625,
  10.8765 17.35 -14.58,10.8765 17.35 -14.82,
  10.8765 16.1 -14.82,10.8765 15.5 -14.979375] }
 coordIndex [
  4,5,1,-1,0,4,1,-1,3,4,0,-1,2,3,0,-1]
  normalPerVertex TRUE
  normal DEF NORM_120 Normal { vector [
  -1 0 0,-1 0 0,
  -1 0 0,-1 0 0,
  -1 0 0,-1 0 0] }
}
}
DEF SHAPE_121 Shape {
 appearance USE APP_1
 geometry DEF FACE_121 IndexedFaceSet {
  coord DEF COORD_121 Coordinate { point [
  11.0335 17.35 -15.58,11.0335 17.35 -15.82,
  11.0335 16.1 -15.58,11.0335 15.5 -15.420625,
  11.0335 15.5 -15.979375,11.0335 16.1 -15.82] }
 coordIndex [
  5,2,3,-1,5,3,4,-1,1,0,2,-1,1,2,5,-1]
  normalPerVertex TRUE
  normal DEF NORM_121 Normal { vector [
  1 0 0,1 0 0,
  1 0 0,1 0 0,
  1 0 0,1 0 0] }
}
}
DEF SHAPE_122 Shape {
 appearance USE APP_1
 geometry DEF FACE_122 IndexedFaceSet {
  coord DEF COORD_122 Coordinate { point [
  10.8765 15.5 -15.979375,11.0335 15.5 -15.979375,
  10.8765 16.1 -15.82,11.0335 16.1 -15.82] }
 coordIndex [
  2,1,0,-1,3,1,2,-1]
  normalPerVertex TRUE
  normal DEF NORM_122 Normal { vector [
  0 0.25672261 -0.96648513,0 0.25672261 -0.96648513,
  0 0.25672261 -0.96648513,0 0.25672261 -0.96648513] }
}
}
DEF SHAPE_123 Shape {
 appearance USE APP_1
 geometry DEF FACE_123 IndexedFaceSet {
  coord DEF COORD_123 Coordinate { point [
  10.8765 16.1 -15.58,11.0335 16.1 -15.58,
  10.8765 15.5 -15.420625,11.0335 15.5 -15.420625] }
 coordIndex [
  2,1,0,-1,3,1,2,-1]
  normalPerVertex TRUE
  normal DEF NORM_123 Normal { vector [
  0 0.25672261 0.96648513,0 0.25672261 0.96648513,
  0 0.25672261 0.96648513,0 0.25672261 0.96648513] }
}
}
DEF SHAPE_124 Shape {
 appearance USE APP_1
 geometry DEF FACE_124 IndexedFaceSet {
  coord DEF COORD_124 Coordinate { point [
  10.8765 16.1 -15.58,10.8765 15.5 -15.420625,
  10.8765 17.35 -15.58,10.8765 17.35 -15.82,
  10.8765 16.1 -15.82,10.8765 15.5 -15.979375] }
 coordIndex [
  4,5,1,-1,0,4,1,-1,3,4,0,-1,2,3,0,-1]
  normalPerVertex TRUE
  normal DEF NORM_124 Normal { vector [
  -1 0 0,-1 0 0,
  -1 0 0,-1 0 0,
  -1 0 0,-1 0 0] }
}
}
DEF SHAPE_125 Shape {
 appearance USE APP_1
 geometry DEF FACE_125 IndexedFaceSet {
  coord DEF COORD_125 Coordinate { point [
  11.0335 17.35 -16.58,11.0335 17.35 -16.82,
  11.0335 16.1 -16.58,11.0335 15.5 -16.420625,
  11.0335 15.5 -16.979375,11.0335 16.1 -16.82] }
 coordIndex [
  5,2,3,-1,5,3,4,-1,1,0,2,-1,1,2,5,-1]
  normalPerVertex TRUE
  normal DEF NORM_125 Normal { vector [
  1 0 0,1 0 0,
  1 0 0,1 0 0,
  1 0 0,1 0 0] }
}
}
DEF SHAPE_126 Shape {
 appearance USE APP_1
 geometry DEF FACE_126 IndexedFaceSet {
  coord DEF COORD_126 Coordinate { point [
  10.8765 15.5 -16.979375,11.0335 15.5 -16.979375,
  10.8765 16.1 -16.82,11.0335 16.1 -16.82] }
 coordIndex [
  2,1,0,-1,3,1,2,-1]
  normalPerVertex TRUE
  normal DEF NORM_126 Normal { vector [
  0 0.25672261 -0.96648513,0 0.25672261 -0.96648513,
  0 0.25672261 -0.96648513,0 0.25672261 -0.96648513] }
}
}
DEF SHAPE_127 Shape {
 appearance USE APP_1
 geometry DEF FACE_127 IndexedFaceSet {
  coord DEF COORD_127 Coordinate { point [
  10.8765 16.1 -16.58,11.0335 16.1 -16.58,
  10.8765 15.5 -16.420625,11.0335 15.5 -16.420625] }
 coordIndex [
  2,1,0,-1,3,1,2,-1]
  normalPerVertex TRUE
  normal DEF NORM_127 Normal { vector [
  0 0.25672261 0.96648513,0 0.25672261 0.96648513,
  0 0.25672261 0.96648513,0 0.25672261 0.96648513] }
}
}
DEF SHAPE_128 Shape {
 appearance USE APP_1
 geometry DEF FACE_128 IndexedFaceSet {
  coord DEF COORD_128 Coordinate { point [
  10.8765 16.1 -16.58,10.8765 15.5 -16.420625,
  10.8765 17.35 -16.58,10.8765 17.35 -16.82,
  10.8765 16.1 -16.82,10.8765 15.5 -16.979375] }
 coordIndex [
  4,5,1,-1,0,4,1,-1,3,4,0,-1,2,3,0,-1]
  normalPerVertex TRUE
  normal DEF NORM_128 Normal { vector [
  -1 0 0,-1 0 0,
  -1 0 0,-1 0 0,
  -1 0 0,-1 0 0] }
}
}
DEF SHAPE_129 Shape {
 appearance USE APP_1
 geometry DEF FACE_129 IndexedFaceSet {
  coord DEF COORD_129 Coordinate { point [
  11.0335 17.35 -17.58,11.0335 17.35 -17.82,
  11.0335 16.1 -17.58,11.0335 15.5 -17.420625,
  11.0335 15.5 -17.979375,11.0335 16.1 -17.82] }
 coordIndex [
  5,2,3,-1,5,3,4,-1,1,0,2,-1,1,2,5,-1]
  normalPerVertex TRUE
  normal DEF NORM_129 Normal { vector [
  1 0 0,1 0 0,
  1 0 0,1 0 0,
  1 0 0,1 0 0] }
}
}
DEF SHAPE_130 Shape {
 appearance USE APP_1
 geometry DEF FACE_130 IndexedFaceSet {
  coord DEF COORD_130 Coordinate { point [
  10.8765 15.5 -17.979375,11.0335 15.5 -17.979375,
  10.8765 16.1 -17.82,11.0335 16.1 -17.82] }
 coordIndex [
  2,1,0,-1,3,1,2,-1]
  normalPerVertex TRUE
  normal DEF NORM_130 Normal { vector [
  0 0.25672261 -0.96648513,0 0.25672261 -0.96648513,
  0 0.25672261 -0.96648513,0 0.25672261 -0.96648513] }
}
}
DEF SHAPE_131 Shape {
 appearance USE APP_1
 geometry DEF FACE_131 IndexedFaceSet {
  coord DEF COORD_131 Coordinate { point [
  10.8765 16.1 -17.58,11.0335 16.1 -17.58,
  10.8765 15.5 -17.420625,11.0335 15.5 -17.420625] }
 coordIndex [
  2,1,0,-1,3,1,2,-1]
  normalPerVertex TRUE
  normal DEF NORM_131 Normal { vector [
  0 0.25672261 0.96648513,0 0.25672261 0.96648513,
  0 0.25672261 0.96648513,0 0.25672261 0.96648513] }
}
}
DEF SHAPE_132 Shape {
 appearance USE APP_1
 geometry DEF FACE_132 IndexedFaceSet {
  coord DEF COORD_132 Coordinate { point [
  10.8765 16.1 -17.58,10.8765 15.5 -17.420625,
  10.8765 17.35 -17.58,10.8765 17.35 -17.82,
  10.8765 16.1 -17.82,10.8765 15.5 -17.979375] }
 coordIndex [
  4,5,1,-1,0,4,1,-1,3,4,0,-1,2,3,0,-1]
  normalPerVertex TRUE
  normal DEF NORM_132 Normal { vector [
  -1 0 0,-1 0 0,
  -1 0 0,-1 0 0,
  -1 0 0,-1 0 0] }
}
}
DEF SHAPE_133 Shape {
 appearance USE APP_1
 geometry DEF FACE_133 IndexedFaceSet {
  coord DEF COORD_133 Coordinate { point [
  11.0335 17.35 -18.58,11.0335 17.35 -18.82,
  11.0335 16.1 -18.58,11.0335 15.5 -18.420625,
  11.0335 15.5 -18.979375,11.0335 16.1 -18.82] }
 coordIndex [
  5,2,3,-1,5,3,4,-1,1,0,2,-1,1,2,5,-1]
  normalPerVertex TRUE
  normal DEF NORM_133 Normal { vector [
  1 0 0,1 0 0,
  1 0 0,1 0 0,
  1 0 0,1 0 0] }
}
}
DEF SHAPE_134 Shape {
 appearance USE APP_1
 geometry DEF FACE_134 IndexedFaceSet {
  coord DEF COORD_134 Coordinate { point [
  10.8765 15.5 -18.979375,11.0335 15.5 -18.979375,
  10.8765 16.1 -18.82,11.0335 16.1 -18.82] }
 coordIndex [
  3,1,0,-1,3,0,2,-1]
  normalPerVertex TRUE
  normal DEF NORM_134 Normal { vector [
  0 0.25672261 -0.96648513,0 0.25672261 -0.96648513,
  0 0.25672261 -0.96648513,0 0.25672261 -0.96648513] }
}
}
DEF SHAPE_135 Shape {
 appearance USE APP_1
 geometry DEF FACE_135 IndexedFaceSet {
  coord DEF COORD_135 Coordinate { point [
  10.8765 16.1 -18.58,11.0335 16.1 -18.58,
  10.8765 15.5 -18.420625,11.0335 15.5 -18.420625] }
 coordIndex [
  2,1,0,-1,3,1,2,-1]
  normalPerVertex TRUE
  normal DEF NORM_135 Normal { vector [
  0 0.25672261 0.96648513,0 0.25672261 0.96648513,
  0 0.25672261 0.96648513,0 0.25672261 0.96648513] }
}
}
DEF SHAPE_136 Shape {
 appearance USE APP_1
 geometry DEF FACE_136 IndexedFaceSet {
  coord DEF COORD_136 Coordinate { point [
  10.8765 16.1 -18.58,10.8765 15.5 -18.420625,
  10.8765 17.35 -18.58,10.8765 17.35 -18.82,
  10.8765 16.1 -18.82,10.8765 15.5 -18.979375] }
 coordIndex [
  4,5,1,-1,0,4,1,-1,3,4,0,-1,2,3,0,-1]
  normalPerVertex TRUE
  normal DEF NORM_136 Normal { vector [
  -1 0 0,-1 0 0,
  -1 0 0,-1 0 0,
  -1 0 0,-1 0 0] }
}
}
DEF SHAPE_137 Shape {
 appearance USE APP_1
 geometry DEF FACE_137 IndexedFaceSet {
  coord DEF COORD_137 Coordinate { point [
  11.0335 17.35 -19.58,11.0335 17.35 -19.82,
  11.0335 16.1 -19.58,11.0335 15.5 -19.420625,
  11.0335 15.5 -19.979375,11.0335 16.1 -19.82] }
 coordIndex [
  5,2,3,-1,5,3,4,-1,1,0,2,-1,1,2,5,-1]
  normalPerVertex TRUE
  normal DEF NORM_137 Normal { vector [
  1 0 0,1 0 0,
  1 0 0,1 0 0,
  1 0 0,1 0 0] }
}
}
DEF SHAPE_138 Shape {
 appearance USE APP_1
 geometry DEF FACE_138 IndexedFaceSet {
  coord DEF COORD_138 Coordinate { point [
  10.8765 15.5 -19.979375,11.0335 15.5 -19.979375,
  10.8765 16.1 -19.82,11.0335 16.1 -19.82] }
 coordIndex [
  2,1,0,-1,3,1,2,-1]
  normalPerVertex TRUE
  normal DEF NORM_138 Normal { vector [
  0 0.25672261 -0.96648513,0 0.25672261 -0.96648513,
  0 0.25672261 -0.96648513,0 0.25672261 -0.96648513] }
}
}
DEF SHAPE_139 Shape {
 appearance USE APP_1
 geometry DEF FACE_139 IndexedFaceSet {
  coord DEF COORD_139 Coordinate { point [
  10.8765 16.1 -19.58,11.0335 16.1 -19.58,
  10.8765 15.5 -19.420625,11.0335 15.5 -19.420625] }
 coordIndex [
  2,1,0,-1,3,1,2,-1]
  normalPerVertex TRUE
  normal DEF NORM_139 Normal { vector [
  0 0.25672261 0.96648513,0 0.25672261 0.96648513,
  0 0.25672261 0.96648513,0 0.25672261 0.96648513] }
}
}
DEF SHAPE_140 Shape {
 appearance USE APP_1
 geometry DEF FACE_140 IndexedFaceSet {
  coord DEF COORD_140 Coordinate { point [
  10.8765 16.1 -19.58,10.8765 15.5 -19.420625,
  10.8765 17.35 -19.58,10.8765 17.35 -19.82,
  10.8765 16.1 -19.82,10.8765 15.5 -19.979375] }
 coordIndex [
  4,5,1,-1,0,4,1,-1,2,3,4,-1,2,4,0,-1]
  normalPerVertex TRUE
  normal DEF NORM_140 Normal { vector [
  -1 0 0,-1 0 0,
  -1 0 0,-1 0 0,
  -1 0 0,-1 0 0] }
}
}
DEF SHAPE_141 Shape {
 appearance USE APP_1
 geometry DEF FACE_141 IndexedFaceSet {
  coord DEF COORD_141 Coordinate { point [
  11.0335 17.35 -20.58,11.0335 17.35 -20.82,
  11.0335 16.1 -20.58,11.0335 15.5 -20.420625,
  11.0335 15.5 -20.979375,11.0335 16.1 -20.82] }
 coordIndex [
  2,3,4,-1,5,2,4,-1,1,0,2,-1,1,2,5,-1]
  normalPerVertex TRUE
  normal DEF NORM_141 Normal { vector [
  1 0 0,1 0 0,
  1 0 0,1 0 0,
  1 0 0,1 0 0] }
}
}
DEF SHAPE_142 Shape {
 appearance USE APP_1
 geometry DEF FACE_142 IndexedFaceSet {
  coord DEF COORD_142 Coordinate { point [
  10.8765 15.5 -20.979375,11.0335 15.5 -20.979375,
  10.8765 16.1 -20.82,11.0335 16.1 -20.82] }
 coordIndex [
  2,1,0,-1,3,1,2,-1]
  normalPerVertex TRUE
  normal DEF NORM_142 Normal { vector [
  0 0.25672261 -0.96648513,0 0.25672261 -0.96648513,
  0 0.25672261 -0.96648513,0 0.25672261 -0.96648513] }
}
}
DEF SHAPE_143 Shape {
 appearance USE APP_1
 geometry DEF FACE_143 IndexedFaceSet {
  coord DEF COORD_143 Coordinate { point [
  10.8765 16.1 -20.58,11.0335 16.1 -20.58,
  10.8765 15.5 -20.420625,11.0335 15.5 -20.420625] }
 coordIndex [
  3,1,0,-1,3,0,2,-1]
  normalPerVertex TRUE
  normal DEF NORM_143 Normal { vector [
  0 0.25672261 0.96648513,0 0.25672261 0.96648513,
  0 0.25672261 0.96648513,0 0.25672261 0.96648513] }
}
}
DEF SHAPE_144 Shape {
 appearance USE APP_1
 geometry DEF FACE_144 IndexedFaceSet {
  coord DEF COORD_144 Coordinate { point [
  10.8765 16.1 -20.58,10.8765 15.5 -20.420625,
  10.8765 17.35 -20.58,10.8765 17.35 -20.82,
  10.8765 16.1 -20.82,10.8765 15.5 -20.979375] }
 coordIndex [
  4,5,1,-1,0,4,1,-1,3,4,0,-1,2,3,0,-1]
  normalPerVertex TRUE
  normal DEF NORM_144 Normal { vector [
  -1 0 0,-1 0 0,
  -1 0 0,-1 0 0,
  -1 0 0,-1 0 0] }
}
}
DEF SHAPE_145 Shape {
 appearance USE APP_1
 geometry DEF FACE_145 IndexedFaceSet {
  coord DEF COORD_145 Coordinate { point [
  11.0335 17.35 -21.58,11.0335 17.35 -21.82,
  11.0335 16.1 -21.58,11.0335 15.5 -21.420625,
  11.0335 15.5 -21.979375,11.0335 16.1 -21.82] }
 coordIndex [
  5,2,3,-1,5,3,4,-1,1,0,2,-1,1,2,5,-1]
  normalPerVertex TRUE
  normal DEF NORM_145 Normal { vector [
  1 0 0,1 0 0,
  1 0 0,1 0 0,
  1 0 0,1 0 0] }
}
}
DEF SHAPE_146 Shape {
 appearance USE APP_1
 geometry DEF FACE_146 IndexedFaceSet {
  coord DEF COORD_146 Coordinate { point [
  10.8765 15.5 -21.979375,11.0335 15.5 -21.979375,
  10.8765 16.1 -21.82,11.0335 16.1 -21.82] }
 coordIndex [
  2,1,0,-1,3,1,2,-1]
  normalPerVertex TRUE
  normal DEF NORM_146 Normal { vector [
  0 0.25672261 -0.96648513,0 0.25672261 -0.96648513,
  0 0.25672261 -0.96648513,0 0.25672261 -0.96648513] }
}
}
DEF SHAPE_147 Shape {
 appearance USE APP_1
 geometry DEF FACE_147 IndexedFaceSet {
  coord DEF COORD_147 Coordinate { point [
  10.8765 16.1 -21.58,11.0335 16.1 -21.58,
  10.8765 15.5 -21.420625,11.0335 15.5 -21.420625] }
 coordIndex [
  2,1,0,-1,3,1,2,-1]
  normalPerVertex TRUE
  normal DEF NORM_147 Normal { vector [
  0 0.25672261 0.96648513,0 0.25672261 0.96648513,
  0 0.25672261 0.96648513,0 0.25672261 0.96648513] }
}
}
DEF SHAPE_148 Shape {
 appearance USE APP_1
 geometry DEF FACE_148 IndexedFaceSet {
  coord DEF COORD_148 Coordinate { point [
  10.8765 16.1 -21.58,10.8765 15.5 -21.420625,
  10.8765 17.35 -21.58,10.8765 17.35 -21.82,
  10.8765 16.1 -21.82,10.8765 15.5 -21.979375] }
 coordIndex [
  4,5,1,-1,0,4,1,-1,3,4,0,-1,2,3,0,-1]
  normalPerVertex TRUE
  normal DEF NORM_148 Normal { vector [
  -1 0 0,-1 0 0,
  -1 0 0,-1 0 0,
  -1 0 0,-1 0 0] }
}
}
DEF SHAPE_149 Shape {
 appearance USE APP_1
 geometry DEF FACE_149 IndexedFaceSet {
  coord DEF COORD_149 Coordinate { point [
  11.0335 17.35 -22.58,11.0335 17.35 -22.82,
  11.0335 16.1 -22.58,11.0335 15.5 -22.420625,
  11.0335 15.5 -22.979375,11.0335 16.1 -22.82] }
 coordIndex [
  5,2,3,-1,5,3,4,-1,1,0,2,-1,1,2,5,-1]
  normalPerVertex TRUE
  normal DEF NORM_149 Normal { vector [
  1 0 0,1 0 0,
  1 0 0,1 0 0,
  1 0 0,1 0 0] }
}
}
DEF SHAPE_150 Shape {
 appearance USE APP_1
 geometry DEF FACE_150 IndexedFaceSet {
  coord DEF COORD_150 Coordinate { point [
  10.8765 15.5 -22.979375,11.0335 15.5 -22.979375,
  10.8765 16.1 -22.82,11.0335 16.1 -22.82] }
 coordIndex [
  2,1,0,-1,3,1,2,-1]
  normalPerVertex TRUE
  normal DEF NORM_150 Normal { vector [
  0 0.25672261 -0.96648513,0 0.25672261 -0.96648513,
  0 0.25672261 -0.96648513,0 0.25672261 -0.96648513] }
}
}
DEF SHAPE_151 Shape {
 appearance USE APP_1
 geometry DEF FACE_151 IndexedFaceSet {
  coord DEF COORD_151 Coordinate { point [
  10.8765 16.1 -22.58,11.0335 16.1 -22.58,
  10.8765 15.5 -22.420625,11.0335 15.5 -22.420625] }
 coordIndex [
  2,1,0,-1,3,1,2,-1]
  normalPerVertex TRUE
  normal DEF NORM_151 Normal { vector [
  0 0.25672261 0.96648513,0 0.25672261 0.96648513,
  0 0.25672261 0.96648513,0 0.25672261 0.96648513] }
}
}
DEF SHAPE_152 Shape {
 appearance USE APP_1
 geometry DEF FACE_152 IndexedFaceSet {
  coord DEF COORD_152 Coordinate { point [
  10.8765 16.1 -22.58,10.8765 15.5 -22.420625,
  10.8765 17.35 -22.58,10.8765 17.35 -22.82,
  10.8765 16.1 -22.82,10.8765 15.5 -22.979375] }
 coordIndex [
  4,5,1,-1,0,4,1,-1,3,4,0,-1,2,3,0,-1]
  normalPerVertex TRUE
  normal DEF NORM_152 Normal { vector [
  -1 0 0,-1 0 0,
  -1 0 0,-1 0 0,
  -1 0 0,-1 0 0] }
}
}
DEF SHAPE_153 Shape {
 appearance USE APP_1
 geometry DEF FACE_153 IndexedFaceSet {
  coord DEF COORD_153 Coordinate { point [
  11.0335 17.35 -23.58,11.0335 17.35 -23.82,
  11.0335 16.1 -23.58,11.0335 15.5 -23.420625,
  11.0335 15.5 -23.979375,11.0335 16.1 -23.82] }
 coordIndex [
  5,2,3,-1,5,3,4,-1,1,0,2,-1,1,2,5,-1]
  normalPerVertex TRUE
  normal DEF NORM_153 Normal { vector [
  1 0 0,1 0 0,
  1 0 0,1 0 0,
  1 0 0,1 0 0] }
}
}
DEF SHAPE_154 Shape {
 appearance USE APP_1
 geometry DEF FACE_154 IndexedFaceSet {
  coord DEF COORD_154 Coordinate { point [
  10.8765 15.5 -23.979375,11.0335 15.5 -23.979375,
  10.8765 16.1 -23.82,11.0335 16.1 -23.82] }
 coordIndex [
  3,1,0,-1,3,0,2,-1]
  normalPerVertex TRUE
  normal DEF NORM_154 Normal { vector [
  0 0.25672261 -0.96648513,0 0.25672261 -0.96648513,
  0 0.25672261 -0.96648513,0 0.25672261 -0.96648513] }
}
}
DEF SHAPE_155 Shape {
 appearance USE APP_1
 geometry DEF FACE_155 IndexedFaceSet {
  coord DEF COORD_155 Coordinate { point [
  10.8765 16.1 -23.58,11.0335 16.1 -23.58,
  10.8765 15.5 -23.420625,11.0335 15.5 -23.420625] }
 coordIndex [
  2,1,0,-1,3,1,2,-1]
  normalPerVertex TRUE
  normal DEF NORM_155 Normal { vector [
  0 0.25672261 0.96648513,0 0.25672261 0.96648513,
  0 0.25672261 0.96648513,0 0.25672261 0.96648513] }
}
}
DEF SHAPE_156 Shape {
 appearance USE APP_1
 geometry DEF FACE_156 IndexedFaceSet {
  coord DEF COORD_156 Coordinate { point [
  10.8765 16.1 -23.58,10.8765 15.5 -23.420625,
  10.8765 17.35 -23.58,10.8765 17.35 -23.82,
  10.8765 16.1 -23.82,10.8765 15.5 -23.979375] }
 coordIndex [
  4,5,1,-1,0,4,1,-1,3,4,0,-1,2,3,0,-1]
  normalPerVertex TRUE
  normal DEF NORM_156 Normal { vector [
  -1 0 0,-1 0 0,
  -1 0 0,-1 0 0,
  -1 0 0,-1 0 0] }
}
}
DEF SHAPE_157 Shape {
 appearance USE APP_1
 geometry DEF FACE_157 IndexedFaceSet {
  coord DEF COORD_157 Coordinate { point [
  11.0335 17.35 -24.58,11.0335 17.35 -24.82,
  11.0335 16.1 -24.58,11.0335 15.5 -24.420625,
  11.0335 15.5 -24.979375,11.0335 16.1 -24.82] }
 coordIndex [
  5,2,3,-1,5,3,4,-1,1,0,2,-1,1,2,5,-1]
  normalPerVertex TRUE
  normal DEF NORM_157 Normal { vector [
  1 0 0,1 0 0,
  1 0 0,1 0 0,
  1 0 0,1 0 0] }
}
}
DEF SHAPE_158 Shape {
 appearance USE APP_1
 geometry DEF FACE_158 IndexedFaceSet {
  coord DEF COORD_158 Coordinate { point [
  10.8765 15.5 -24.979375,11.0335 15.5 -24.979375,
  10.8765 16.1 -24.82,11.0335 16.1 -24.82] }
 coordIndex [
  2,1,0,-1,3,1,2,-1]
  normalPerVertex TRUE
  normal DEF NORM_158 Normal { vector [
  0 0.25672261 -0.96648513,0 0.25672261 -0.96648513,
  0 0.25672261 -0.96648513,0 0.25672261 -0.96648513] }
}
}
DEF SHAPE_159 Shape {
 appearance USE APP_1
 geometry DEF FACE_159 IndexedFaceSet {
  coord DEF COORD_159 Coordinate { point [
  10.8765 16.1 -24.58,11.0335 16.1 -24.58,
  10.8765 15.5 -24.420625,11.0335 15.5 -24.420625] }
 coordIndex [
  2,1,0,-1,3,1,2,-1]
  normalPerVertex TRUE
  normal DEF NORM_159 Normal { vector [
  0 0.25672261 0.96648513,0 0.25672261 0.96648513,
  0 0.25672261 0.96648513,0 0.25672261 0.96648513] }
}
}
DEF SHAPE_160 Shape {
 appearance USE APP_1
 geometry DEF FACE_160 IndexedFaceSet {
  coord DEF COORD_160 Coordinate { point [
  10.8765 16.1 -24.58,10.8765 15.5 -24.420625,
  10.8765 17.35 -24.58,10.8765 17.35 -24.82,
  10.8765 16.1 -24.82,10.8765 15.5 -24.979375] }
 coordIndex [
  4,5,1,-1,0,4,1,-1,3,4,0,-1,2,3,0,-1]
  normalPerVertex TRUE
  normal DEF NORM_160 Normal { vector [
  -1 0 0,-1 0 0,
  -1 0 0,-1 0 0,
  -1 0 0,-1 0 0] }
}
}
DEF SHAPE_161 Shape {
 appearance USE APP_1
 geometry DEF FACE_161 IndexedFaceSet {
  coord DEF COORD_161 Coordinate { point [
  11.0335 17.35 -25.58,11.0335 17.35 -25.82,
  11.0335 16.1 -25.58,11.0335 15.5 -25.420625,
  11.0335 15.5 -25.979375,11.0335 16.1 -25.82] }
 coordIndex [
  2,3,4,-1,5,2,4,-1,1,0,2,-1,1,2,5,-1]
  normalPerVertex TRUE
  normal DEF NORM_161 Normal { vector [
  1 0 0,1 0 0,
  1 0 0,1 0 0,
  1 0 0,1 0 0] }
}
}
DEF SHAPE_162 Shape {
 appearance USE APP_1
 geometry DEF FACE_162 IndexedFaceSet {
  coord DEF COORD_162 Coordinate { point [
  10.8765 15.5 -25.979375,11.0335 15.5 -25.979375,
  10.8765 16.1 -25.82,11.0335 16.1 -25.82] }
 coordIndex [
  2,1,0,-1,3,1,2,-1]
  normalPerVertex TRUE
  normal DEF NORM_162 Normal { vector [
  0 0.25672261 -0.96648513,0 0.25672261 -0.96648513,
  0 0.25672261 -0.96648513,0 0.25672261 -0.96648513] }
}
}
DEF SHAPE_163 Shape {
 appearance USE APP_1
 geometry DEF FACE_163 IndexedFaceSet {
  coord DEF COORD_163 Coordinate { point [
  10.8765 16.1 -25.58,11.0335 16.1 -25.58,
  10.8765 15.5 -25.420625,11.0335 15.5 -25.420625] }
 coordIndex [
  2,1,0,-1,3,1,2,-1]
  normalPerVertex TRUE
  normal DEF NORM_163 Normal { vector [
  0 0.25672261 0.96648513,0 0.25672261 0.96648513,
  0 0.25672261 0.96648513,0 0.25672261 0.96648513] }
}
}
DEF SHAPE_164 Shape {
 appearance USE APP_1
 geometry DEF FACE_164 IndexedFaceSet {
  coord DEF COORD_164 Coordinate { point [
  10.8765 16.1 -25.58,10.8765 15.5 -25.420625,
  10.8765 17.35 -25.58,10.8765 17.35 -25.82,
  10.8765 16.1 -25.82,10.8765 15.5 -25.979375] }
 coordIndex [
  4,5,1,-1,0,4,1,-1,3,4,0,-1,2,3,0,-1]
  normalPerVertex TRUE
  normal DEF NORM_164 Normal { vector [
  -1 0 0,-1 0 0,
  -1 0 0,-1 0 0,
  -1 0 0,-1 0 0] }
}
}
DEF SHAPE_165 Shape {
 appearance USE APP_1
 geometry DEF FACE_165 IndexedFaceSet {
  coord DEF COORD_165 Coordinate { point [
  11.0335 17.35 -26.58,11.0335 17.35 -26.82,
  11.0335 16.1 -26.58,11.0335 15.5 -26.420625,
  11.0335 15.5 -26.979375,11.0335 16.1 -26.82] }
 coordIndex [
  5,2,3,-1,5,3,4,-1,1,0,2,-1,1,2,5,-1]
  normalPerVertex TRUE
  normal DEF NORM_165 Normal { vector [
  1 0 0,1 0 0,
  1 0 0,1 0 0,
  1 0 0,1 0 0] }
}
}
DEF SHAPE_166 Shape {
 appearance USE APP_1
 geometry DEF FACE_166 IndexedFaceSet {
  coord DEF COORD_166 Coordinate { point [
  10.8765 15.5 -26.979375,11.0335 15.5 -26.979375,
  10.8765 16.1 -26.82,11.0335 16.1 -26.82] }
 coordIndex [
  3,1,0,-1,3,0,2,-1]
  normalPerVertex TRUE
  normal DEF NORM_166 Normal { vector [
  0 0.25672261 -0.96648513,0 0.25672261 -0.96648513,
  0 0.25672261 -0.96648513,0 0.25672261 -0.96648513] }
}
}
DEF SHAPE_167 Shape {
 appearance USE APP_1
 geometry DEF FACE_167 IndexedFaceSet {
  coord DEF COORD_167 Coordinate { point [
  10.8765 16.1 -26.58,11.0335 16.1 -26.58,
  10.8765 15.5 -26.420625,11.0335 15.5 -26.420625] }
 coordIndex [
  3,1,0,-1,3,0,2,-1]
  normalPerVertex TRUE
  normal DEF NORM_167 Normal { vector [
  0 0.25672261 0.96648513,0 0.25672261 0.96648513,
  0 0.25672261 0.96648513,0 0.25672261 0.96648513] }
}
}
DEF SHAPE_168 Shape {
 appearance USE APP_1
 geometry DEF FACE_168 IndexedFaceSet {
  coord DEF COORD_168 Coordinate { point [
  10.8765 16.1 -26.58,10.8765 15.5 -26.420625,
  10.8765 17.35 -26.58,10.8765 17.35 -26.82,
  10.8765 16.1 -26.82,10.8765 15.5 -26.979375] }
 coordIndex [
  4,5,1,-1,0,4,1,-1,2,3,4,-1,2,4,0,-1]
  normalPerVertex TRUE
  normal DEF NORM_168 Normal { vector [
  -1 0 0,-1 0 0,
  -1 0 0,-1 0 0,
  -1 0 0,-1 0 0] }
}
}
DEF SHAPE_169 Shape {
 appearance USE APP_1
 geometry DEF FACE_169 IndexedFaceSet {
  coord DEF COORD_169 Coordinate { point [
  11.0335 17.35 -27.58,11.0335 17.35 -27.82,
  11.0335 16.1 -27.58,11.0335 15.5 -27.420625,
  11.0335 15.5 -27.979375,11.0335 16.1 -27.82] }
 coordIndex [
  2,3,4,-1,5,2,4,-1,1,0,2,-1,1,2,5,-1]
  normalPerVertex TRUE
  normal DEF NORM_169 Normal { vector [
  1 0 0,1 0 0,
  1 0 0,1 0 0,
  1 0 0,1 0 0] }
}
}
DEF SHAPE_170 Shape {
 appearance USE APP_1
 geometry DEF FACE_170 IndexedFaceSet {
  coord DEF COORD_170 Coordinate { point [
  10.8765 15.5 -27.979375,11.0335 15.5 -27.979375,
  10.8765 16.1 -27.82,11.0335 16.1 -27.82] }
 coordIndex [
  3,1,0,-1,3,0,2,-1]
  normalPerVertex TRUE
  normal DEF NORM_170 Normal { vector [
  0 0.25672261 -0.96648513,0 0.25672261 -0.96648513,
  0 0.25672261 -0.96648513,0 0.25672261 -0.96648513] }
}
}
DEF SHAPE_171 Shape {
 appearance USE APP_1
 geometry DEF FACE_171 IndexedFaceSet {
  coord DEF COORD_171 Coordinate { point [
  10.8765 16.1 -27.58,11.0335 16.1 -27.58,
  10.8765 15.5 -27.420625,11.0335 15.5 -27.420625] }
 coordIndex [
  3,1,0,-1,3,0,2,-1]
  normalPerVertex TRUE
  normal DEF NORM_171 Normal { vector [
  0 0.25672261 0.96648513,0 0.25672261 0.96648513,
  0 0.25672261 0.96648513,0 0.25672261 0.96648513] }
}
}
DEF SHAPE_172 Shape {
 appearance USE APP_1
 geometry DEF FACE_172 IndexedFaceSet {
  coord DEF COORD_172 Coordinate { point [
  10.8765 16.1 -27.58,10.8765 15.5 -27.420625,
  10.8765 17.35 -27.58,10.8765 17.35 -27.82,
  10.8765 16.1 -27.82,10.8765 15.5 -27.979375] }
 coordIndex [
  4,5,1,-1,0,4,1,-1,3,4,0,-1,2,3,0,-1]
  normalPerVertex TRUE
  normal DEF NORM_172 Normal { vector [
  -1 0 0,-1 0 0,
  -1 0 0,-1 0 0,
  -1 0 0,-1 0 0] }
}
}
DEF SHAPE_173 Shape {
 appearance USE APP_1
 geometry DEF FACE_173 IndexedFaceSet {
  coord DEF COORD_173 Coordinate { point [
  9.17 15.5 -0.74,9.17 15.55 -0.74,
  9.57 15.55 -0.74,9.57 15.5 -0.74] }
 coordIndex [
  1,2,3,-1,1,3,0,-1]
  normalPerVertex TRUE
  normal DEF NORM_173 Normal { vector [
  0 0 -1,0 0 -1,
  0 0 -1,0 0 -1] }
}
}
DEF SHAPE_174 Shape {
 appearance USE APP_1
 geometry DEF FACE_174 IndexedFaceSet {
  coord DEF COORD_174 Coordinate { point [
  9.57 15.5 -0.74,9.57 15.55 -0.74,
  9.57 15.55 -0.69,9.57 15.5 -0.69] }
 coordIndex [
  1,2,3,-1,1,3,0,-1]
  normalPerVertex TRUE
  normal DEF NORM_174 Normal { vector [
  1 0 0,1 0 0,
  1 0 0,1 0 0] }
}
}
DEF SHAPE_175 Shape {
 appearance USE APP_1
 geometry DEF FACE_175 IndexedFaceSet {
  coord DEF COORD_175 Coordinate { point [
  9.17 15.5 -0.69,9.17 15.55 -0.69,
  9.17 15.55 -0.74,9.17 15.5 -0.74] }
 coordIndex [
  1,2,3,-1,1,3,0,-1]
  normalPerVertex TRUE
  normal DEF NORM_175 Normal { vector [
  -1 0 0,-1 0 0,
  -1 0 0,-1 0 0] }
}
}
DEF SHAPE_176 Shape {
 appearance USE APP_1
 geometry DEF FACE_176 IndexedFaceSet {
  coord DEF COORD_176 Coordinate { point [
  9.57 15.5 -0.69,9.57 15.55 -0.69,
  9.2380851 15.55 -0.69,9.2380851 15.5 -0.69] }
 coordIndex [
  0,2,3,-1,1,2,0,-1]
  normalPerVertex TRUE
  normal DEF NORM_176 Normal { vector [
  0 0 1,0 0 1,
  0 0 1,0 0 1] }
}
}
DEF SHAPE_177 Shape {
 appearance USE APP_1
 geometry DEF FACE_177 IndexedFaceSet {
  coord DEF COORD_177 Coordinate { point [
  9.2295745 15.5 -0.64,9.2295745 15.55 -0.64,
  9.17 15.55 -0.69,9.17 15.5 -0.69] }
 coordIndex [
  1,2,3,-1,1,3,0,-1]
  normalPerVertex TRUE
  normal DEF NORM_177 Normal { vector [
  -0.64287129 0 0.76597422,-0.64287129 0 0.76597422,
  -0.64287129 0 0.76597422,-0.64287129 0 0.76597422] }
}
}
DEF SHAPE_178 Shape {
 appearance USE APP_1
 geometry DEF FACE_178 IndexedFaceSet {
  coord DEF COORD_178 Coordinate { point [
  9.2380851 15.5 -0.69,9.2380851 15.55 -0.69,
  9.2976596 15.55 -0.64,9.2976596 15.5 -0.64] }
 coordIndex [
  1,2,3,-1,1,3,0,-1]
  normalPerVertex TRUE
  normal DEF NORM_178 Normal { vector [
  0.64287114 0 -0.76597434,0.64287114 0 -0.76597434,
  0.64287114 0 -0.76597434,0.64287114 0 -0.76597434] }
}
}
DEF SHAPE_179 Shape {
 appearance USE APP_1
 geometry DEF FACE_179 IndexedFaceSet {
  coord DEF COORD_179 Coordinate { point [
  9.2976596 15.5 -0.64,9.2976596 15.55 -0.64,
  9.2295745 15.55 -0.64,9.2295745 15.5 -0.64] }
 coordIndex [
  1,2,3,-1,1,3,0,-1]
  normalPerVertex TRUE
  normal DEF NORM_179 Normal { vector [
  0 0 1,0 0 1,
  0 0 1,0 0 1] }
}
}
DEF SHAPE_180 Shape {
 appearance USE APP_1
 geometry DEF FACE_180 IndexedFaceSet {
  coord DEF COORD_180 Coordinate { point [
  8.9665 17.35 -0.82,8.9665 17.35 -0.58,
  8.9665 16.1 -0.82,8.9665 15.5 -0.979375,
  8.9665 15.5 -0.420625,8.9665 16.1 -0.58] }
 coordIndex [
  5,2,3,-1,5,3,4,-1,1,0,2,-1,1,2,5,-1]
  normalPerVertex TRUE
  normal DEF NORM_180 Normal { vector [
  -1 0 0,-1 0 0,
  -1 0 0,-1 0 0,
  -1 0 0,-1 0 0] }
}
}
DEF SHAPE_181 Shape {
 appearance USE APP_1
 geometry DEF FACE_181 IndexedFaceSet {
  coord DEF COORD_181 Coordinate { point [
  9.1235 15.5 -0.420625,9.1235 16.1 -0.58,
  8.9665 16.1 -0.58,8.9665 15.5 -0.420625] }
 coordIndex [
  2,0,1,-1,2,3,0,-1]
  normalPerVertex TRUE
  normal DEF NORM_181 Normal { vector [
  0 0.25672261 0.96648513,0 0.25672261 0.96648513,
  0 0.25672261 0.96648513,0 0.25672261 0.96648513] }
}
}
DEF SHAPE_182 Shape {
 appearance USE APP_1
 geometry DEF FACE_182 IndexedFaceSet {
  coord DEF COORD_182 Coordinate { point [
  8.9665 16.1 -0.82,8.9665 15.5 -0.979375,
  9.1235 16.1 -0.82,9.1235 15.5 -0.979375] }
 coordIndex [
  1,0,2,-1,1,2,3,-1]
  normalPerVertex TRUE
  normal DEF NORM_182 Normal { vector [
  0 0.25672261 -0.96648513,0 0.25672261 -0.96648513,
  0 0.25672261 -0.96648513,0 0.25672261 -0.96648513] }
}
}
DEF SHAPE_183 Shape {
 appearance USE APP_1
 geometry DEF FACE_183 IndexedFaceSet {
  coord DEF COORD_183 Coordinate { point [
  9.1235 17.35 -0.58,9.1235 17.35 -0.82,
  9.1235 16.1 -0.58,9.1235 15.5 -0.420625,
  9.1235 15.5 -0.979375,9.1235 16.1 -0.82] }
 coordIndex [
  5,2,3,-1,5,3,4,-1,0,2,5,-1,1,0,5,-1]
  normalPerVertex TRUE
  normal DEF NORM_183 Normal { vector [
  1 0 0,1 0 0,
  1 0 0,1 0 0,
  1 0 0,1 0 0] }
}
}
DEF SHAPE_184 Shape {
 appearance USE APP_1
 geometry DEF FACE_184 IndexedFaceSet {
  coord DEF COORD_184 Coordinate { point [
  8.9665 15.5 -1.420625,8.9665 16.1 -1.58,
  8.9665 17.35 -1.58,8.9665 17.35 -1.82,
  8.9665 16.1 -1.82,8.9665 15.5 -1.979375] }
 coordIndex [
  1,4,5,-1,1,5,0,-1,2,3,4,-1,2,4,1,-1]
  normalPerVertex TRUE
  normal DEF NORM_184 Normal { vector [
  -1 0 0,-1 0 0,
  -1 0 0,-1 0 0,
  -1 0 0,-1 0 0] }
}
}
DEF SHAPE_185 Shape {
 appearance USE APP_1
 geometry DEF FACE_185 IndexedFaceSet {
  coord DEF COORD_185 Coordinate { point [
  9.1235 15.5 -1.420625,8.9665 15.5 -1.420625,
  9.1235 16.1 -1.58,8.9665 16.1 -1.58] }
 coordIndex [
  2,1,0,-1,3,1,2,-1]
  normalPerVertex TRUE
  normal DEF NORM_185 Normal { vector [
  0 0.25672261 0.96648513,0 0.25672261 0.96648513,
  0 0.25672261 0.96648513,0 0.25672261 0.96648513] }
}
}
DEF SHAPE_186 Shape {
 appearance USE APP_1
 geometry DEF FACE_186 IndexedFaceSet {
  coord DEF COORD_186 Coordinate { point [
  9.1235 16.1 -1.82,8.9665 16.1 -1.82,
  9.1235 15.5 -1.979375,8.9665 15.5 -1.979375] }
 coordIndex [
  3,1,0,-1,3,0,2,-1]
  normalPerVertex TRUE
  normal DEF NORM_186 Normal { vector [
  0 0.25672261 -0.96648513,0 0.25672261 -0.96648513,
  0 0.25672261 -0.96648513,0 0.25672261 -0.96648513] }
}
}
DEF SHAPE_187 Shape {
 appearance USE APP_1
 geometry DEF FACE_187 IndexedFaceSet {
  coord DEF COORD_187 Coordinate { point [
  9.1235 17.35 -1.58,9.1235 17.35 -1.82,
  9.1235 16.1 -1.58,9.1235 15.5 -1.420625,
  9.1235 15.5 -1.979375,9.1235 16.1 -1.82] }
 coordIndex [
  5,2,3,-1,5,3,4,-1,1,0,2,-1,1,2,5,-1]
  normalPerVertex TRUE
  normal DEF NORM_187 Normal { vector [
  1 0 0,1 0 0,
  1 0 0,1 0 0,
  1 0 0,1 0 0] }
}
}
DEF SHAPE_188 Shape {
 appearance USE APP_1
 geometry DEF FACE_188 IndexedFaceSet {
  coord DEF COORD_188 Coordinate { point [
  8.9665 15.5 -2.420625,8.9665 16.1 -2.58,
  8.9665 17.35 -2.58,8.9665 17.35 -2.82,
  8.9665 16.1 -2.82,8.9665 15.5 -2.979375] }
 coordIndex [
  1,4,5,-1,1,5,0,-1,2,3,4,-1,2,4,1,-1]
  normalPerVertex TRUE
  normal DEF NORM_188 Normal { vector [
  -1 0 0,-1 0 0,
  -1 0 0,-1 0 0,
  -1 0 0,-1 0 0] }
}
}
DEF SHAPE_189 Shape {
 appearance USE APP_1
 geometry DEF FACE_189 IndexedFaceSet {
  coord DEF COORD_189 Coordinate { point [
  9.1235 15.5 -2.420625,8.9665 15.5 -2.420625,
  9.1235 16.1 -2.58,8.9665 16.1 -2.58] }
 coordIndex [
  2,1,0,-1,3,1,2,-1]
  normalPerVertex TRUE
  normal DEF NORM_189 Normal { vector [
  0 0.25672261 0.96648513,0 0.25672261 0.96648513,
  0 0.25672261 0.96648513,0 0.25672261 0.96648513] }
}
}
DEF SHAPE_190 Shape {
 appearance USE APP_1
 geometry DEF FACE_190 IndexedFaceSet {
  coord DEF COORD_190 Coordinate { point [
  9.1235 16.1 -2.82,8.9665 16.1 -2.82,
  9.1235 15.5 -2.979375,8.9665 15.5 -2.979375] }
 coordIndex [
  2,1,0,-1,3,1,2,-1]
  normalPerVertex TRUE
  normal DEF NORM_190 Normal { vector [
  0 0.25672261 -0.96648513,0 0.25672261 -0.96648513,
  0 0.25672261 -0.96648513,0 0.25672261 -0.96648513] }
}
}
DEF SHAPE_191 Shape {
 appearance USE APP_1
 geometry DEF FACE_191 IndexedFaceSet {
  coord DEF COORD_191 Coordinate { point [
  9.1235 17.35 -2.58,9.1235 17.35 -2.82,
  9.1235 16.1 -2.58,9.1235 15.5 -2.420625,
  9.1235 15.5 -2.979375,9.1235 16.1 -2.82] }
 coordIndex [
  5,2,3,-1,5,3,4,-1,0,2,5,-1,1,0,5,-1]
  normalPerVertex TRUE
  normal DEF NORM_191 Normal { vector [
  1 0 0,1 0 0,
  1 0 0,1 0 0,
  1 0 0,1 0 0] }
}
}
DEF SHAPE_192 Shape {
 appearance USE APP_1
 geometry DEF FACE_192 IndexedFaceSet {
  coord DEF COORD_192 Coordinate { point [
  8.9665 15.5 -3.420625,8.9665 16.1 -3.58,
  8.9665 17.35 -3.58,8.9665 17.35 -3.82,
  8.9665 16.1 -3.82,8.9665 15.5 -3.979375] }
 coordIndex [
  1,4,5,-1,1,5,0,-1,2,3,4,-1,2,4,1,-1]
  normalPerVertex TRUE
  normal DEF NORM_192 Normal { vector [
  -1 0 0,-1 0 0,
  -1 0 0,-1 0 0,
  -1 0 0,-1 0 0] }
}
}
DEF SHAPE_193 Shape {
 appearance USE APP_1
 geometry DEF FACE_193 IndexedFaceSet {
  coord DEF COORD_193 Coordinate { point [
  9.1235 15.5 -3.420625,8.9665 15.5 -3.420625,
  9.1235 16.1 -3.58,8.9665 16.1 -3.58] }
 coordIndex [
  3,1,0,-1,3,0,2,-1]
  normalPerVertex TRUE
  normal DEF NORM_193 Normal { vector [
  0 0.25672261 0.96648513,0 0.25672261 0.96648513,
  0 0.25672261 0.96648513,0 0.25672261 0.96648513] }
}
}
DEF SHAPE_194 Shape {
 appearance USE APP_1
 geometry DEF FACE_194 IndexedFaceSet {
  coord DEF COORD_194 Coordinate { point [
  9.1235 16.1 -3.82,8.9665 16.1 -3.82,
  9.1235 15.5 -3.979375,8.9665 15.5 -3.979375] }
 coordIndex [
  3,1,0,-1,3,0,2,-1]
  normalPerVertex TRUE
  normal DEF NORM_194 Normal { vector [
  0 0.25672261 -0.96648513,0 0.25672261 -0.96648513,
  0 0.25672261 -0.96648513,0 0.25672261 -0.96648513] }
}
}
DEF SHAPE_195 Shape {
 appearance USE APP_1
 geometry DEF FACE_195 IndexedFaceSet {
  coord DEF COORD_195 Coordinate { point [
  9.1235 17.35 -3.58,9.1235 17.35 -3.82,
  9.1235 16.1 -3.58,9.1235 15.5 -3.420625,
  9.1235 15.5 -3.979375,9.1235 16.1 -3.82] }
 coordIndex [
  2,3,4,-1,5,2,4,-1,0,2,5,-1,1,0,5,-1]
  normalPerVertex TRUE
  normal DEF NORM_195 Normal { vector [
  1 0 0,1 0 0,
  1 0 0,1 0 0,
  1 0 0,1 0 0] }
}
}
DEF SHAPE_196 Shape {
 appearance USE APP_1
 geometry DEF FACE_196 IndexedFaceSet {
  coord DEF COORD_196 Coordinate { point [
  8.9665 15.5 -4.420625,8.9665 16.1 -4.58,
  8.9665 17.35 -4.58,8.9665 17.35 -4.82,
  8.9665 16.1 -4.82,8.9665 15.5 -4.979375] }
 coordIndex [
  1,4,5,-1,1,5,0,-1,2,3,4,-1,2,4,1,-1]
  normalPerVertex TRUE
  normal DEF NORM_196 Normal { vector [
  -1 0 0,-1 0 0,
  -1 0 0,-1 0 0,
  -1 0 0,-1 0 0] }
}
}
DEF SHAPE_197 Shape {
 appearance USE APP_1
 geometry DEF FACE_197 IndexedFaceSet {
  coord DEF COORD_197 Coordinate { point [
  9.1235 15.5 -4.420625,8.9665 15.5 -4.420625,
  9.1235 16.1 -4.58,8.9665 16.1 -4.58] }
 coordIndex [
  3,1,0,-1,3,0,2,-1]
  normalPerVertex TRUE
  normal DEF NORM_197 Normal { vector [
  0 0.25672261 0.96648513,0 0.25672261 0.96648513,
  0 0.25672261 0.96648513,0 0.25672261 0.96648513] }
}
}
DEF SHAPE_198 Shape {
 appearance USE APP_1
 geometry DEF FACE_198 IndexedFaceSet {
  coord DEF COORD_198 Coordinate { point [
  9.1235 16.1 -4.82,8.9665 16.1 -4.82,
  9.1235 15.5 -4.979375,8.9665 15.5 -4.979375] }
 coordIndex [
  2,1,0,-1,3,1,2,-1]
  normalPerVertex TRUE
  normal DEF NORM_198 Normal { vector [
  0 0.25672261 -0.96648513,0 0.25672261 -0.96648513,
  0 0.25672261 -0.96648513,0 0.25672261 -0.96648513] }
}
}
DEF SHAPE_199 Shape {
 appearance USE APP_1
 geometry DEF FACE_199 IndexedFaceSet {
  coord DEF COORD_199 Coordinate { point [
  9.1235 17.35 -4.58,9.1235 17.35 -4.82,
  9.1235 16.1 -4.58,9.1235 15.5 -4.420625,
  9.1235 15.5 -4.979375,9.1235 16.1 -4.82] }
 coordIndex [
  2,3,4,-1,5,2,4,-1,0,2,5,-1,1,0,5,-1]
  normalPerVertex TRUE
  normal DEF NORM_199 Normal { vector [
  1 0 0,1 0 0,
  1 0 0,1 0 0,
  1 0 0,1 0 0] }
}
}
DEF SHAPE_200 Shape {
 appearance USE APP_1
 geometry DEF FACE_200 IndexedFaceSet {
  coord DEF COORD_200 Coordinate { point [
  8.9665 15.5 -5.420625,8.9665 16.1 -5.58,
  8.9665 17.35 -5.58,8.9665 17.35 -5.82,
  8.9665 16.1 -5.82,8.9665 15.5 -5.979375] }
 coordIndex [
  1,4,5,-1,1,5,0,-1,2,3,4,-1,2,4,1,-1]
  normalPerVertex TRUE
  normal DEF NORM_200 Normal { vector [
  -1 0 0,-1 0 0,
  -1 0 0,-1 0 0,
  -1 0 0,-1 0 0] }
}
}
DEF SHAPE_201 Shape {
 appearance USE APP_1
 geometry DEF FACE_201 IndexedFaceSet {
  coord DEF COORD_201 Coordinate { point [
  9.1235 15.5 -5.420625,8.9665 15.5 -5.420625,
  9.1235 16.1 -5.58,8.9665 16.1 -5.58] }
 coordIndex [
  3,1,0,-1,3,0,2,-1]
  normalPerVertex TRUE
  normal DEF NORM_201 Normal { vector [
  0 0.25672261 0.96648513,0 0.25672261 0.96648513,
  0 0.25672261 0.96648513,0 0.25672261 0.96648513] }
}
}
DEF SHAPE_202 Shape {
 appearance USE APP_1
 geometry DEF FACE_202 IndexedFaceSet {
  coord DEF COORD_202 Coordinate { point [
  9.1235 16.1 -5.82,8.9665 16.1 -5.82,
  9.1235 15.5 -5.979375,8.9665 15.5 -5.979375] }
 coordIndex [
  3,1,0,-1,3,0,2,-1]
  normalPerVertex TRUE
  normal DEF NORM_202 Normal { vector [
  0 0.25672261 -0.96648513,0 0.25672261 -0.96648513,
  0 0.25672261 -0.96648513,0 0.25672261 -0.96648513] }
}
}
DEF SHAPE_203 Shape {
 appearance USE APP_1
 geometry DEF FACE_203 IndexedFaceSet {
  coord DEF COORD_203 Coordinate { point [
  9.1235 17.35 -5.58,9.1235 17.35 -5.82,
  9.1235 16.1 -5.58,9.1235 15.5 -5.420625,
  9.1235 15.5 -5.979375,9.1235 16.1 -5.82] }
 coordIndex [
  5,2,3,-1,5,3,4,-1,0,2,5,-1,1,0,5,-1]
  normalPerVertex TRUE
  normal DEF NORM_203 Normal { vector [
  1 0 0,1 0 0,
  1 0 0,1 0 0,
  1 0 0,1 0 0] }
}
}
DEF SHAPE_204 Shape {
 appearance USE APP_1
 geometry DEF FACE_204 IndexedFaceSet {
  coord DEF COORD_204 Coordinate { point [
  8.9665 15.5 -6.420625,8.9665 16.1 -6.58,
  8.9665 17.35 -6.58,8.9665 17.35 -6.82,
  8.9665 16.1 -6.82,8.9665 15.5 -6.979375] }
 coordIndex [
  1,4,5,-1,1,5,0,-1,2,3,4,-1,2,4,1,-1]
  normalPerVertex TRUE
  normal DEF NORM_204 Normal { vector [
  -1 0 0,-1 0 0,
  -1 0 0,-1 0 0,
  -1 0 0,-1 0 0] }
}
}
DEF SHAPE_205 Shape {
 appearance USE APP_1
 geometry DEF FACE_205 IndexedFaceSet {
  coord DEF COORD_205 Coordinate { point [
  9.1235 15.5 -6.420625,8.9665 15.5 -6.420625,
  9.1235 16.1 -6.58,8.9665 16.1 -6.58] }
 coordIndex [
  3,1,0,-1,3,0,2,-1]
  normalPerVertex TRUE
  normal DEF NORM_205 Normal { vector [
  0 0.25672261 0.96648513,0 0.25672261 0.96648513,
  0 0.25672261 0.96648513,0 0.25672261 0.96648513] }
}
}
DEF SHAPE_206 Shape {
 appearance USE APP_1
 geometry DEF FACE_206 IndexedFaceSet {
  coord DEF COORD_206 Coordinate { point [
  9.1235 16.1 -6.82,8.9665 16.1 -6.82,
  9.1235 15.5 -6.979375,8.9665 15.5 -6.979375] }
 coordIndex [
  3,1,0,-1,3,0,2,-1]
  normalPerVertex TRUE
  normal DEF NORM_206 Normal { vector [
  0 0.25672261 -0.96648513,0 0.25672261 -0.96648513,
  0 0.25672261 -0.96648513,0 0.25672261 -0.96648513] }
}
}
DEF SHAPE_207 Shape {
 appearance USE APP_1
 geometry DEF FACE_207 IndexedFaceSet {
  coord DEF COORD_207 Coordinate { point [
  9.1235 17.35 -6.58,9.1235 17.35 -6.82,
  9.1235 16.1 -6.58,9.1235 15.5 -6.420625,
  9.1235 15.5 -6.979375,9.1235 16.1 -6.82] }
 coordIndex [
  2,3,4,-1,5,2,4,-1,0,2,5,-1,1,0,5,-1]
  normalPerVertex TRUE
  normal DEF NORM_207 Normal { vector [
  1 0 0,1 0 0,
  1 0 0,1 0 0,
  1 0 0,1 0 0] }
}
}
DEF SHAPE_208 Shape {
 appearance USE APP_1
 geometry DEF FACE_208 IndexedFaceSet {
  coord DEF COORD_208 Coordinate { point [
  8.9665 15.5 -7.420625,8.9665 16.1 -7.58,
  8.9665 17.35 -7.58,8.9665 17.35 -7.82,
  8.9665 16.1 -7.82,8.9665 15.5 -7.979375] }
 coordIndex [
  1,4,5,-1,1,5,0,-1,2,3,4,-1,2,4,1,-1]
  normalPerVertex TRUE
  normal DEF NORM_208 Normal { vector [
  -1 0 0,-1 0 0,
  -1 0 0,-1 0 0,
  -1 0 0,-1 0 0] }
}
}
DEF SHAPE_209 Shape {
 appearance USE APP_1
 geometry DEF FACE_209 IndexedFaceSet {
  coord DEF COORD_209 Coordinate { point [
  9.1235 15.5 -7.420625,8.9665 15.5 -7.420625,
  9.1235 16.1 -7.58,8.9665 16.1 -7.58] }
 coordIndex [
  2,1,0,-1,3,1,2,-1]
  normalPerVertex TRUE
  normal DEF NORM_209 Normal { vector [
  0 0.25672261 0.96648513,0 0.25672261 0.96648513,
  0 0.25672261 0.96648513,0 0.25672261 0.96648513] }
}
}
DEF SHAPE_210 Shape {
 appearance USE APP_1
 geometry DEF FACE_210 IndexedFaceSet {
  coord DEF COORD_210 Coordinate { point [
  9.1235 16.1 -7.82,8.9665 16.1 -7.82,
  9.1235 15.5 -7.979375,8.9665 15.5 -7.979375] }
 coordIndex [
  3,1,0,-1,3,0,2,-1]
  normalPerVertex TRUE
  normal DEF NORM_210 Normal { vector [
  0 0.25672261 -0.96648513,0 0.25672261 -0.96648513,
  0 0.25672261 -0.96648513,0 0.25672261 -0.96648513] }
}
}
DEF SHAPE_211 Shape {
 appearance USE APP_1
 geometry DEF FACE_211 IndexedFaceSet {
  coord DEF COORD_211 Coordinate { point [
  9.1235 17.35 -7.58,9.1235 17.35 -7.82,
  9.1235 16.1 -7.58,9.1235 15.5 -7.420625,
  9.1235 15.5 -7.979375,9.1235 16.1 -7.82] }
 coordIndex [
  2,3,4,-1,5,2,4,-1,0,2,5,-1,1,0,5,-1]
  normalPerVertex TRUE
  normal DEF NORM_211 Normal { vector [
  1 0 0,1 0 0,
  1 0 0,1 0 0,
  1 0 0,1 0 0] }
}
}
DEF SHAPE_212 Shape {
 appearance USE APP_1
 geometry DEF FACE_212 IndexedFaceSet {
  coord DEF COORD_212 Coordinate { point [
  8.9665 15.5 -8.420625,8.9665 16.1 -8.58,
  8.9665 17.35 -8.58,8.9665 17.35 -8.82,
  8.9665 16.1 -8.82,8.9665 15.5 -8.979375] }
 coordIndex [
  4,5,0,-1,1,4,0,-1,2,3,4,-1,2,4,1,-1]
  normalPerVertex TRUE
  normal DEF NORM_212 Normal { vector [
  -1 0 0,-1 0 0,
  -1 0 0,-1 0 0,
  -1 0 0,-1 0 0] }
}
}
DEF SHAPE_213 Shape {
 appearance USE APP_1
 geometry DEF FACE_213 IndexedFaceSet {
  coord DEF COORD_213 Coordinate { point [
  9.1235 15.5 -8.420625,8.9665 15.5 -8.420625,
  9.1235 16.1 -8.58,8.9665 16.1 -8.58] }
 coordIndex [
  3,1,0,-1,3,0,2,-1]
  normalPerVertex TRUE
  normal DEF NORM_213 Normal { vector [
  0 0.25672261 0.96648513,0 0.25672261 0.96648513,
  0 0.25672261 0.96648513,0 0.25672261 0.96648513] }
}
}
DEF SHAPE_214 Shape {
 appearance USE APP_1
 geometry DEF FACE_214 IndexedFaceSet {
  coord DEF COORD_214 Coordinate { point [
  9.1235 16.1 -8.82,8.9665 16.1 -8.82,
  9.1235 15.5 -8.979375,8.9665 15.5 -8.979375] }
 coordIndex [
  2,1,0,-1,3,1,2,-1]
  normalPerVertex TRUE
  normal DEF NORM_214 Normal { vector [
  0 0.25672261 -0.96648513,0 0.25672261 -0.96648513,
  0 0.25672261 -0.96648513,0 0.25672261 -0.96648513] }
}
}
DEF SHAPE_215 Shape {
 appearance USE APP_1
 geometry DEF FACE_215 IndexedFaceSet {
  coord DEF COORD_215 Coordinate { point [
  9.1235 17.35 -8.58,9.1235 17.35 -8.82,
  9.1235 16.1 -8.58,9.1235 15.5 -8.420625,
  9.1235 15.5 -8.979375,9.1235 16.1 -8.82] }
 coordIndex [
  2,3,4,-1,5,2,4,-1,0,2,5,-1,1,0,5,-1]
  normalPerVertex TRUE
  normal DEF NORM_215 Normal { vector [
  1 0 0,1 0 0,
  1 0 0,1 0 0,
  1 0 0,1 0 0] }
}
}
DEF SHAPE_216 Shape {
 appearance USE APP_1
 geometry DEF FACE_216 IndexedFaceSet {
  coord DEF COORD_216 Coordinate { point [
  8.9665 15.5 -9.420625,8.9665 16.1 -9.58,
  8.9665 17.35 -9.58,8.9665 17.35 -9.82,
  8.9665 16.1 -9.82,8.9665 15.5 -9.979375] }
 coordIndex [
  1,4,5,-1,1,5,0,-1,2,3,4,-1,2,4,1,-1]
  normalPerVertex TRUE
  normal DEF NORM_216 Normal { vector [
  -1 0 0,-1 0 0,
  -1 0 0,-1 0 0,
  -1 0 0,-1 0 0] }
}
}
DEF SHAPE_217 Shape {
 appearance USE APP_1
 geometry DEF FACE_217 IndexedFaceSet {
  coord DEF COORD_217 Coordinate { point [
  9.1235 15.5 -9.420625,8.9665 15.5 -9.420625,
  9.1235 16.1 -9.58,8.9665 16.1 -9.58] }
 coordIndex [
  2,1,0,-1,3,1,2,-1]
  normalPerVertex TRUE
  normal DEF NORM_217 Normal { vector [
  0 0.25672261 0.96648513,0 0.25672261 0.96648513,
  0 0.25672261 0.96648513,0 0.25672261 0.96648513] }
}
}
DEF SHAPE_218 Shape {
 appearance USE APP_1
 geometry DEF FACE_218 IndexedFaceSet {
  coord DEF COORD_218 Coordinate { point [
  9.1235 16.1 -9.82,8.9665 16.1 -9.82,
  9.1235 15.5 -9.979375,8.9665 15.5 -9.979375] }
 coordIndex [
  2,1,0,-1,3,1,2,-1]
  normalPerVertex TRUE
  normal DEF NORM_218 Normal { vector [
  0 0.25672261 -0.96648513,0 0.25672261 -0.96648513,
  0 0.25672261 -0.96648513,0 0.25672261 -0.96648513] }
}
}
DEF SHAPE_219 Shape {
 appearance USE APP_1
 geometry DEF FACE_219 IndexedFaceSet {
  coord DEF COORD_219 Coordinate { point [
  9.1235 17.35 -9.58,9.1235 17.35 -9.82,
  9.1235 16.1 -9.58,9.1235 15.5 -9.420625,
  9.1235 15.5 -9.979375,9.1235 16.1 -9.82] }
 coordIndex [
  2,3,4,-1,5,2,4,-1,0,2,5,-1,1,0,5,-1]
  normalPerVertex TRUE
  normal DEF NORM_219 Normal { vector [
  1 0 0,1 0 0,
  1 0 0,1 0 0,
  1 0 0,1 0 0] }
}
}
DEF SHAPE_220 Shape {
 appearance USE APP_1
 geometry DEF FACE_220 IndexedFaceSet {
  coord DEF COORD_220 Coordinate { point [
  8.9665 15.5 -10.420625,8.9665 16.1 -10.58,
  8.9665 17.35 -10.58,8.9665 17.35 -10.82,
  8.9665 16.1 -10.82,8.9665 15.5 -10.979375] }
 coordIndex [
  1,4,5,-1,1,5,0,-1,2,3,4,-1,2,4,1,-1]
  normalPerVertex TRUE
  normal DEF NORM_220 Normal { vector [
  -1 0 0,-1 0 0,
  -1 0 0,-1 0 0,
  -1 0 0,-1 0 0] }
}
}
DEF SHAPE_221 Shape {
 appearance USE APP_1
 geometry DEF FACE_221 IndexedFaceSet {
  coord DEF COORD_221 Coordinate { point [
  9.1235 15.5 -10.420625,8.9665 15.5 -10.420625,
  9.1235 16.1 -10.58,8.9665 16.1 -10.58] }
 coordIndex [
  2,1,0,-1,3,1,2,-1]
  normalPerVertex TRUE
  normal DEF NORM_221 Normal { vector [
  0 0.25672261 0.96648513,0 0.25672261 0.96648513,
  0 0.25672261 0.96648513,0 0.25672261 0.96648513] }
}
}
DEF SHAPE_222 Shape {
 appearance USE APP_1
 geometry DEF FACE_222 IndexedFaceSet {
  coord DEF COORD_222 Coordinate { point [
  9.1235 16.1 -10.82,8.9665 16.1 -10.82,
  9.1235 15.5 -10.979375,8.9665 15.5 -10.979375] }
 coordIndex [
  2,1,0,-1,3,1,2,-1]
  normalPerVertex TRUE
  normal DEF NORM_222 Normal { vector [
  0 0.25672261 -0.96648513,0 0.25672261 -0.96648513,
  0 0.25672261 -0.96648513,0 0.25672261 -0.96648513] }
}
}
DEF SHAPE_223 Shape {
 appearance USE APP_1
 geometry DEF FACE_223 IndexedFaceSet {
  coord DEF COORD_223 Coordinate { point [
  9.1235 17.35 -10.58,9.1235 17.35 -10.82,
  9.1235 16.1 -10.58,9.1235 15.5 -10.420625,
  9.1235 15.5 -10.979375,9.1235 16.1 -10.82] }
 coordIndex [
  2,3,4,-1,5,2,4,-1,0,2,5,-1,1,0,5,-1]
  normalPerVertex TRUE
  normal DEF NORM_223 Normal { vector [
  1 0 0,1 0 0,
  1 0 0,1 0 0,
  1 0 0,1 0 0] }
}
}
DEF SHAPE_224 Shape {
 appearance USE APP_1
 geometry DEF FACE_224 IndexedFaceSet {
  coord DEF COORD_224 Coordinate { point [
  8.9665 15.5 -11.420625,8.9665 16.1 -11.58,
  8.9665 17.35 -11.58,8.9665 17.35 -11.82,
  8.9665 16.1 -11.82,8.9665 15.5 -11.979375] }
 coordIndex [
  1,4,5,-1,1,5,0,-1,2,3,4,-1,2,4,1,-1]
  normalPerVertex TRUE
  normal DEF NORM_224 Normal { vector [
  -1 0 0,-1 0 0,
  -1 0 0,-1 0 0,
  -1 0 0,-1 0 0] }
}
}
DEF SHAPE_225 Shape {
 appearance USE APP_1
 geometry DEF FACE_225 IndexedFaceSet {
  coord DEF COORD_225 Coordinate { point [
  9.1235 15.5 -11.420625,8.9665 15.5 -11.420625,
  9.1235 16.1 -11.58,8.9665 16.1 -11.58] }
 coordIndex [
  2,1,0,-1,3,1,2,-1]
  normalPerVertex TRUE
  normal DEF NORM_225 Normal { vector [
  0 0.25672261 0.96648513,0 0.25672261 0.96648513,
  0 0.25672261 0.96648513,0 0.25672261 0.96648513] }
}
}
DEF SHAPE_226 Shape {
 appearance USE APP_1
 geometry DEF FACE_226 IndexedFaceSet {
  coord DEF COORD_226 Coordinate { point [
  9.1235 16.1 -11.82,8.9665 16.1 -11.82,
  9.1235 15.5 -11.979375,8.9665 15.5 -11.979375] }
 coordIndex [
  3,1,0,-1,3,0,2,-1]
  normalPerVertex TRUE
  normal DEF NORM_226 Normal { vector [
  0 0.25672261 -0.96648513,0 0.25672261 -0.96648513,
  0 0.25672261 -0.96648513,0 0.25672261 -0.96648513] }
}
}
DEF SHAPE_227 Shape {
 appearance USE APP_1
 geometry DEF FACE_227 IndexedFaceSet {
  coord DEF COORD_227 Coordinate { point [
  9.1235 17.35 -11.58,9.1235 17.35 -11.82,
  9.1235 16.1 -11.58,9.1235 15.5 -11.420625,
  9.1235 15.5 -11.979375,9.1235 16.1 -11.82] }
 coordIndex [
  2,3,4,-1,5,2,4,-1,0,2,5,-1,1,0,5,-1]
  normalPerVertex TRUE
  normal DEF NORM_227 Normal { vector [
  1 0 0,1 0 0,
  1 0 0,1 0 0,
  1 0 0,1 0 0] }
}
}
DEF SHAPE_228 Shape {
 appearance USE APP_1
 geometry DEF FACE_228 IndexedFaceSet {
  coord DEF COORD_228 Coordinate { point [
  8.9665 15.5 -12.420625,8.9665 16.1 -12.58,
  8.9665 17.35 -12.58,8.9665 17.35 -12.82,
  8.9665 16.1 -12.82,8.9665 15.5 -12.979375] }
 coordIndex [
  1,4,5,-1,1,5,0,-1,2,3,4,-1,2,4,1,-1]
  normalPerVertex TRUE
  normal DEF NORM_228 Normal { vector [
  -1 0 0,-1 0 0,
  -1 0 0,-1 0 0,
  -1 0 0,-1 0 0] }
}
}
DEF SHAPE_229 Shape {
 appearance USE APP_1
 geometry DEF FACE_229 IndexedFaceSet {
  coord DEF COORD_229 Coordinate { point [
  9.1235 15.5 -12.420625,8.9665 15.5 -12.420625,
  9.1235 16.1 -12.58,8.9665 16.1 -12.58] }
 coordIndex [
  3,1,0,-1,3,0,2,-1]
  normalPerVertex TRUE
  normal DEF NORM_229 Normal { vector [
  0 0.25672261 0.96648513,0 0.25672261 0.96648513,
  0 0.25672261 0.96648513,0 0.25672261 0.96648513] }
}
}
DEF SHAPE_230 Shape {
 appearance USE APP_1
 geometry DEF FACE_230 IndexedFaceSet {
  coord DEF COORD_230 Coordinate { point [
  9.1235 16.1 -12.82,8.9665 16.1 -12.82,
  9.1235 15.5 -12.979375,8.9665 15.5 -12.979375] }
 coordIndex [
  2,1,0,-1,3,1,2,-1]
  normalPerVertex TRUE
  normal DEF NORM_230 Normal { vector [
  0 0.25672261 -0.96648513,0 0.25672261 -0.96648513,
  0 0.25672261 -0.96648513,0 0.25672261 -0.96648513] }
}
}
DEF SHAPE_231 Shape {
 appearance USE APP_1
 geometry DEF FACE_231 IndexedFaceSet {
  coord DEF COORD_231 Coordinate { point [
  9.1235 17.35 -12.58,9.1235 17.35 -12.82,
  9.1235 16.1 -12.58,9.1235 15.5 -12.420625,
  9.1235 15.5 -12.979375,9.1235 16.1 -12.82] }
 coordIndex [
  5,2,3,-1,5,3,4,-1,1,0,2,-1,1,2,5,-1]
  normalPerVertex TRUE
  normal DEF NORM_231 Normal { vector [
  1 0 0,1 0 0,
  1 0 0,1 0 0,
  1 0 0,1 0 0] }
}
}
DEF SHAPE_232 Shape {
 appearance USE APP_1
 geometry DEF FACE_232 IndexedFaceSet {
  coord DEF COORD_232 Coordinate { point [
  8.9665 15.5 -13.420625,8.9665 16.1 -13.58,
  8.9665 17.35 -13.58,8.9665 17.35 -13.82,
  8.9665 16.1 -13.82,8.9665 15.5 -13.979375] }
 coordIndex [
  1,4,5,-1,1,5,0,-1,2,3,4,-1,2,4,1,-1]
  normalPerVertex TRUE
  normal DEF NORM_232 Normal { vector [
  -1 0 0,-1 0 0,
  -1 0 0,-1 0 0,
  -1 0 0,-1 0 0] }
}
}
DEF SHAPE_233 Shape {
 appearance USE APP_1
 geometry DEF FACE_233 IndexedFaceSet {
  coord DEF COORD_233 Coordinate { point [
  9.1235 15.5 -13.420625,8.9665 15.5 -13.420625,
  9.1235 16.1 -13.58,8.9665 16.1 -13.58] }
 coordIndex [
  2,1,0,-1,3,1,2,-1]
  normalPerVertex TRUE
  normal DEF NORM_233 Normal { vector [
  0 0.25672261 0.96648513,0 0.25672261 0.96648513,
  0 0.25672261 0.96648513,0 0.25672261 0.96648513] }
}
}
DEF SHAPE_234 Shape {
 appearance USE APP_1
 geometry DEF FACE_234 IndexedFaceSet {
  coord DEF COORD_234 Coordinate { point [
  9.1235 16.1 -13.82,8.9665 16.1 -13.82,
  9.1235 15.5 -13.979375,8.9665 15.5 -13.979375] }
 coordIndex [
  2,1,0,-1,3,1,2,-1]
  normalPerVertex TRUE
  normal DEF NORM_234 Normal { vector [
  0 0.25672261 -0.96648513,0 0.25672261 -0.96648513,
  0 0.25672261 -0.96648513,0 0.25672261 -0.96648513] }
}
}
DEF SHAPE_235 Shape {
 appearance USE APP_1
 geometry DEF FACE_235 IndexedFaceSet {
  coord DEF COORD_235 Coordinate { point [
  9.1235 17.35 -13.58,9.1235 17.35 -13.82,
  9.1235 16.1 -13.58,9.1235 15.5 -13.420625,
  9.1235 15.5 -13.979375,9.1235 16.1 -13.82] }
 coordIndex [
  2,3,4,-1,5,2,4,-1,0,2,5,-1,1,0,5,-1]
  normalPerVertex TRUE
  normal DEF NORM_235 Normal { vector [
  1 0 0,1 0 0,
  1 0 0,1 0 0,
  1 0 0,1 0 0] }
}
}
DEF SHAPE_236 Shape {
 appearance USE APP_1
 geometry DEF FACE_236 IndexedFaceSet {
  coord DEF COORD_236 Coordinate { point [
  8.9665 15.5 -14.420625,8.9665 16.1 -14.58,
  8.9665 17.35 -14.58,8.9665 17.35 -14.82,
  8.9665 16.1 -14.82,8.9665 15.5 -14.979375] }
 coordIndex [
  1,4,5,-1,1,5,0,-1,2,3,4,-1,2,4,1,-1]
  normalPerVertex TRUE
  normal DEF NORM_236 Normal { vector [
  -1 0 0,-1 0 0,
  -1 0 0,-1 0 0,
  -1 0 0,-1 0 0] }
}
}
DEF SHAPE_237 Shape {
 appearance USE APP_1
 geometry DEF FACE_237 IndexedFaceSet {
  coord DEF COORD_237 Coordinate { point [
  9.1235 15.5 -14.420625,8.9665 15.5 -14.420625,
  9.1235 16.1 -14.58,8.9665 16.1 -14.58] }
 coordIndex [
  2,1,0,-1,3,1,2,-1]
  normalPerVertex TRUE
  normal DEF NORM_237 Normal { vector [
  0 0.25672261 0.96648513,0 0.25672261 0.96648513,
  0 0.25672261 0.96648513,0 0.25672261 0.96648513] }
}
}
DEF SHAPE_238 Shape {
 appearance USE APP_1
 geometry DEF FACE_238 IndexedFaceSet {
  coord DEF COORD_238 Coordinate { point [
  9.1235 16.1 -14.82,8.9665 16.1 -14.82,
  9.1235 15.5 -14.979375,8.9665 15.5 -14.979375] }
 coordIndex [
  2,1,0,-1,3,1,2,-1]
  normalPerVertex TRUE
  normal DEF NORM_238 Normal { vector [
  0 0.25672261 -0.96648513,0 0.25672261 -0.96648513,
  0 0.25672261 -0.96648513,0 0.25672261 -0.96648513] }
}
}
DEF SHAPE_239 Shape {
 appearance USE APP_1
 geometry DEF FACE_239 IndexedFaceSet {
  coord DEF COORD_239 Coordinate { point [
  9.1235 17.35 -14.58,9.1235 17.35 -14.82,
  9.1235 16.1 -14.58,9.1235 15.5 -14.420625,
  9.1235 15.5 -14.979375,9.1235 16.1 -14.82] }
 coordIndex [
  5,2,3,-1,5,3,4,-1,1,0,2,-1,1,2,5,-1]
  normalPerVertex TRUE
  normal DEF NORM_239 Normal { vector [
  1 0 0,1 0 0,
  1 0 0,1 0 0,
  1 0 0,1 0 0] }
}
}
DEF SHAPE_240 Shape {
 appearance USE APP_1
 geometry DEF FACE_240 IndexedFaceSet {
  coord DEF COORD_240 Coordinate { point [
  8.9665 15.5 -15.420625,8.9665 16.1 -15.58,
  8.9665 17.35 -15.58,8.9665 17.35 -15.82,
  8.9665 16.1 -15.82,8.9665 15.5 -15.979375] }
 coordIndex [
  1,4,5,-1,1,5,0,-1,2,3,4,-1,2,4,1,-1]
  normalPerVertex TRUE
  normal DEF NORM_240 Normal { vector [
  -1 0 0,-1 0 0,
  -1 0 0,-1 0 0,
  -1 0 0,-1 0 0] }
}
}
DEF SHAPE_241 Shape {
 appearance USE APP_1
 geometry DEF FACE_241 IndexedFaceSet {
  coord DEF COORD_241 Coordinate { point [
  9.1235 15.5 -15.420625,8.9665 15.5 -15.420625,
  9.1235 16.1 -15.58,8.9665 16.1 -15.58] }
 coordIndex [
  2,1,0,-1,3,1,2,-1]
  normalPerVertex TRUE
  normal DEF NORM_241 Normal { vector [
  0 0.25672261 0.96648513,0 0.25672261 0.96648513,
  0 0.25672261 0.96648513,0 0.25672261 0.96648513] }
}
}
DEF SHAPE_242 Shape {
 appearance USE APP_1
 geometry DEF FACE_242 IndexedFaceSet {
  coord DEF COORD_242 Coordinate { point [
  9.1235 16.1 -15.82,8.9665 16.1 -15.82,
  9.1235 15.5 -15.979375,8.9665 15.5 -15.979375] }
 coordIndex [
  2,1,0,-1,3,1,2,-1]
  normalPerVertex TRUE
  normal DEF NORM_242 Normal { vector [
  0 0.25672261 -0.96648513,0 0.25672261 -0.96648513,
  0 0.25672261 -0.96648513,0 0.25672261 -0.96648513] }
}
}
DEF SHAPE_243 Shape {
 appearance USE APP_1
 geometry DEF FACE_243 IndexedFaceSet {
  coord DEF COORD_243 Coordinate { point [
  9.1235 17.35 -15.58,9.1235 17.35 -15.82,
  9.1235 16.1 -15.58,9.1235 15.5 -15.420625,
  9.1235 15.5 -15.979375,9.1235 16.1 -15.82] }
 coordIndex [
  2,3,4,-1,5,2,4,-1,0,2,5,-1,1,0,5,-1]
  normalPerVertex TRUE
  normal DEF NORM_243 Normal { vector [
  1 0 0,1 0 0,
  1 0 0,1 0 0,
  1 0 0,1 0 0] }
}
}
DEF SHAPE_244 Shape {
 appearance USE APP_1
 geometry DEF FACE_244 IndexedFaceSet {
  coord DEF COORD_244 Coordinate { point [
  8.9665 15.5 -16.420625,8.9665 16.1 -16.58,
  8.9665 17.35 -16.58,8.9665 17.35 -16.82,
  8.9665 16.1 -16.82,8.9665 15.5 -16.979375] }
 coordIndex [
  1,4,5,-1,1,5,0,-1,2,3,4,-1,2,4,1,-1]
  normalPerVertex TRUE
  normal DEF NORM_244 Normal { vector [
  -1 0 0,-1 0 0,
  -1 0 0,-1 0 0,
  -1 0 0,-1 0 0] }
}
}
DEF SHAPE_245 Shape {
 appearance USE APP_1
 geometry DEF FACE_245 IndexedFaceSet {
  coord DEF COORD_245 Coordinate { point [
  9.1235 15.5 -16.420625,8.9665 15.5 -16.420625,
  9.1235 16.1 -16.58,8.9665 16.1 -16.58] }
 coordIndex [
  3,1,0,-1,3,0,2,-1]
  normalPerVertex TRUE
  normal DEF NORM_245 Normal { vector [
  0 0.25672261 0.96648513,0 0.25672261 0.96648513,
  0 0.25672261 0.96648513,0 0.25672261 0.96648513] }
}
}
DEF SHAPE_246 Shape {
 appearance USE APP_1
 geometry DEF FACE_246 IndexedFaceSet {
  coord DEF COORD_246 Coordinate { point [
  9.1235 16.1 -16.82,8.9665 16.1 -16.82,
  9.1235 15.5 -16.979375,8.9665 15.5 -16.979375] }
 coordIndex [
  2,1,0,-1,3,1,2,-1]
  normalPerVertex TRUE
  normal DEF NORM_246 Normal { vector [
  0 0.25672261 -0.96648513,0 0.25672261 -0.96648513,
  0 0.25672261 -0.96648513,0 0.25672261 -0.96648513] }
}
}
DEF SHAPE_247 Shape {
 appearance USE APP_1
 geometry DEF FACE_247 IndexedFaceSet {
  coord DEF COORD_247 Coordinate { point [
  9.1235 17.35 -16.58,9.1235 17.35 -16.82,
  9.1235 16.1 -16.58,9.1235 15.5 -16.420625,
  9.1235 15.5 -16.979375,9.1235 16.1 -16.82] }
 coordIndex [
  2,3,4,-1,5,2,4,-1,0,2,5,-1,1,0,5,-1]
  normalPerVertex TRUE
  normal DEF NORM_247 Normal { vector [
  1 0 0,1 0 0,
  1 0 0,1 0 0,
  1 0 0,1 0 0] }
}
}
DEF SHAPE_248 Shape {
 appearance USE APP_1
 geometry DEF FACE_248 IndexedFaceSet {
  coord DEF COORD_248 Coordinate { point [
  8.9665 15.5 -17.420625,8.9665 16.1 -17.58,
  8.9665 17.35 -17.58,8.9665 17.35 -17.82,
  8.9665 16.1 -17.82,8.9665 15.5 -17.979375] }
 coordIndex [
  1,4,5,-1,1,5,0,-1,2,3,4,-1,2,4,1,-1]
  normalPerVertex TRUE
  normal DEF NORM_248 Normal { vector [
  -1 0 0,-1 0 0,
  -1 0 0,-1 0 0,
  -1 0 0,-1 0 0] }
}
}
DEF SHAPE_249 Shape {
 appearance USE APP_1
 geometry DEF FACE_249 IndexedFaceSet {
  coord DEF COORD_249 Coordinate { point [
  9.1235 15.5 -17.420625,8.9665 15.5 -17.420625,
  9.1235 16.1 -17.58,8.9665 16.1 -17.58] }
 coordIndex [
  2,1,0,-1,3,1,2,-1]
  normalPerVertex TRUE
  normal DEF NORM_249 Normal { vector [
  0 0.25672261 0.96648513,0 0.25672261 0.96648513,
  0 0.25672261 0.96648513,0 0.25672261 0.96648513] }
}
}
DEF SHAPE_250 Shape {
 appearance USE APP_1
 geometry DEF FACE_250 IndexedFaceSet {
  coord DEF COORD_250 Coordinate { point [
  9.1235 16.1 -17.82,8.9665 16.1 -17.82,
  9.1235 15.5 -17.979375,8.9665 15.5 -17.979375] }
 coordIndex [
  2,1,0,-1,3,1,2,-1]
  normalPerVertex TRUE
  normal DEF NORM_250 Normal { vector [
  0 0.25672261 -0.96648513,0 0.25672261 -0.96648513,
  0 0.25672261 -0.96648513,0 0.25672261 -0.96648513] }
}
}
DEF SHAPE_251 Shape {
 appearance USE APP_1
 geometry DEF FACE_251 IndexedFaceSet {
  coord DEF COORD_251 Coordinate { point [
  9.1235 17.35 -17.58,9.1235 17.35 -17.82,
  9.1235 16.1 -17.58,9.1235 15.5 -17.420625,
  9.1235 15.5 -17.979375,9.1235 16.1 -17.82] }
 coordIndex [
  2,3,4,-1,5,2,4,-1,0,2,5,-1,1,0,5,-1]
  normalPerVertex TRUE
  normal DEF NORM_251 Normal { vector [
  1 0 0,1 0 0,
  1 0 0,1 0 0,
  1 0 0,1 0 0] }
}
}
DEF SHAPE_252 Shape {
 appearance USE APP_1
 geometry DEF FACE_252 IndexedFaceSet {
  coord DEF COORD_252 Coordinate { point [
  8.9665 15.5 -18.420625,8.9665 16.1 -18.58,
  8.9665 17.35 -18.58,8.9665 17.35 -18.82,
  8.9665 16.1 -18.82,8.9665 15.5 -18.979375] }
 coordIndex [
  4,5,0,-1,1,4,0,-1,2,3,4,-1,2,4,1,-1]
  normalPerVertex TRUE
  normal DEF NORM_252 Normal { vector [
  -1 0 0,-1 0 0,
  -1 0 0,-1 0 0,
  -1 0 0,-1 0 0] }
}
}
DEF SHAPE_253 Shape {
 appearance USE APP_1
 geometry DEF FACE_253 IndexedFaceSet {
  coord DEF COORD_253 Coordinate { point [
  9.1235 15.5 -18.420625,8.9665 15.5 -18.420625,
  9.1235 16.1 -18.58,8.9665 16.1 -18.58] }
 coordIndex [
  2,1,0,-1,3,1,2,-1]
  normalPerVertex TRUE
  normal DEF NORM_253 Normal { vector [
  0 0.25672261 0.96648513,0 0.25672261 0.96648513,
  0 0.25672261 0.96648513,0 0.25672261 0.96648513] }
}
}
DEF SHAPE_254 Shape {
 appearance USE APP_1
 geometry DEF FACE_254 IndexedFaceSet {
  coord DEF COORD_254 Coordinate { point [
  9.1235 16.1 -18.82,8.9665 16.1 -18.82,
  9.1235 15.5 -18.979375,8.9665 15.5 -18.979375] }
 coordIndex [
  3,1,0,-1,3,0,2,-1]
  normalPerVertex TRUE
  normal DEF NORM_254 Normal { vector [
  0 0.25672261 -0.96648513,0 0.25672261 -0.96648513,
  0 0.25672261 -0.96648513,0 0.25672261 -0.96648513] }
}
}
DEF SHAPE_255 Shape {
 appearance USE APP_1
 geometry DEF FACE_255 IndexedFaceSet {
  coord DEF COORD_255 Coordinate { point [
  9.1235 17.35 -18.58,9.1235 17.35 -18.82,
  9.1235 16.1 -18.58,9.1235 15.5 -18.420625,
  9.1235 15.5 -18.979375,9.1235 16.1 -18.82] }
 coordIndex [
  5,2,3,-1,5,3,4,-1,0,2,5,-1,1,0,5,-1]
  normalPerVertex TRUE
  normal DEF NORM_255 Normal { vector [
  1 0 0,1 0 0,
  1 0 0,1 0 0,
  1 0 0,1 0 0] }
}
}
DEF SHAPE_256 Shape {
 appearance USE APP_1
 geometry DEF FACE_256 IndexedFaceSet {
  coord DEF COORD_256 Coordinate { point [
  8.9665 15.5 -19.420625,8.9665 16.1 -19.58,
  8.9665 17.35 -19.58,8.9665 17.35 -19.82,
  8.9665 16.1 -19.82,8.9665 15.5 -19.979375] }
 coordIndex [
  4,5,0,-1,1,4,0,-1,2,3,4,-1,2,4,1,-1]
  normalPerVertex TRUE
  normal DEF NORM_256 Normal { vector [
  -1 0 0,-1 0 0,
  -1 0 0,-1 0 0,
  -1 0 0,-1 0 0] }
}
}
DEF SHAPE_257 Shape {
 appearance USE APP_1
 geometry DEF FACE_257 IndexedFaceSet {
  coord DEF COORD_257 Coordinate { point [
  9.1235 15.5 -19.420625,8.9665 15.5 -19.420625,
  9.1235 16.1 -19.58,8.9665 16.1 -19.58] }
 coordIndex [
  2,1,0,-1,3,1,2,-1]
  normalPerVertex TRUE
  normal DEF NORM_257 Normal { vector [
  0 0.25672261 0.96648513,0 0.25672261 0.96648513,
  0 0.25672261 0.96648513,0 0.25672261 0.96648513] }
}
}
DEF SHAPE_258 Shape {
 appearance USE APP_1
 geometry DEF FACE_258 IndexedFaceSet {
  coord DEF COORD_258 Coordinate { point [
  9.1235 16.1 -19.82,8.9665 16.1 -19.82,
  9.1235 15.5 -19.979375,8.9665 15.5 -19.979375] }
 coordIndex [
  3,1,0,-1,3,0,2,-1]
  normalPerVertex TRUE
  normal DEF NORM_258 Normal { vector [
  0 0.25672261 -0.96648513,0 0.25672261 -0.96648513,
  0 0.25672261 -0.96648513,0 0.25672261 -0.96648513] }
}
}
DEF SHAPE_259 Shape {
 appearance USE APP_1
 geometry DEF FACE_259 IndexedFaceSet {
  coord DEF COORD_259 Coordinate { point [
  9.1235 17.35 -19.58,9.1235 17.35 -19.82,
  9.1235 16.1 -19.58,9.1235 15.5 -19.420625,
  9.1235 15.5 -19.979375,9.1235 16.1 -19.82] }
 coordIndex [
  2,3,4,-1,5,2,4,-1,0,2,5,-1,1,0,5,-1]
  normalPerVertex TRUE
  normal DEF NORM_259 Normal { vector [
  1 0 0,1 0 0,
  1 0 0,1 0 0,
  1 0 0,1 0 0] }
}
}
DEF SHAPE_260 Shape {
 appearance USE APP_1
 geometry DEF FACE_260 IndexedFaceSet {
  coord DEF COORD_260 Coordinate { point [
  8.9665 15.5 -20.420625,8.9665 16.1 -20.58,
  8.9665 17.35 -20.58,8.9665 17.35 -20.82,
  8.9665 16.1 -20.82,8.9665 15.5 -20.979375] }
 coordIndex [
  1,4,5,-1,1,5,0,-1,2,3,4,-1,2,4,1,-1]
  normalPerVertex TRUE
  normal DEF NORM_260 Normal { vector [
  -1 0 0,-1 0 0,
  -1 0 0,-1 0 0,
  -1 0 0,-1 0 0] }
}
}
DEF SHAPE_261 Shape {
 appearance USE APP_1
 geometry DEF FACE_261 IndexedFaceSet {
  coord DEF COORD_261 Coordinate { point [
  9.1235 15.5 -20.420625,8.9665 15.5 -20.420625,
  9.1235 16.1 -20.58,8.9665 16.1 -20.58] }
 coordIndex [
  3,1,0,-1,3,0,2,-1]
  normalPerVertex TRUE
  normal DEF NORM_261 Normal { vector [
  0 0.25672261 0.96648513,0 0.25672261 0.96648513,
  0 0.25672261 0.96648513,0 0.25672261 0.96648513] }
}
}
DEF SHAPE_262 Shape {
 appearance USE APP_1
 geometry DEF FACE_262 IndexedFaceSet {
  coord DEF COORD_262 Coordinate { point [
  9.1235 16.1 -20.82,8.9665 16.1 -20.82,
  9.1235 15.5 -20.979375,8.9665 15.5 -20.979375] }
 coordIndex [
  2,1,0,-1,3,1,2,-1]
  normalPerVertex TRUE
  normal DEF NORM_262 Normal { vector [
  0 0.25672261 -0.96648513,0 0.25672261 -0.96648513,
  0 0.25672261 -0.96648513,0 0.25672261 -0.96648513] }
}
}
DEF SHAPE_263 Shape {
 appearance USE APP_1
 geometry DEF FACE_263 IndexedFaceSet {
  coord DEF COORD_263 Coordinate { point [
  9.1235 17.35 -20.58,9.1235 17.35 -20.82,
  9.1235 16.1 -20.58,9.1235 15.5 -20.420625,
  9.1235 15.5 -20.979375,9.1235 16.1 -20.82] }
 coordIndex [
  2,3,4,-1,5,2,4,-1,0,2,5,-1,1,0,5,-1]
  normalPerVertex TRUE
  normal DEF NORM_263 Normal { vector [
  1 0 0,1 0 0,
  1 0 0,1 0 0,
  1 0 0,1 0 0] }
}
}
DEF SHAPE_264 Shape {
 appearance USE APP_1
 geometry DEF FACE_264 IndexedFaceSet {
  coord DEF COORD_264 Coordinate { point [
  8.9665 15.5 -21.420625,8.9665 16.1 -21.58,
  8.9665 17.35 -21.58,8.9665 17.35 -21.82,
  8.9665 16.1 -21.82,8.9665 15.5 -21.979375] }
 coordIndex [
  1,4,5,-1,1,5,0,-1,2,3,4,-1,2,4,1,-1]
  normalPerVertex TRUE
  normal DEF NORM_264 Normal { vector [
  -1 0 0,-1 0 0,
  -1 0 0,-1 0 0,
  -1 0 0,-1 0 0] }
}
}
DEF SHAPE_265 Shape {
 appearance USE APP_1
 geometry DEF FACE_265 IndexedFaceSet {
  coord DEF COORD_265 Coordinate { point [
  9.1235 15.5 -21.420625,8.9665 15.5 -21.420625,
  9.1235 16.1 -21.58,8.9665 16.1 -21.58] }
 coordIndex [
  2,1,0,-1,3,1,2,-1]
  normalPerVertex TRUE
  normal DEF NORM_265 Normal { vector [
  0 0.25672261 0.96648513,0 0.25672261 0.96648513,
  0 0.25672261 0.96648513,0 0.25672261 0.96648513] }
}
}
DEF SHAPE_266 Shape {
 appearance USE APP_1
 geometry DEF FACE_266 IndexedFaceSet {
  coord DEF COORD_266 Coordinate { point [
  9.1235 16.1 -21.82,8.9665 16.1 -21.82,
  9.1235 15.5 -21.979375,8.9665 15.5 -21.979375] }
 coordIndex [
  2,1,0,-1,3,1,2,-1]
  normalPerVertex TRUE
  normal DEF NORM_266 Normal { vector [
  0 0.25672261 -0.96648513,0 0.25672261 -0.96648513,
  0 0.25672261 -0.96648513,0 0.25672261 -0.96648513] }
}
}
DEF SHAPE_267 Shape {
 appearance USE APP_1
 geometry DEF FACE_267 IndexedFaceSet {
  coord DEF COORD_267 Coordinate { point [
  9.1235 17.35 -21.58,9.1235 17.35 -21.82,
  9.1235 16.1 -21.58,9.1235 15.5 -21.420625,
  9.1235 15.5 -21.979375,9.1235 16.1 -21.82] }
 coordIndex [
  2,3,4,-1,5,2,4,-1,0,2,5,-1,1,0,5,-1]
  normalPerVertex TRUE
  normal DEF NORM_267 Normal { vector [
  1 0 0,1 0 0,
  1 0 0,1 0 0,
  1 0 0,1 0 0] }
}
}
DEF SHAPE_268 Shape {
 appearance USE APP_1
 geometry DEF FACE_268 IndexedFaceSet {
  coord DEF COORD_268 Coordinate { point [
  8.9665 15.5 -22.420625,8.9665 16.1 -22.58,
  8.9665 17.35 -22.58,8.9665 17.35 -22.82,
  8.9665 16.1 -22.82,8.9665 15.5 -22.979375] }
 coordIndex [
  1,4,5,-1,1,5,0,-1,2,3,4,-1,2,4,1,-1]
  normalPerVertex TRUE
  normal DEF NORM_268 Normal { vector [
  -1 0 0,-1 0 0,
  -1 0 0,-1 0 0,
  -1 0 0,-1 0 0] }
}
}
DEF SHAPE_269 Shape {
 appearance USE APP_1
 geometry DEF FACE_269 IndexedFaceSet {
  coord DEF COORD_269 Coordinate { point [
  9.1235 15.5 -22.420625,8.9665 15.5 -22.420625,
  9.1235 16.1 -22.58,8.9665 16.1 -22.58] }
 coordIndex [
  2,1,0,-1,3,1,2,-1]
  normalPerVertex TRUE
  normal DEF NORM_269 Normal { vector [
  0 0.25672261 0.96648513,0 0.25672261 0.96648513,
  0 0.25672261 0.96648513,0 0.25672261 0.96648513] }
}
}
DEF SHAPE_270 Shape {
 appearance USE APP_1
 geometry DEF FACE_270 IndexedFaceSet {
  coord DEF COORD_270 Coordinate { point [
  9.1235 16.1 -22.82,8.9665 16.1 -22.82,
  9.1235 15.5 -22.979375,8.9665 15.5 -22.979375] }
 coordIndex [
  2,1,0,-1,3,1,2,-1]
  normalPerVertex TRUE
  normal DEF NORM_270 Normal { vector [
  0 0.25672261 -0.96648513,0 0.25672261 -0.96648513,
  0 0.25672261 -0.96648513,0 0.25672261 -0.96648513] }
}
}
DEF SHAPE_271 Shape {
 appearance USE APP_1
 geometry DEF FACE_271 IndexedFaceSet {
  coord DEF COORD_271 Coordinate { point [
  9.1235 17.35 -22.58,9.1235 17.35 -22.82,
  9.1235 16.1 -22.58,9.1235 15.5 -22.420625,
  9.1235 15.5 -22.979375,9.1235 16.1 -22.82] }
 coordIndex [
  2,3,4,-1,5,2,4,-1,0,2,5,-1,1,0,5,-1]
  normalPerVertex TRUE
  normal DEF NORM_271 Normal { vector [
  1 0 0,1 0 0,
  1 0 0,1 0 0,
  1 0 0,1 0 0] }
}
}
DEF SHAPE_272 Shape {
 appearance USE APP_1
 geometry DEF FACE_272 IndexedFaceSet {
  coord DEF COORD_272 Coordinate { point [
  8.9665 15.5 -23.420625,8.9665 16.1 -23.58,
  8.9665 17.35 -23.58,8.9665 17.35 -23.82,
  8.9665 16.1 -23.82,8.9665 15.5 -23.979375] }
 coordIndex [
  1,4,5,-1,1,5,0,-1,2,3,4,-1,2,4,1,-1]
  normalPerVertex TRUE
  normal DEF NORM_272 Normal { vector [
  -1 0 0,-1 0 0,
  -1 0 0,-1 0 0,
  -1 0 0,-1 0 0] }
}
}
DEF SHAPE_273 Shape {
 appearance USE APP_1
 geometry DEF FACE_273 IndexedFaceSet {
  coord DEF COORD_273 Coordinate { point [
  9.1235 15.5 -23.420625,8.9665 15.5 -23.420625,
  9.1235 16.1 -23.58,8.9665 16.1 -23.58] }
 coordIndex [
  2,1,0,-1,3,1,2,-1]
  normalPerVertex TRUE
  normal DEF NORM_273 Normal { vector [
  0 0.25672261 0.96648513,0 0.25672261 0.96648513,
  0 0.25672261 0.96648513,0 0.25672261 0.96648513] }
}
}
DEF SHAPE_274 Shape {
 appearance USE APP_1
 geometry DEF FACE_274 IndexedFaceSet {
  coord DEF COORD_274 Coordinate { point [
  9.1235 16.1 -23.82,8.9665 16.1 -23.82,
  9.1235 15.5 -23.979375,8.9665 15.5 -23.979375] }
 coordIndex [
  2,1,0,-1,3,1,2,-1]
  normalPerVertex TRUE
  normal DEF NORM_274 Normal { vector [
  0 0.25672261 -0.96648513,0 0.25672261 -0.96648513,
  0 0.25672261 -0.96648513,0 0.25672261 -0.96648513] }
}
}
DEF SHAPE_275 Shape {
 appearance USE APP_1
 geometry DEF FACE_275 IndexedFaceSet {
  coord DEF COORD_275 Coordinate { point [
  9.1235 17.35 -23.58,9.1235 17.35 -23.82,
  9.1235 16.1 -23.58,9.1235 15.5 -23.420625,
  9.1235 15.5 -23.979375,9.1235 16.1 -23.82] }
 coordIndex [
  5,2,3,-1,5,3,4,-1,1,0,2,-1,1,2,5,-1]
  normalPerVertex TRUE
  normal DEF NORM_275 Normal { vector [
  1 0 0,1 0 0,
  1 0 0,1 0 0,
  1 0 0,1 0 0] }
}
}
DEF SHAPE_276 Shape {
 appearance USE APP_1
 geometry DEF FACE_276 IndexedFaceSet {
  coord DEF COORD_276 Coordinate { point [
  8.9665 15.5 -24.420625,8.9665 16.1 -24.58,
  8.9665 17.35 -24.58,8.9665 17.35 -24.82,
  8.9665 16.1 -24.82,8.9665 15.5 -24.979375] }
 coordIndex [
  1,4,5,-1,1,5,0,-1,2,3,4,-1,2,4,1,-1]
  normalPerVertex TRUE
  normal DEF NORM_276 Normal { vector [
  -1 0 0,-1 0 0,
  -1 0 0,-1 0 0,
  -1 0 0,-1 0 0] }
}
}
DEF SHAPE_277 Shape {
 appearance USE APP_1
 geometry DEF FACE_277 IndexedFaceSet {
  coord DEF COORD_277 Coordinate { point [
  9.1235 15.5 -24.420625,8.9665 15.5 -24.420625,
  9.1235 16.1 -24.58,8.9665 16.1 -24.58] }
 coordIndex [
  2,1,0,-1,3,1,2,-1]
  normalPerVertex TRUE
  normal DEF NORM_277 Normal { vector [
  0 0.25672261 0.96648513,0 0.25672261 0.96648513,
  0 0.25672261 0.96648513,0 0.25672261 0.96648513] }
}
}
DEF SHAPE_278 Shape {
 appearance USE APP_1
 geometry DEF FACE_278 IndexedFaceSet {
  coord DEF COORD_278 Coordinate { point [
  9.1235 16.1 -24.82,8.9665 16.1 -24.82,
  9.1235 15.5 -24.979375,8.9665 15.5 -24.979375] }
 coordIndex [
  2,1,0,-1,3,1,2,-1]
  normalPerVertex TRUE
  normal DEF NORM_278 Normal { vector [
  0 0.25672261 -0.96648513,0 0.25672261 -0.96648513,
  0 0.25672261 -0.96648513,0 0.25672261 -0.96648513] }
}
}
DEF SHAPE_279 Shape {
 appearance USE APP_1
 geometry DEF FACE_279 IndexedFaceSet {
  coord DEF COORD_279 Coordinate { point [
  9.1235 17.35 -24.58,9.1235 17.35 -24.82,
  9.1235 16.1 -24.58,9.1235 15.5 -24.420625,
  9.1235 15.5 -24.979375,9.1235 16.1 -24.82] }
 coordIndex [
  2,3,4,-1,5,2,4,-1,0,2,5,-1,1,0,5,-1]
  normalPerVertex TRUE
  normal DEF NORM_279 Normal { vector [
  1 0 0,1 0 0,
  1 0 0,1 0 0,
  1 0 0,1 0 0] }
}
}
DEF SHAPE_280 Shape {
 appearance USE APP_1
 geometry DEF FACE_280 IndexedFaceSet {
  coord DEF COORD_280 Coordinate { point [
  8.9665 15.5 -25.420625,8.9665 16.1 -25.58,
  8.9665 17.35 -25.58,8.9665 17.35 -25.82,
  8.9665 16.1 -25.82,8.9665 15.5 -25.979375] }
 coordIndex [
  1,4,5,-1,1,5,0,-1,2,3,4,-1,2,4,1,-1]
  normalPerVertex TRUE
  normal DEF NORM_280 Normal { vector [
  -1 0 0,-1 0 0,
  -1 0 0,-1 0 0,
  -1 0 0,-1 0 0] }
}
}
DEF SHAPE_281 Shape {
 appearance USE APP_1
 geometry DEF FACE_281 IndexedFaceSet {
  coord DEF COORD_281 Coordinate { point [
  9.1235 15.5 -25.420625,8.9665 15.5 -25.420625,
  9.1235 16.1 -25.58,8.9665 16.1 -25.58] }
 coordIndex [
  2,1,0,-1,3,1,2,-1]
  normalPerVertex TRUE
  normal DEF NORM_281 Normal { vector [
  0 0.25672261 0.96648513,0 0.25672261 0.96648513,
  0 0.25672261 0.96648513,0 0.25672261 0.96648513] }
}
}
DEF SHAPE_282 Shape {
 appearance USE APP_1
 geometry DEF FACE_282 IndexedFaceSet {
  coord DEF COORD_282 Coordinate { point [
  9.1235 16.1 -25.82,8.9665 16.1 -25.82,
  9.1235 15.5 -25.979375,8.9665 15.5 -25.979375] }
 coordIndex [
  3,1,0,-1,3,0,2,-1]
  normalPerVertex TRUE
  normal DEF NORM_282 Normal { vector [
  0 0.25672261 -0.96648513,0 0.25672261 -0.96648513,
  0 0.25672261 -0.96648513,0 0.25672261 -0.96648513] }
}
}
DEF SHAPE_283 Shape {
 appearance USE APP_1
 geometry DEF FACE_283 IndexedFaceSet {
  coord DEF COORD_283 Coordinate { point [
  9.1235 17.35 -25.58,9.1235 17.35 -25.82,
  9.1235 16.1 -25.58,9.1235 15.5 -25.420625,
  9.1235 15.5 -25.979375,9.1235 16.1 -25.82] }
 coordIndex [
  5,2,3,-1,5,3,4,-1,1,0,2,-1,1,2,5,-1]
  normalPerVertex TRUE
  normal DEF NORM_283 Normal { vector [
  1 0 0,1 0 0,
  1 0 0,1 0 0,
  1 0 0,1 0 0] }
}
}
DEF SHAPE_284 Shape {
 appearance USE APP_1
 geometry DEF FACE_284 IndexedFaceSet {
  coord DEF COORD_284 Coordinate { point [
  8.9665 15.5 -26.420625,8.9665 16.1 -26.58,
  8.9665 17.35 -26.58,8.9665 17.35 -26.82,
  8.9665 16.1 -26.82,8.9665 15.5 -26.979375] }
 coordIndex [
  4,5,0,-1,1,4,0,-1,2,3,4,-1,2,4,1,-1]
  normalPerVertex TRUE
  normal DEF NORM_284 Normal { vector [
  -1 0 0,-1 0 0,
  -1 0 0,-1 0 0,
  -1 0 0,-1 0 0] }
}
}
DEF SHAPE_285 Shape {
 appearance USE APP_1
 geometry DEF FACE_285 IndexedFaceSet {
  coord DEF COORD_285 Coordinate { point [
  9.1235 15.5 -26.420625,8.9665 15.5 -26.420625,
  9.1235 16.1 -26.58,8.9665 16.1 -26.58] }
 coordIndex [
  3,1,0,-1,3,0,2,-1]
  normalPerVertex TRUE
  normal DEF NORM_285 Normal { vector [
  0 0.25672261 0.96648513,0 0.25672261 0.96648513,
  0 0.25672261 0.96648513,0 0.25672261 0.96648513] }
}
}
DEF SHAPE_286 Shape {
 appearance USE APP_1
 geometry DEF FACE_286 IndexedFaceSet {
  coord DEF COORD_286 Coordinate { point [
  9.1235 16.1 -26.82,8.9665 16.1 -26.82,
  9.1235 15.5 -26.979375,8.9665 15.5 -26.979375] }
 coordIndex [
  2,1,0,-1,3,1,2,-1]
  normalPerVertex TRUE
  normal DEF NORM_286 Normal { vector [
  0 0.25672261 -0.96648513,0 0.25672261 -0.96648513,
  0 0.25672261 -0.96648513,0 0.25672261 -0.96648513] }
}
}
DEF SHAPE_287 Shape {
 appearance USE APP_1
 geometry DEF FACE_287 IndexedFaceSet {
  coord DEF COORD_287 Coordinate { point [
  9.1235 17.35 -26.58,9.1235 17.35 -26.82,
  9.1235 16.1 -26.58,9.1235 15.5 -26.420625,
  9.1235 15.5 -26.979375,9.1235 16.1 -26.82] }
 coordIndex [
  2,3,4,-1,5,2,4,-1,0,2,5,-1,1,0,5,-1]
  normalPerVertex TRUE
  normal DEF NORM_287 Normal { vector [
  1 0 0,1 0 0,
  1 0 0,1 0 0,
  1 0 0,1 0 0] }
}
}
DEF SHAPE_288 Shape {
 appearance USE APP_1
 geometry DEF FACE_288 IndexedFaceSet {
  coord DEF COORD_288 Coordinate { point [
  8.9665 15.5 -27.420625,8.9665 16.1 -27.58,
  8.9665 17.35 -27.58,8.9665 17.35 -27.82,
  8.9665 16.1 -27.82,8.9665 15.5 -27.979375] }
 coordIndex [
  1,4,5,-1,1,5,0,-1,2,3,4,-1,2,4,1,-1]
  normalPerVertex TRUE
  normal DEF NORM_288 Normal { vector [
  -1 0 0,-1 0 0,
  -1 0 0,-1 0 0,
  -1 0 0,-1 0 0] }
}
}
DEF SHAPE_289 Shape {
 appearance USE APP_1
 geometry DEF FACE_289 IndexedFaceSet {
  coord DEF COORD_289 Coordinate { point [
  9.1235 15.5 -27.420625,8.9665 15.5 -27.420625,
  9.1235 16.1 -27.58,8.9665 16.1 -27.58] }
 coordIndex [
  3,1,0,-1,3,0,2,-1]
  normalPerVertex TRUE
  normal DEF NORM_289 Normal { vector [
  0 0.25672261 0.96648513,0 0.25672261 0.96648513,
  0 0.25672261 0.96648513,0 0.25672261 0.96648513] }
}
}
DEF SHAPE_290 Shape {
 appearance USE APP_1
 geometry DEF FACE_290 IndexedFaceSet {
  coord DEF COORD_290 Coordinate { point [
  9.1235 16.1 -27.82,8.9665 16.1 -27.82,
  9.1235 15.5 -27.979375,8.9665 15.5 -27.979375] }
 coordIndex [
  3,1,0,-1,3,0,2,-1]
  normalPerVertex TRUE
  normal DEF NORM_290 Normal { vector [
  0 0.25672261 -0.96648513,0 0.25672261 -0.96648513,
  0 0.25672261 -0.96648513,0 0.25672261 -0.96648513] }
}
}
DEF SHAPE_291 Shape {
 appearance USE APP_1
 geometry DEF FACE_291 IndexedFaceSet {
  coord DEF COORD_291 Coordinate { point [
  9.1235 17.35 -27.58,9.1235 17.35 -27.82,
  9.1235 16.1 -27.58,9.1235 15.5 -27.420625,
  9.1235 15.5 -27.979375,9.1235 16.1 -27.82] }
 coordIndex [
  2,3,4,-1,5,2,4,-1,0,2,5,-1,1,0,5,-1]
  normalPerVertex TRUE
  normal DEF NORM_291 Normal { vector [
  1 0 0,1 0 0,
  1 0 0,1 0 0,
  1 0 0,1 0 0] }
}
}
DEF SHAPE_292 Shape {
 appearance USE APP_1
 geometry DEF FACE_292 IndexedFaceSet {
  coord DEF COORD_292 Coordinate { point [
  10.39 12.030555 -8.4125,10.257026 11.877837 -8.4125,
  10.163949 11.697999 -8.4125,10.116052 11.501248 -8.4125,
  10.116052 11.298752 -8.4125,10.163949 11.102001 -8.4125,
  10.257026 10.922163 -8.4125,10.39 10.769445 -8.4125] }
 coordIndex [
  3,1,2,-1,7,0,1,-1,7,3,4,-1,7,4,5,-1,7,5,6,-1,7,1,3,-1]
  normalPerVertex TRUE
  normal DEF NORM_292 Normal { vector [
  0 0 1,0 0 1,
  0 0 1,0 0 1,
  0 0 1,0 0 1,
  0 0 1,0 0 1] }
}
}
DEF SHAPE_293 Shape {
 appearance USE APP_1
 geometry DEF FACE_293 IndexedFaceSet {
  coord DEF COORD_293 Coordinate { point [
  10.39 12.030555 -8.9875,10.257026 11.877837 -8.9875,
  10.163949 11.697999 -8.9875,10.116052 11.501248 -8.9875,
  10.116052 11.298752 -8.9875,10.163949 11.102001 -8.9875,
  10.257026 10.922163 -8.9875,10.39 10.769445 -8.9875,
  10.39 10.769445 -8.4125,10.39 12.030555 -8.4125,
  10.257026 11.877837 -8.4125,10.163949 11.697999 -8.4125,
  10.116052 11.501248 -8.4125,10.116052 11.298752 -8.4125,
  10.163949 11.102001 -8.4125,10.257026 10.922163 -8.4125] }
 coordIndex [
  10,0,1,-1,10,9,0,-1,11,1,2,-1,11,10,1,-1,12,2,3,-1,12,11,2,-1,13,3,4,-1,13,12,3,-1,
  14,4,5,-1,14,13,4,-1,15,5,6,-1,15,6,7,-1,15,14,5,-1,8,15,7,-1]
  normalPerVertex TRUE
  normal DEF NORM_293 Normal { vector [
  -0.75417752 0.65667059 0,-0.84883023 0.52866553 0,
  -0.94979099 0.31288509 0,-0.99684705 0.079347095 0,
  -0.98732778 -0.15869419 0,-0.92177345 -0.3877289 0,
  -0.82702789 -0.5621609 0,-0.75417752 -0.65667059 0,
  -0.75417752 -0.65667059 0,-0.75417752 0.65667059 0,
  -0.80390454 0.59475834 0,-0.92177345 0.3877289 0,
  -0.98732778 0.15869419 0,-0.99684705 -0.079347095 0,
  -0.94979099 -0.31288509 0,-0.82702789 -0.5621609 0] }
}
}
DEF SHAPE_294 Shape {
 appearance USE APP_1
 geometry DEF FACE_294 IndexedFaceSet {
  coord DEF COORD_294 Coordinate { point [
  10.39 12.030555 -8.9875,10.39 10.769445 -8.9875,
  10.257026 11.877837 -8.9875,10.163949 11.697999 -8.9875,
  10.116052 11.501248 -8.9875,10.116052 11.298752 -8.9875,
  10.163949 11.102001 -8.9875,10.257026 10.922163 -8.9875] }
 coordIndex [
  3,2,0,-1,4,3,0,-1,1,5,4,-1,1,6,5,-1,1,7,6,-1,1,4,0,-1]
  normalPerVertex TRUE
  normal DEF NORM_294 Normal { vector [
  0 0 -1,0 0 -1,
  0 0 -1,0 0 -1,
  0 0 -1,0 0 -1,
  0 0 -1,0 0 -1] }
}
}
DEF SHAPE_295 Shape {
 appearance USE APP_1
 geometry DEF FACE_295 IndexedFaceSet {
  coord DEF COORD_295 Coordinate { point [
  10.39 12.030555 -7.4125,10.257026 11.877837 -7.4125,
  10.163949 11.697999 -7.4125,10.116052 11.501248 -7.4125,
  10.116052 11.298752 -7.4125,10.163949 11.102001 -7.4125,
  10.257026 10.922163 -7.4125,10.39 10.769445 -7.4125] }
 coordIndex [
  3,1,2,-1,7,0,1,-1,7,3,4,-1,7,4,5,-1,7,5,6,-1,7,1,3,-1]
  normalPerVertex TRUE
  normal DEF NORM_295 Normal { vector [
  0 0 1,0 0 1,
  0 0 1,0 0 1,
  0 0 1,0 0 1,
  0 0 1,0 0 1] }
}
}
DEF SHAPE_296 Shape {
 appearance USE APP_1
 geometry DEF FACE_296 IndexedFaceSet {
  coord DEF COORD_296 Coordinate { point [
  10.39 12.030555 -7.9875,10.257026 11.877837 -7.9875,
  10.163949 11.697999 -7.9875,10.116052 11.501248 -7.9875,
  10.116052 11.298752 -7.9875,10.163949 11.102001 -7.9875,
  10.257026 10.922163 -7.9875,10.39 10.769445 -7.9875,
  10.39 10.769445 -7.4125,10.39 12.030555 -7.4125,
  10.257026 11.877837 -7.4125,10.163949 11.697999 -7.4125,
  10.116052 11.501248 -7.4125,10.116052 11.298752 -7.4125,
  10.163949 11.102001 -7.4125,10.257026 10.922163 -7.4125] }
 coordIndex [
  10,0,1,-1,10,9,0,-1,11,1,2,-1,11,10,1,-1,12,2,3,-1,12,11,2,-1,13,3,4,-1,13,12,3,-1,
  14,4,5,-1,14,13,4,-1,15,5,6,-1,15,6,7,-1,15,14,5,-1,8,15,7,-1]
  normalPerVertex TRUE
  normal DEF NORM_296 Normal { vector [
  -0.75417752 0.65667059 0,-0.84883023 0.52866553 0,
  -0.94979099 0.31288509 0,-0.99684705 0.079347095 0,
  -0.98732778 -0.15869419 0,-0.92177345 -0.3877289 0,
  -0.82702789 -0.5621609 0,-0.75417752 -0.65667059 0,
  -0.75417752 -0.65667059 0,-0.75417752 0.65667059 0,
  -0.80390454 0.59475834 0,-0.92177345 0.3877289 0,
  -0.98732778 0.15869419 0,-0.99684705 -0.079347095 0,
  -0.94979099 -0.31288509 0,-0.82702789 -0.5621609 0] }
}
}
DEF SHAPE_297 Shape {
 appearance USE APP_1
 geometry DEF FACE_297 IndexedFaceSet {
  coord DEF COORD_297 Coordinate { point [
  10.39 12.030555 -7.9875,10.39 10.769445 -7.9875,
  10.257026 11.877837 -7.9875,10.163949 11.697999 -7.9875,
  10.116052 11.501248 -7.9875,10.116052 11.298752 -7.9875,
  10.163949 11.102001 -7.9875,10.257026 10.922163 -7.9875] }
 coordIndex [
  3,2,0,-1,4,3,0,-1,1,5,4,-1,1,6,5,-1,1,7,6,-1,1,4,0,-1]
  normalPerVertex TRUE
  normal DEF NORM_297 Normal { vector [
  0 0 -1,0 0 -1,
  0 0 -1,0 0 -1,
  0 0 -1,0 0 -1,
  0 0 -1,0 0 -1] }
}
}
DEF SHAPE_298 Shape {
 appearance USE APP_1
 geometry DEF FACE_298 IndexedFaceSet {
  coord DEF COORD_298 Coordinate { point [
  10.39 12.030555 -6.4125,10.257026 11.877837 -6.4125,
  10.163949 11.697999 -6.4125,10.116052 11.501248 -6.4125,
  10.116052 11.298752 -6.4125,10.163949 11.102001 -6.4125,
  10.257026 10.922163 -6.4125,10.39 10.769445 -6.4125] }
 coordIndex [
  3,1,2,-1,7,0,1,-1,7,3,4,-1,7,4,5,-1,7,5,6,-1,7,1,3,-1]
  normalPerVertex TRUE
  normal DEF NORM_298 Normal { vector [
  0 0 1,0 0 1,
  0 0 1,0 0 1,
  0 0 1,0 0 1,
  0 0 1,0 0 1] }
}
}
DEF SHAPE_299 Shape {
 appearance USE APP_1
 geometry DEF FACE_299 IndexedFaceSet {
  coord DEF COORD_299 Coordinate { point [
  10.39 12.030555 -6.9875,10.257026 11.877837 -6.9875,
  10.163949 11.697999 -6.9875,10.116052 11.501248 -6.9875,
  10.116052 11.298752 -6.9875,10.163949 11.102001 -6.9875,
  10.257026 10.922163 -6.9875,10.39 10.769445 -6.9875,
  10.39 10.769445 -6.4125,10.39 12.030555 -6.4125,
  10.257026 11.877837 -6.4125,10.163949 11.697999 -6.4125,
  10.116052 11.501248 -6.4125,10.116052 11.298752 -6.4125,
  10.163949 11.102001 -6.4125,10.257026 10.922163 -6.4125] }
 coordIndex [
  10,0,1,-1,10,9,0,-1,11,1,2,-1,11,10,1,-1,12,2,3,-1,12,11,2,-1,13,3,4,-1,13,12,3,-1,
  14,4,5,-1,14,13,4,-1,15,5,6,-1,15,6,7,-1,15,14,5,-1,8,15,7,-1]
  normalPerVertex TRUE
  normal DEF NORM_299 Normal { vector [
  -0.75417752 0.65667059 0,-0.84883023 0.52866553 0,
  -0.94979099 0.31288509 0,-0.99684705 0.079347095 0,
  -0.98732778 -0.15869419 0,-0.92177345 -0.3877289 0,
  -0.82702789 -0.5621609 0,-0.75417752 -0.65667059 0,
  -0.75417752 -0.65667059 0,-0.75417752 0.65667059 0,
  -0.80390454 0.59475834 0,-0.92177345 0.3877289 0,
  -0.98732778 0.15869419 0,-0.99684705 -0.079347095 0,
  -0.94979099 -0.31288509 0,-0.82702789 -0.5621609 0] }
}
}
DEF SHAPE_300 Shape {
 appearance USE APP_1
 geometry DEF FACE_300 IndexedFaceSet {
  coord DEF COORD_300 Coordinate { point [
  10.39 12.030555 -6.9875,10.39 10.769445 -6.9875,
  10.257026 11.877837 -6.9875,10.163949 11.697999 -6.9875,
  10.116052 11.501248 -6.9875,10.116052 11.298752 -6.9875,
  10.163949 11.102001 -6.9875,10.257026 10.922163 -6.9875] }
 coordIndex [
  3,2,0,-1,4,3,0,-1,1,5,4,-1,1,6,5,-1,1,7,6,-1,1,4,0,-1]
  normalPerVertex TRUE
  normal DEF NORM_300 Normal { vector [
  0 0 -1,0 0 -1,
  0 0 -1,0 0 -1,
  0 0 -1,0 0 -1,
  0 0 -1,0 0 -1] }
}
}
DEF SHAPE_301 Shape {
 appearance USE APP_1
 geometry DEF FACE_301 IndexedFaceSet {
  coord DEF COORD_301 Coordinate { point [
  10.39 12.030555 -5.4125,10.257026 11.877837 -5.4125,
  10.163949 11.697999 -5.4125,10.116052 11.501248 -5.4125,
  10.116052 11.298752 -5.4125,10.163949 11.102001 -5.4125,
  10.257026 10.922163 -5.4125,10.39 10.769445 -5.4125] }
 coordIndex [
  3,1,2,-1,7,0,1,-1,7,3,4,-1,7,4,5,-1,7,5,6,-1,7,1,3,-1]
  normalPerVertex TRUE
  normal DEF NORM_301 Normal { vector [
  0 0 1,0 0 1,
  0 0 1,0 0 1,
  0 0 1,0 0 1,
  0 0 1,0 0 1] }
}
}
DEF SHAPE_302 Shape {
 appearance USE APP_1
 geometry DEF FACE_302 IndexedFaceSet {
  coord DEF COORD_302 Coordinate { point [
  10.39 12.030555 -5.9875,10.257026 11.877837 -5.9875,
  10.163949 11.697999 -5.9875,10.116052 11.501248 -5.9875,
  10.116052 11.298752 -5.9875,10.163949 11.102001 -5.9875,
  10.257026 10.922163 -5.9875,10.39 10.769445 -5.9875,
  10.39 10.769445 -5.4125,10.39 12.030555 -5.4125,
  10.257026 11.877837 -5.4125,10.163949 11.697999 -5.4125,
  10.116052 11.501248 -5.4125,10.116052 11.298752 -5.4125,
  10.163949 11.102001 -5.4125,10.257026 10.922163 -5.4125] }
 coordIndex [
  10,0,1,-1,10,9,0,-1,11,1,2,-1,11,10,1,-1,12,2,3,-1,12,11,2,-1,13,3,4,-1,13,12,3,-1,
  14,4,5,-1,14,13,4,-1,15,5,6,-1,15,6,7,-1,15,14,5,-1,8,15,7,-1]
  normalPerVertex TRUE
  normal DEF NORM_302 Normal { vector [
  -0.75417752 0.65667059 0,-0.84883023 0.52866553 0,
  -0.94979099 0.31288509 0,-0.99684705 0.079347095 0,
  -0.98732778 -0.15869419 0,-0.92177345 -0.3877289 0,
  -0.82702789 -0.5621609 0,-0.75417752 -0.65667059 0,
  -0.75417752 -0.65667059 0,-0.75417752 0.65667059 0,
  -0.80390454 0.59475834 0,-0.92177345 0.3877289 0,
  -0.98732778 0.15869419 0,-0.99684705 -0.079347095 0,
  -0.94979099 -0.31288509 0,-0.82702789 -0.5621609 0] }
}
}
DEF SHAPE_303 Shape {
 appearance USE APP_1
 geometry DEF FACE_303 IndexedFaceSet {
  coord DEF COORD_303 Coordinate { point [
  10.39 12.030555 -5.9875,10.39 10.769445 -5.9875,
  10.257026 11.877837 -5.9875,10.163949 11.697999 -5.9875,
  10.116052 11.501248 -5.9875,10.116052 11.298752 -5.9875,
  10.163949 11.102001 -5.9875,10.257026 10.922163 -5.9875] }
 coordIndex [
  3,2,0,-1,4,3,0,-1,1,5,4,-1,1,6,5,-1,1,7,6,-1,1,4,0,-1]
  normalPerVertex TRUE
  normal DEF NORM_303 Normal { vector [
  0 0 -1,0 0 -1,
  0 0 -1,0 0 -1,
  0 0 -1,0 0 -1,
  0 0 -1,0 0 -1] }
}
}
DEF SHAPE_304 Shape {
 appearance USE APP_1
 geometry DEF FACE_304 IndexedFaceSet {
  coord DEF COORD_304 Coordinate { point [
  10.39 12.030555 -4.4125,10.257026 11.877837 -4.4125,
  10.163949 11.697999 -4.4125,10.116052 11.501248 -4.4125,
  10.116052 11.298752 -4.4125,10.163949 11.102001 -4.4125,
  10.257026 10.922163 -4.4125,10.39 10.769445 -4.4125] }
 coordIndex [
  3,1,2,-1,7,0,1,-1,7,3,4,-1,7,4,5,-1,7,5,6,-1,7,1,3,-1]
  normalPerVertex TRUE
  normal DEF NORM_304 Normal { vector [
  0 0 1,0 0 1,
  0 0 1,0 0 1,
  0 0 1,0 0 1,
  0 0 1,0 0 1] }
}
}
DEF SHAPE_305 Shape {
 appearance USE APP_1
 geometry DEF FACE_305 IndexedFaceSet {
  coord DEF COORD_305 Coordinate { point [
  10.39 12.030555 -4.9875,10.257026 11.877837 -4.9875,
  10.163949 11.697999 -4.9875,10.116052 11.501248 -4.9875,
  10.116052 11.298752 -4.9875,10.163949 11.102001 -4.9875,
  10.257026 10.922163 -4.9875,10.39 10.769445 -4.9875,
  10.39 10.769445 -4.4125,10.39 12.030555 -4.4125,
  10.257026 11.877837 -4.4125,10.163949 11.697999 -4.4125,
  10.116052 11.501248 -4.4125,10.116052 11.298752 -4.4125,
  10.163949 11.102001 -4.4125,10.257026 10.922163 -4.4125] }
 coordIndex [
  10,0,1,-1,10,9,0,-1,11,1,2,-1,11,10,1,-1,12,2,3,-1,12,11,2,-1,13,3,4,-1,13,12,3,-1,
  14,4,5,-1,14,13,4,-1,15,5,6,-1,15,6,7,-1,15,14,5,-1,8,15,7,-1]
  normalPerVertex TRUE
  normal DEF NORM_305 Normal { vector [
  -0.75417752 0.65667059 0,-0.84883023 0.52866553 0,
  -0.94979099 0.31288509 0,-0.99684705 0.079347095 0,
  -0.98732778 -0.15869419 0,-0.92177345 -0.3877289 0,
  -0.82702789 -0.5621609 0,-0.75417752 -0.65667059 0,
  -0.75417752 -0.65667059 0,-0.75417752 0.65667059 0,
  -0.80390454 0.59475834 0,-0.92177345 0.3877289 0,
  -0.98732778 0.15869419 0,-0.99684705 -0.079347095 0,
  -0.94979099 -0.31288509 0,-0.82702789 -0.5621609 0] }
}
}
DEF SHAPE_306 Shape {
 appearance USE APP_1
 geometry DEF FACE_306 IndexedFaceSet {
  coord DEF COORD_306 Coordinate { point [
  10.39 12.030555 -4.9875,10.39 10.769445 -4.9875,
  10.257026 11.877837 -4.9875,10.163949 11.697999 -4.9875,
  10.116052 11.501248 -4.9875,10.116052 11.298752 -4.9875,
  10.163949 11.102001 -4.9875,10.257026 10.922163 -4.9875] }
 coordIndex [
  3,2,0,-1,4,3,0,-1,1,5,4,-1,1,6,5,-1,1,7,6,-1,1,4,0,-1]
  normalPerVertex TRUE
  normal DEF NORM_306 Normal { vector [
  0 0 -1,0 0 -1,
  0 0 -1,0 0 -1,
  0 0 -1,0 0 -1,
  0 0 -1,0 0 -1] }
}
}
DEF SHAPE_307 Shape {
 appearance USE APP_1
 geometry DEF FACE_307 IndexedFaceSet {
  coord DEF COORD_307 Coordinate { point [
  10.39 12.030555 -3.4125,10.257026 11.877837 -3.4125,
  10.163949 11.697999 -3.4125,10.116052 11.501248 -3.4125,
  10.116052 11.298752 -3.4125,10.163949 11.102001 -3.4125,
  10.257026 10.922163 -3.4125,10.39 10.769445 -3.4125] }
 coordIndex [
  3,1,2,-1,7,0,1,-1,7,3,4,-1,7,4,5,-1,7,5,6,-1,7,1,3,-1]
  normalPerVertex TRUE
  normal DEF NORM_307 Normal { vector [
  0 0 1,0 0 1,
  0 0 1,0 0 1,
  0 0 1,0 0 1,
  0 0 1,0 0 1] }
}
}
DEF SHAPE_308 Shape {
 appearance USE APP_1
 geometry DEF FACE_308 IndexedFaceSet {
  coord DEF COORD_308 Coordinate { point [
  10.39 12.030555 -3.9875,10.257026 11.877837 -3.9875,
  10.163949 11.697999 -3.9875,10.116052 11.501248 -3.9875,
  10.116052 11.298752 -3.9875,10.163949 11.102001 -3.9875,
  10.257026 10.922163 -3.9875,10.39 10.769445 -3.9875,
  10.39 10.769445 -3.4125,10.39 12.030555 -3.4125,
  10.257026 11.877837 -3.4125,10.163949 11.697999 -3.4125,
  10.116052 11.501248 -3.4125,10.116052 11.298752 -3.4125,
  10.163949 11.102001 -3.4125,10.257026 10.922163 -3.4125] }
 coordIndex [
  10,0,1,-1,10,9,0,-1,11,1,2,-1,11,10,1,-1,12,2,3,-1,12,11,2,-1,13,3,4,-1,13,12,3,-1,
  14,4,5,-1,14,13,4,-1,15,5,6,-1,15,6,7,-1,15,14,5,-1,8,15,7,-1]
  normalPerVertex TRUE
  normal DEF NORM_308 Normal { vector [
  -0.75417752 0.65667059 0,-0.84883023 0.52866553 0,
  -0.94979099 0.31288509 0,-0.99684705 0.079347095 0,
  -0.98732778 -0.15869419 0,-0.92177345 -0.3877289 0,
  -0.82702789 -0.5621609 0,-0.75417752 -0.65667059 0,
  -0.75417752 -0.65667059 0,-0.75417752 0.65667059 0,
  -0.80390454 0.59475834 0,-0.92177345 0.3877289 0,
  -0.98732778 0.15869419 0,-0.99684705 -0.079347095 0,
  -0.94979099 -0.31288509 0,-0.82702789 -0.5621609 0] }
}
}
DEF SHAPE_309 Shape {
 appearance USE APP_1
 geometry DEF FACE_309 IndexedFaceSet {
  coord DEF COORD_309 Coordinate { point [
  10.39 12.030555 -3.9875,10.39 10.769445 -3.9875,
  10.257026 11.877837 -3.9875,10.163949 11.697999 -3.9875,
  10.116052 11.501248 -3.9875,10.116052 11.298752 -3.9875,
  10.163949 11.102001 -3.9875,10.257026 10.922163 -3.9875] }
 coordIndex [
  3,2,0,-1,4,3,0,-1,1,5,4,-1,1,6,5,-1,1,7,6,-1,1,4,0,-1]
  normalPerVertex TRUE
  normal DEF NORM_309 Normal { vector [
  0 0 -1,0 0 -1,
  0 0 -1,0 0 -1,
  0 0 -1,0 0 -1,
  0 0 -1,0 0 -1] }
}
}
DEF SHAPE_310 Shape {
 appearance USE APP_1
 geometry DEF FACE_310 IndexedFaceSet {
  coord DEF COORD_310 Coordinate { point [
  10.39 12.030555 -2.4125,10.257026 11.877837 -2.4125,
  10.163949 11.697999 -2.4125,10.116052 11.501248 -2.4125,
  10.116052 11.298752 -2.4125,10.163949 11.102001 -2.4125,
  10.257026 10.922163 -2.4125,10.39 10.769445 -2.4125] }
 coordIndex [
  3,1,2,-1,7,0,1,-1,7,3,4,-1,7,4,5,-1,7,5,6,-1,7,1,3,-1]
  normalPerVertex TRUE
  normal DEF NORM_310 Normal { vector [
  0 0 1,0 0 1,
  0 0 1,0 0 1,
  0 0 1,0 0 1,
  0 0 1,0 0 1] }
}
}
DEF SHAPE_311 Shape {
 appearance USE APP_1
 geometry DEF FACE_311 IndexedFaceSet {
  coord DEF COORD_311 Coordinate { point [
  10.39 12.030555 -2.9875,10.257026 11.877837 -2.9875,
  10.163949 11.697999 -2.9875,10.116052 11.501248 -2.9875,
  10.116052 11.298752 -2.9875,10.163949 11.102001 -2.9875,
  10.257026 10.922163 -2.9875,10.39 10.769445 -2.9875,
  10.39 10.769445 -2.4125,10.39 12.030555 -2.4125,
  10.257026 11.877837 -2.4125,10.163949 11.697999 -2.4125,
  10.116052 11.501248 -2.4125,10.116052 11.298752 -2.4125,
  10.163949 11.102001 -2.4125,10.257026 10.922163 -2.4125] }
 coordIndex [
  10,0,1,-1,10,9,0,-1,11,1,2,-1,11,10,1,-1,12,2,3,-1,12,11,2,-1,13,3,4,-1,13,12,3,-1,
  14,4,5,-1,14,13,4,-1,15,5,6,-1,15,6,7,-1,15,14,5,-1,8,15,7,-1]
  normalPerVertex TRUE
  normal DEF NORM_311 Normal { vector [
  -0.75417752 0.65667059 0,-0.84883023 0.52866553 0,
  -0.94979099 0.31288509 0,-0.99684705 0.079347095 0,
  -0.98732778 -0.15869419 0,-0.92177345 -0.3877289 0,
  -0.82702789 -0.5621609 0,-0.75417752 -0.65667059 0,
  -0.75417752 -0.65667059 0,-0.75417752 0.65667059 0,
  -0.80390454 0.59475834 0,-0.92177345 0.3877289 0,
  -0.98732778 0.15869419 0,-0.99684705 -0.079347095 0,
  -0.94979099 -0.31288509 0,-0.82702789 -0.5621609 0] }
}
}
DEF SHAPE_312 Shape {
 appearance USE APP_1
 geometry DEF FACE_312 IndexedFaceSet {
  coord DEF COORD_312 Coordinate { point [
  10.39 12.030555 -2.9875,10.39 10.769445 -2.9875,
  10.257026 11.877837 -2.9875,10.163949 11.697999 -2.9875,
  10.116052 11.501248 -2.9875,10.116052 11.298752 -2.9875,
  10.163949 11.102001 -2.9875,10.257026 10.922163 -2.9875] }
 coordIndex [
  3,2,0,-1,4,3,0,-1,1,5,4,-1,1,6,5,-1,1,7,6,-1,1,4,0,-1]
  normalPerVertex TRUE
  normal DEF NORM_312 Normal { vector [
  0 0 -1,0 0 -1,
  0 0 -1,0 0 -1,
  0 0 -1,0 0 -1,
  0 0 -1,0 0 -1] }
}
}
DEF SHAPE_313 Shape {
 appearance USE APP_1
 geometry DEF FACE_313 IndexedFaceSet {
  coord DEF COORD_313 Coordinate { point [
  10.39 12.030555 -1.4125,10.257026 11.877837 -1.4125,
  10.163949 11.697999 -1.4125,10.116052 11.501248 -1.4125,
  10.116052 11.298752 -1.4125,10.163949 11.102001 -1.4125,
  10.257026 10.922163 -1.4125,10.39 10.769445 -1.4125] }
 coordIndex [
  3,1,2,-1,7,0,1,-1,7,3,4,-1,7,4,5,-1,7,5,6,-1,7,1,3,-1]
  normalPerVertex TRUE
  normal DEF NORM_313 Normal { vector [
  0 0 1,0 0 1,
  0 0 1,0 0 1,
  0 0 1,0 0 1,
  0 0 1,0 0 1] }
}
}
DEF SHAPE_314 Shape {
 appearance USE APP_1
 geometry DEF FACE_314 IndexedFaceSet {
  coord DEF COORD_314 Coordinate { point [
  10.39 12.030555 -1.9875,10.257026 11.877837 -1.9875,
  10.163949 11.697999 -1.9875,10.116052 11.501248 -1.9875,
  10.116052 11.298752 -1.9875,10.163949 11.102001 -1.9875,
  10.257026 10.922163 -1.9875,10.39 10.769445 -1.9875,
  10.39 10.769445 -1.4125,10.39 12.030555 -1.4125,
  10.257026 11.877837 -1.4125,10.163949 11.697999 -1.4125,
  10.116052 11.501248 -1.4125,10.116052 11.298752 -1.4125,
  10.163949 11.102001 -1.4125,10.257026 10.922163 -1.4125] }
 coordIndex [
  10,0,1,-1,10,9,0,-1,11,1,2,-1,11,2,3,-1,11,10,1,-1,12,11,3,-1,13,3,4,-1,13,12,3,-1,
  14,4,5,-1,14,13,4,-1,15,5,6,-1,15,6,7,-1,15,14,5,-1,8,15,7,-1]
  normalPerVertex TRUE
  normal DEF NORM_314 Normal { vector [
  -0.75417752 0.65667059 0,-0.84883023 0.52866553 0,
  -0.93653017 0.35058699 0,-0.99288037 0.11911577 0,
  -0.98732778 -0.15869419 0,-0.92177345 -0.3877289 0,
  -0.82702789 -0.5621609 0,-0.75417752 -0.65667059 0,
  -0.75417752 -0.65667059 0,-0.75417752 0.65667059 0,
  -0.80390454 0.59475834 0,-0.93653017 0.35058699 0,
  -0.99288037 0.11911577 0,-0.99684705 -0.079347095 0,
  -0.94979099 -0.31288509 0,-0.82702789 -0.5621609 0] }
}
}
DEF SHAPE_315 Shape {
 appearance USE APP_1
 geometry DEF FACE_315 IndexedFaceSet {
  coord DEF COORD_315 Coordinate { point [
  10.39 12.030555 -1.9875,10.39 10.769445 -1.9875,
  10.257026 11.877837 -1.9875,10.163949 11.697999 -1.9875,
  10.116052 11.501248 -1.9875,10.116052 11.298752 -1.9875,
  10.163949 11.102001 -1.9875,10.257026 10.922163 -1.9875] }
 coordIndex [
  3,2,0,-1,4,3,0,-1,1,5,4,-1,1,6,5,-1,1,7,6,-1,1,4,0,-1]
  normalPerVertex TRUE
  normal DEF NORM_315 Normal { vector [
  0 0 -1,0 0 -1,
  0 0 -1,0 0 -1,
  0 0 -1,0 0 -1,
  0 0 -1,0 0 -1] }
}
}
DEF SHAPE_316 Shape {
 appearance USE APP_1
 geometry DEF FACE_316 IndexedFaceSet {
  coord DEF COORD_316 Coordinate { point [
  10.39 12.030555 -0.4125,10.257026 11.877837 -0.4125,
  10.163949 11.697999 -0.4125,10.116052 11.501248 -0.4125,
  10.116052 11.298752 -0.4125,10.163949 11.102001 -0.4125,
  10.257026 10.922163 -0.4125,10.39 10.769445 -0.4125] }
 coordIndex [
  3,1,2,-1,7,0,1,-1,7,3,4,-1,7,4,5,-1,7,5,6,-1,7,1,3,-1]
  normalPerVertex TRUE
  normal DEF NORM_316 Normal { vector [
  0 0 1,0 0 1,
  0 0 1,0 0 1,
  0 0 1,0 0 1,
  0 0 1,0 0 1] }
}
}
DEF SHAPE_317 Shape {
 appearance USE APP_1
 geometry DEF FACE_317 IndexedFaceSet {
  coord DEF COORD_317 Coordinate { point [
  10.39 12.030555 -0.9875,10.257026 11.877837 -0.9875,
  10.163949 11.697999 -0.9875,10.116052 11.501248 -0.9875,
  10.116052 11.298752 -0.9875,10.163949 11.102001 -0.9875,
  10.257026 10.922163 -0.9875,10.39 10.769445 -0.9875,
  10.39 10.769445 -0.4125,10.39 12.030555 -0.4125,
  10.257026 11.877837 -0.4125,10.163949 11.697999 -0.4125,
  10.116052 11.501248 -0.4125,10.116052 11.298752 -0.4125,
  10.163949 11.102001 -0.4125,10.257026 10.922163 -0.4125] }
 coordIndex [
  10,0,1,-1,10,9,0,-1,11,1,2,-1,11,10,1,-1,12,2,3,-1,12,11,2,-1,13,3,4,-1,13,12,3,-1,
  14,4,5,-1,14,13,4,-1,15,5,6,-1,15,6,7,-1,15,14,5,-1,8,15,7,-1]
  normalPerVertex TRUE
  normal DEF NORM_317 Normal { vector [
  -0.75417752 0.65667059 0,-0.84883023 0.52866553 0,
  -0.94979099 0.31288509 0,-0.99684705 0.079347095 0,
  -0.98732778 -0.15869419 0,-0.92177345 -0.3877289 0,
  -0.82702789 -0.5621609 0,-0.75417752 -0.65667059 0,
  -0.75417752 -0.65667059 0,-0.75417752 0.65667059 0,
  -0.80390454 0.59475834 0,-0.92177345 0.3877289 0,
  -0.98732778 0.15869419 0,-0.99684705 -0.079347095 0,
  -0.94979099 -0.31288509 0,-0.82702789 -0.5621609 0] }
}
}
DEF SHAPE_318 Shape {
 appearance USE APP_1
 geometry DEF FACE_318 IndexedFaceSet {
  coord DEF COORD_318 Coordinate { point [
  10.39 12.030555 -0.9875,10.39 10.769445 -0.9875,
  10.257026 11.877837 -0.9875,10.163949 11.697999 -0.9875,
  10.116052 11.501248 -0.9875,10.116052 11.298752 -0.9875,
  10.163949 11.102001 -0.9875,10.257026 10.922163 -0.9875] }
 coordIndex [
  3,2,0,-1,4,3,0,-1,1,5,4,-1,1,6,5,-1,1,7,6,-1,1,4,0,-1]
  normalPerVertex TRUE
  normal DEF NORM_318 Normal { vector [
  0 0 -1,0 0 -1,
  0 0 -1,0 0 -1,
  0 0 -1,0 0 -1,
  0 0 -1,0 0 -1] }
}
}
DEF SHAPE_319 Shape {
 appearance USE APP_1
 geometry DEF FACE_319 IndexedFaceSet {
  coord DEF COORD_319 Coordinate { point [
  10.39 12.030555 -27.4125,10.257026 11.877837 -27.4125,
  10.163949 11.697999 -27.4125,10.116052 11.501248 -27.4125,
  10.116052 11.298752 -27.4125,10.163949 11.102001 -27.4125,
  10.257026 10.922163 -27.4125,10.39 10.769445 -27.4125] }
 coordIndex [
  3,1,2,-1,7,0,1,-1,7,3,4,-1,7,4,5,-1,7,5,6,-1,7,1,3,-1]
  normalPerVertex TRUE
  normal DEF NORM_319 Normal { vector [
  0 0 1,0 0 1,
  0 0 1,0 0 1,
  0 0 1,0 0 1,
  0 0 1,0 0 1] }
}
}
DEF SHAPE_320 Shape {
 appearance USE APP_1
 geometry DEF FACE_320 IndexedFaceSet {
  coord DEF COORD_320 Coordinate { point [
  10.39 12.030555 -27.9875,10.257026 11.877837 -27.9875,
  10.163949 11.697999 -27.9875,10.116052 11.501248 -27.9875,
  10.116052 11.298752 -27.9875,10.163949 11.102001 -27.9875,
  10.257026 10.922163 -27.9875,10.39 10.769445 -27.9875,
  10.39 10.769445 -27.4125,10.39 12.030555 -27.4125,
  10.257026 11.877837 -27.4125,10.163949 11.697999 -27.4125,
  10.116052 11.501248 -27.4125,10.116052 11.298752 -27.4125,
  10.163949 11.102001 -27.4125,10.257026 10.922163 -27.4125] }
 coordIndex [
  9,0,1,-1,10,9,1,-1,11,1,2,-1,11,10,1,-1,12,2,3,-1,12,11,2,-1,13,3,4,-1,13,12,3,-1,
  14,4,5,-1,14,13,4,-1,15,5,6,-1,15,6,7,-1,15,14,5,-1,8,15,7,-1]
  normalPerVertex TRUE
  normal DEF NORM_320 Normal { vector [
  -0.75417752 0.65667059 0,-0.82702789 0.5621609 0,
  -0.94979099 0.31288509 0,-0.99684705 0.079347095 0,
  -0.98732778 -0.15869419 0,-0.92177345 -0.3877289 0,
  -0.82702789 -0.5621609 0,-0.75417752 -0.65667059 0,
  -0.75417752 -0.65667059 0,-0.75417752 0.65667059 0,
  -0.82702789 0.5621609 0,-0.92177345 0.3877289 0,
  -0.98732778 0.15869419 0,-0.99684705 -0.079347095 0,
  -0.94979099 -0.31288509 0,-0.82702789 -0.5621609 0] }
}
}
DEF SHAPE_321 Shape {
 appearance USE APP_1
 geometry DEF FACE_321 IndexedFaceSet {
  coord DEF COORD_321 Coordinate { point [
  10.39 12.030555 -27.9875,10.39 10.769445 -27.9875,
  10.257026 11.877837 -27.9875,10.163949 11.697999 -27.9875,
  10.116052 11.501248 -27.9875,10.116052 11.298752 -27.9875,
  10.163949 11.102001 -27.9875,10.257026 10.922163 -27.9875] }
 coordIndex [
  3,2,0,-1,4,3,0,-1,1,5,4,-1,1,6,5,-1,1,7,6,-1,1,4,0,-1]
  normalPerVertex TRUE
  normal DEF NORM_321 Normal { vector [
  0 0 -1,0 0 -1,
  0 0 -1,0 0 -1,
  0 0 -1,0 0 -1,
  0 0 -1,0 0 -1] }
}
}
DEF SHAPE_322 Shape {
 appearance USE APP_1
 geometry DEF FACE_322 IndexedFaceSet {
  coord DEF COORD_322 Coordinate { point [
  10.39 12.030555 -26.4125,10.257026 11.877837 -26.4125,
  10.163949 11.697999 -26.4125,10.116052 11.501248 -26.4125,
  10.116052 11.298752 -26.4125,10.163949 11.102001 -26.4125,
  10.257026 10.922163 -26.4125,10.39 10.769445 -26.4125] }
 coordIndex [
  3,1,2,-1,7,0,1,-1,7,3,4,-1,7,4,5,-1,7,5,6,-1,7,1,3,-1]
  normalPerVertex TRUE
  normal DEF NORM_322 Normal { vector [
  0 0 1,0 0 1,
  0 0 1,0 0 1,
  0 0 1,0 0 1,
  0 0 1,0 0 1] }
}
}
DEF SHAPE_323 Shape {
 appearance USE APP_1
 geometry DEF FACE_323 IndexedFaceSet {
  coord DEF COORD_323 Coordinate { point [
  10.39 12.030555 -26.9875,10.257026 11.877837 -26.9875,
  10.163949 11.697999 -26.9875,10.116052 11.501248 -26.9875,
  10.116052 11.298752 -26.9875,10.163949 11.102001 -26.9875,
  10.257026 10.922163 -26.9875,10.39 10.769445 -26.9875,
  10.39 10.769445 -26.4125,10.39 12.030555 -26.4125,
  10.257026 11.877837 -26.4125,10.163949 11.697999 -26.4125,
  10.116052 11.501248 -26.4125,10.116052 11.298752 -26.4125,
  10.163949 11.102001 -26.4125,10.257026 10.922163 -26.4125] }
 coordIndex [
  9,0,1,-1,10,9,1,-1,11,1,2,-1,11,10,1,-1,12,2,3,-1,12,11,2,-1,13,3,4,-1,13,12,3,-1,
  14,4,5,-1,14,13,4,-1,15,5,6,-1,15,6,7,-1,15,14,5,-1,8,15,7,-1]
  normalPerVertex TRUE
  normal DEF NORM_323 Normal { vector [
  -0.75417752 0.65667059 0,-0.82702789 0.5621609 0,
  -0.94979099 0.31288509 0,-0.99684705 0.079347095 0,
  -0.98732778 -0.15869419 0,-0.92177345 -0.3877289 0,
  -0.82702789 -0.5621609 0,-0.75417752 -0.65667059 0,
  -0.75417752 -0.65667059 0,-0.75417752 0.65667059 0,
  -0.82702789 0.5621609 0,-0.92177345 0.3877289 0,
  -0.98732778 0.15869419 0,-0.99684705 -0.079347095 0,
  -0.94979099 -0.31288509 0,-0.82702789 -0.5621609 0] }
}
}
DEF SHAPE_324 Shape {
 appearance USE APP_1
 geometry DEF FACE_324 IndexedFaceSet {
  coord DEF COORD_324 Coordinate { point [
  10.39 12.030555 -26.9875,10.39 10.769445 -26.9875,
  10.257026 11.877837 -26.9875,10.163949 11.697999 -26.9875,
  10.116052 11.501248 -26.9875,10.116052 11.298752 -26.9875,
  10.163949 11.102001 -26.9875,10.257026 10.922163 -26.9875] }
 coordIndex [
  3,2,0,-1,4,3,0,-1,1,5,4,-1,1,6,5,-1,1,7,6,-1,1,4,0,-1]
  normalPerVertex TRUE
  normal DEF NORM_324 Normal { vector [
  0 0 -1,0 0 -1,
  0 0 -1,0 0 -1,
  0 0 -1,0 0 -1,
  0 0 -1,0 0 -1] }
}
}
DEF SHAPE_325 Shape {
 appearance USE APP_1
 geometry DEF FACE_325 IndexedFaceSet {
  coord DEF COORD_325 Coordinate { point [
  10.39 12.030555 -25.4125,10.257026 11.877837 -25.4125,
  10.163949 11.697999 -25.4125,10.116052 11.501248 -25.4125,
  10.116052 11.298752 -25.4125,10.163949 11.102001 -25.4125,
  10.257026 10.922163 -25.4125,10.39 10.769445 -25.4125] }
 coordIndex [
  3,1,2,-1,7,0,1,-1,7,3,4,-1,7,4,5,-1,7,5,6,-1,7,1,3,-1]
  normalPerVertex TRUE
  normal DEF NORM_325 Normal { vector [
  0 0 1,0 0 1,
  0 0 1,0 0 1,
  0 0 1,0 0 1,
  0 0 1,0 0 1] }
}
}
DEF SHAPE_326 Shape {
 appearance USE APP_1
 geometry DEF FACE_326 IndexedFaceSet {
  coord DEF COORD_326 Coordinate { point [
  10.39 12.030555 -25.9875,10.257026 11.877837 -25.9875,
  10.163949 11.697999 -25.9875,10.116052 11.501248 -25.9875,
  10.116052 11.298752 -25.9875,10.163949 11.102001 -25.9875,
  10.257026 10.922163 -25.9875,10.39 10.769445 -25.9875,
  10.39 10.769445 -25.4125,10.39 12.030555 -25.4125,
  10.257026 11.877837 -25.4125,10.163949 11.697999 -25.4125,
  10.116052 11.501248 -25.4125,10.116052 11.298752 -25.4125,
  10.163949 11.102001 -25.4125,10.257026 10.922163 -25.4125] }
 coordIndex [
  10,0,1,-1,10,9,0,-1,11,1,2,-1,11,10,1,-1,12,2,3,-1,12,11,2,-1,13,3,4,-1,13,12,3,-1,
  14,4,5,-1,14,13,4,-1,15,5,6,-1,15,6,7,-1,15,14,5,-1,8,15,7,-1]
  normalPerVertex TRUE
  normal DEF NORM_326 Normal { vector [
  -0.75417752 0.65667059 0,-0.84883023 0.52866553 0,
  -0.94979099 0.31288509 0,-0.99684705 0.079347095 0,
  -0.98732778 -0.15869419 0,-0.92177345 -0.3877289 0,
  -0.82702789 -0.5621609 0,-0.75417752 -0.65667059 0,
  -0.75417752 -0.65667059 0,-0.75417752 0.65667059 0,
  -0.80390454 0.59475834 0,-0.92177345 0.3877289 0,
  -0.98732778 0.15869419 0,-0.99684705 -0.079347095 0,
  -0.94979099 -0.31288509 0,-0.82702789 -0.5621609 0] }
}
}
DEF SHAPE_327 Shape {
 appearance USE APP_1
 geometry DEF FACE_327 IndexedFaceSet {
  coord DEF COORD_327 Coordinate { point [
  10.39 12.030555 -25.9875,10.39 10.769445 -25.9875,
  10.257026 11.877837 -25.9875,10.163949 11.697999 -25.9875,
  10.116052 11.501248 -25.9875,10.116052 11.298752 -25.9875,
  10.163949 11.102001 -25.9875,10.257026 10.922163 -25.9875] }
 coordIndex [
  3,2,0,-1,4,3,0,-1,1,5,4,-1,1,6,5,-1,1,7,6,-1,1,4,0,-1]
  normalPerVertex TRUE
  normal DEF NORM_327 Normal { vector [
  0 0 -1,0 0 -1,
  0 0 -1,0 0 -1,
  0 0 -1,0 0 -1,
  0 0 -1,0 0 -1] }
}
}
DEF SHAPE_328 Shape {
 appearance USE APP_1
 geometry DEF FACE_328 IndexedFaceSet {
  coord DEF COORD_328 Coordinate { point [
  10.39 12.030555 -24.4125,10.257026 11.877837 -24.4125,
  10.163949 11.697999 -24.4125,10.116052 11.501248 -24.4125,
  10.116052 11.298752 -24.4125,10.163949 11.102001 -24.4125,
  10.257026 10.922163 -24.4125,10.39 10.769445 -24.4125] }
 coordIndex [
  3,1,2,-1,7,0,1,-1,7,3,4,-1,7,4,5,-1,7,5,6,-1,7,1,3,-1]
  normalPerVertex TRUE
  normal DEF NORM_328 Normal { vector [
  0 0 1,0 0 1,
  0 0 1,0 0 1,
  0 0 1,0 0 1,
  0 0 1,0 0 1] }
}
}
DEF SHAPE_329 Shape {
 appearance USE APP_1
 geometry DEF FACE_329 IndexedFaceSet {
  coord DEF COORD_329 Coordinate { point [
  10.39 12.030555 -24.9875,10.257026 11.877837 -24.9875,
  10.163949 11.697999 -24.9875,10.116052 11.501248 -24.9875,
  10.116052 11.298752 -24.9875,10.163949 11.102001 -24.9875,
  10.257026 10.922163 -24.9875,10.39 10.769445 -24.9875,
  10.39 10.769445 -24.4125,10.39 12.030555 -24.4125,
  10.257026 11.877837 -24.4125,10.163949 11.697999 -24.4125,
  10.116052 11.501248 -24.4125,10.116052 11.298752 -24.4125,
  10.163949 11.102001 -24.4125,10.257026 10.922163 -24.4125] }
 coordIndex [
  9,0,1,-1,10,9,1,-1,11,1,2,-1,11,10,1,-1,12,2,3,-1,12,11,2,-1,13,3,4,-1,13,12,3,-1,
  14,4,5,-1,14,13,4,-1,15,5,6,-1,15,6,7,-1,15,14,5,-1,8,15,7,-1]
  normalPerVertex TRUE
  normal DEF NORM_329 Normal { vector [
  -0.75417752 0.65667059 0,-0.82702789 0.5621609 0,
  -0.94979099 0.31288509 0,-0.99684705 0.079347095 0,
  -0.98732778 -0.15869419 0,-0.92177345 -0.3877289 0,
  -0.82702789 -0.5621609 0,-0.75417752 -0.65667059 0,
  -0.75417752 -0.65667059 0,-0.75417752 0.65667059 0,
  -0.82702789 0.5621609 0,-0.92177345 0.3877289 0,
  -0.98732778 0.15869419 0,-0.99684705 -0.079347095 0,
  -0.94979099 -0.31288509 0,-0.82702789 -0.5621609 0] }
}
}
DEF SHAPE_330 Shape {
 appearance USE APP_1
 geometry DEF FACE_330 IndexedFaceSet {
  coord DEF COORD_330 Coordinate { point [
  10.39 12.030555 -24.9875,10.39 10.769445 -24.9875,
  10.257026 11.877837 -24.9875,10.163949 11.697999 -24.9875,
  10.116052 11.501248 -24.9875,10.116052 11.298752 -24.9875,
  10.163949 11.102001 -24.9875,10.257026 10.922163 -24.9875] }
 coordIndex [
  3,2,0,-1,4,3,0,-1,1,5,4,-1,1,6,5,-1,1,7,6,-1,1,4,0,-1]
  normalPerVertex TRUE
  normal DEF NORM_330 Normal { vector [
  0 0 -1,0 0 -1,
  0 0 -1,0 0 -1,
  0 0 -1,0 0 -1,
  0 0 -1,0 0 -1] }
}
}
DEF SHAPE_331 Shape {
 appearance USE APP_1
 geometry DEF FACE_331 IndexedFaceSet {
  coord DEF COORD_331 Coordinate { point [
  10.39 12.030555 -23.4125,10.257026 11.877837 -23.4125,
  10.163949 11.697999 -23.4125,10.116052 11.501248 -23.4125,
  10.116052 11.298752 -23.4125,10.163949 11.102001 -23.4125,
  10.257026 10.922163 -23.4125,10.39 10.769445 -23.4125] }
 coordIndex [
  3,1,2,-1,7,0,1,-1,7,3,4,-1,7,4,5,-1,7,5,6,-1,7,1,3,-1]
  normalPerVertex TRUE
  normal DEF NORM_331 Normal { vector [
  0 0 1,0 0 1,
  0 0 1,0 0 1,
  0 0 1,0 0 1,
  0 0 1,0 0 1] }
}
}
DEF SHAPE_332 Shape {
 appearance USE APP_1
 geometry DEF FACE_332 IndexedFaceSet {
  coord DEF COORD_332 Coordinate { point [
  10.39 12.030555 -23.9875,10.257026 11.877837 -23.9875,
  10.163949 11.697999 -23.9875,10.116052 11.501248 -23.9875,
  10.116052 11.298752 -23.9875,10.163949 11.102001 -23.9875,
  10.257026 10.922163 -23.9875,10.39 10.769445 -23.9875,
  10.39 10.769445 -23.4125,10.39 12.030555 -23.4125,
  10.257026 11.877837 -23.4125,10.163949 11.697999 -23.4125,
  10.116052 11.501248 -23.4125,10.116052 11.298752 -23.4125,
  10.163949 11.102001 -23.4125,10.257026 10.922163 -23.4125] }
 coordIndex [
  9,0,1,-1,10,9,1,-1,11,1,2,-1,11,10,1,-1,12,2,3,-1,12,11,2,-1,13,3,4,-1,13,4,5,-1,
  13,12,3,-1,14,13,5,-1,15,5,6,-1,15,6,7,-1,15,14,5,-1,8,15,7,-1]
  normalPerVertex TRUE
  normal DEF NORM_332 Normal { vector [
  -0.75417752 0.65667059 0,-0.82702789 0.5621609 0,
  -0.94979099 0.31288509 0,-0.99684705 0.079347095 0,
  -0.99288037 -0.11911577 0,-0.93653017 -0.35058699 0,
  -0.82702789 -0.5621609 0,-0.75417752 -0.65667059 0,
  -0.75417752 -0.65667059 0,-0.75417752 0.65667059 0,
  -0.82702789 0.5621609 0,-0.92177345 0.3877289 0,
  -0.98732778 0.15869419 0,-0.99288037 -0.11911577 0,
  -0.93653017 -0.35058699 0,-0.82702789 -0.5621609 0] }
}
}
DEF SHAPE_333 Shape {
 appearance USE APP_1
 geometry DEF FACE_333 IndexedFaceSet {
  coord DEF COORD_333 Coordinate { point [
  10.39 12.030555 -23.9875,10.39 10.769445 -23.9875,
  10.257026 11.877837 -23.9875,10.163949 11.697999 -23.9875,
  10.116052 11.501248 -23.9875,10.116052 11.298752 -23.9875,
  10.163949 11.102001 -23.9875,10.257026 10.922163 -23.9875] }
 coordIndex [
  3,2,0,-1,4,3,0,-1,1,5,4,-1,1,6,5,-1,1,7,6,-1,1,4,0,-1]
  normalPerVertex TRUE
  normal DEF NORM_333 Normal { vector [
  0 0 -1,0 0 -1,
  0 0 -1,0 0 -1,
  0 0 -1,0 0 -1,
  0 0 -1,0 0 -1] }
}
}
DEF SHAPE_334 Shape {
 appearance USE APP_1
 geometry DEF FACE_334 IndexedFaceSet {
  coord DEF COORD_334 Coordinate { point [
  10.39 12.030555 -22.4125,10.257026 11.877837 -22.4125,
  10.163949 11.697999 -22.4125,10.116052 11.501248 -22.4125,
  10.116052 11.298752 -22.4125,10.163949 11.102001 -22.4125,
  10.257026 10.922163 -22.4125,10.39 10.769445 -22.4125] }
 coordIndex [
  3,1,2,-1,7,0,1,-1,7,3,4,-1,7,4,5,-1,7,5,6,-1,7,1,3,-1]
  normalPerVertex TRUE
  normal DEF NORM_334 Normal { vector [
  0 0 1,0 0 1,
  0 0 1,0 0 1,
  0 0 1,0 0 1,
  0 0 1,0 0 1] }
}
}
DEF SHAPE_335 Shape {
 appearance USE APP_1
 geometry DEF FACE_335 IndexedFaceSet {
  coord DEF COORD_335 Coordinate { point [
  10.39 12.030555 -22.9875,10.257026 11.877837 -22.9875,
  10.163949 11.697999 -22.9875,10.116052 11.501248 -22.9875,
  10.116052 11.298752 -22.9875,10.163949 11.102001 -22.9875,
  10.257026 10.922163 -22.9875,10.39 10.769445 -22.9875,
  10.39 10.769445 -22.4125,10.39 12.030555 -22.4125,
  10.257026 11.877837 -22.4125,10.163949 11.697999 -22.4125,
  10.116052 11.501248 -22.4125,10.116052 11.298752 -22.4125,
  10.163949 11.102001 -22.4125,10.257026 10.922163 -22.4125] }
 coordIndex [
  9,0,1,-1,10,9,1,-1,11,1,2,-1,11,10,1,-1,12,2,3,-1,12,11,2,-1,13,3,4,-1,13,12,3,-1,
  14,4,5,-1,14,13,4,-1,15,5,6,-1,15,6,7,-1,15,14,5,-1,8,15,7,-1]
  normalPerVertex TRUE
  normal DEF NORM_335 Normal { vector [
  -0.75417752 0.65667059 0,-0.82702789 0.5621609 0,
  -0.94979099 0.31288509 0,-0.99684705 0.079347095 0,
  -0.98732778 -0.15869419 0,-0.92177345 -0.3877289 0,
  -0.82702789 -0.5621609 0,-0.75417752 -0.65667059 0,
  -0.75417752 -0.65667059 0,-0.75417752 0.65667059 0,
  -0.82702789 0.5621609 0,-0.92177345 0.3877289 0,
  -0.98732778 0.15869419 0,-0.99684705 -0.079347095 0,
  -0.94979099 -0.31288509 0,-0.82702789 -0.5621609 0] }
}
}
DEF SHAPE_336 Shape {
 appearance USE APP_1
 geometry DEF FACE_336 IndexedFaceSet {
  coord DEF COORD_336 Coordinate { point [
  10.39 12.030555 -22.9875,10.39 10.769445 -22.9875,
  10.257026 11.877837 -22.9875,10.163949 11.697999 -22.9875,
  10.116052 11.501248 -22.9875,10.116052 11.298752 -22.9875,
  10.163949 11.102001 -22.9875,10.257026 10.922163 -22.9875] }
 coordIndex [
  3,2,0,-1,4,3,0,-1,1,5,4,-1,1,6,5,-1,1,7,6,-1,1,4,0,-1]
  normalPerVertex TRUE
  normal DEF NORM_336 Normal { vector [
  0 0 -1,0 0 -1,
  0 0 -1,0 0 -1,
  0 0 -1,0 0 -1,
  0 0 -1,0 0 -1] }
}
}
DEF SHAPE_337 Shape {
 appearance USE APP_1
 geometry DEF FACE_337 IndexedFaceSet {
  coord DEF COORD_337 Coordinate { point [
  10.39 12.030555 -21.4125,10.257026 11.877837 -21.4125,
  10.163949 11.697999 -21.4125,10.116052 11.501248 -21.4125,
  10.116052 11.298752 -21.4125,10.163949 11.102001 -21.4125,
  10.257026 10.922163 -21.4125,10.39 10.769445 -21.4125] }
 coordIndex [
  3,1,2,-1,7,0,1,-1,7,3,4,-1,7,4,5,-1,7,5,6,-1,7,1,3,-1]
  normalPerVertex TRUE
  normal DEF NORM_337 Normal { vector [
  0 0 1,0 0 1,
  0 0 1,0 0 1,
  0 0 1,0 0 1,
  0 0 1,0 0 1] }
}
}
DEF SHAPE_338 Shape {
 appearance USE APP_1
 geometry DEF FACE_338 IndexedFaceSet {
  coord DEF COORD_338 Coordinate { point [
  10.39 12.030555 -21.9875,10.257026 11.877837 -21.9875,
  10.163949 11.697999 -21.9875,10.116052 11.501248 -21.9875,
  10.116052 11.298752 -21.9875,10.163949 11.102001 -21.9875,
  10.257026 10.922163 -21.9875,10.39 10.769445 -21.9875,
  10.39 10.769445 -21.4125,10.39 12.030555 -21.4125,
  10.257026 11.877837 -21.4125,10.163949 11.697999 -21.4125,
  10.116052 11.501248 -21.4125,10.116052 11.298752 -21.4125,
  10.163949 11.102001 -21.4125,10.257026 10.922163 -21.4125] }
 coordIndex [
  10,0,1,-1,10,9,0,-1,11,1,2,-1,11,10,1,-1,12,2,3,-1,12,11,2,-1,13,3,4,-1,13,4,5,-1,
  13,12,3,-1,14,13,5,-1,15,5,6,-1,15,6,7,-1,15,14,5,-1,8,15,7,-1]
  normalPerVertex TRUE
  normal DEF NORM_338 Normal { vector [
  -0.75417752 0.65667059 0,-0.84883023 0.52866553 0,
  -0.94979099 0.31288509 0,-0.99684705 0.079347095 0,
  -0.99288037 -0.11911577 0,-0.93653017 -0.35058699 0,
  -0.82702789 -0.5621609 0,-0.75417752 -0.65667059 0,
  -0.75417752 -0.65667059 0,-0.75417752 0.65667059 0,
  -0.80390454 0.59475834 0,-0.92177345 0.3877289 0,
  -0.98732778 0.15869419 0,-0.99288037 -0.11911577 0,
  -0.93653017 -0.35058699 0,-0.82702789 -0.5621609 0] }
}
}
DEF SHAPE_339 Shape {
 appearance USE APP_1
 geometry DEF FACE_339 IndexedFaceSet {
  coord DEF COORD_339 Coordinate { point [
  10.39 12.030555 -21.9875,10.39 10.769445 -21.9875,
  10.257026 11.877837 -21.9875,10.163949 11.697999 -21.9875,
  10.116052 11.501248 -21.9875,10.116052 11.298752 -21.9875,
  10.163949 11.102001 -21.9875,10.257026 10.922163 -21.9875] }
 coordIndex [
  3,2,0,-1,4,3,0,-1,1,5,4,-1,1,6,5,-1,1,7,6,-1,1,4,0,-1]
  normalPerVertex TRUE
  normal DEF NORM_339 Normal { vector [
  0 0 -1,0 0 -1,
  0 0 -1,0 0 -1,
  0 0 -1,0 0 -1,
  0 0 -1,0 0 -1] }
}
}
DEF SHAPE_340 Shape {
 appearance USE APP_1
 geometry DEF FACE_340 IndexedFaceSet {
  coord DEF COORD_340 Coordinate { point [
  10.39 12.030555 -20.4125,10.257026 11.877837 -20.4125,
  10.163949 11.697999 -20.4125,10.116052 11.501248 -20.4125,
  10.116052 11.298752 -20.4125,10.163949 11.102001 -20.4125,
  10.257026 10.922163 -20.4125,10.39 10.769445 -20.4125] }
 coordIndex [
  3,1,2,-1,7,0,1,-1,7,3,4,-1,7,4,5,-1,7,5,6,-1,7,1,3,-1]
  normalPerVertex TRUE
  normal DEF NORM_340 Normal { vector [
  0 0 1,0 0 1,
  0 0 1,0 0 1,
  0 0 1,0 0 1,
  0 0 1,0 0 1] }
}
}
DEF SHAPE_341 Shape {
 appearance USE APP_1
 geometry DEF FACE_341 IndexedFaceSet {
  coord DEF COORD_341 Coordinate { point [
  10.39 12.030555 -20.9875,10.257026 11.877837 -20.9875,
  10.163949 11.697999 -20.9875,10.116052 11.501248 -20.9875,
  10.116052 11.298752 -20.9875,10.163949 11.102001 -20.9875,
  10.257026 10.922163 -20.9875,10.39 10.769445 -20.9875,
  10.39 10.769445 -20.4125,10.39 12.030555 -20.4125,
  10.257026 11.877837 -20.4125,10.163949 11.697999 -20.4125,
  10.116052 11.501248 -20.4125,10.116052 11.298752 -20.4125,
  10.163949 11.102001 -20.4125,10.257026 10.922163 -20.4125] }
 coordIndex [
  10,0,1,-1,10,9,0,-1,11,1,2,-1,11,10,1,-1,12,2,3,-1,12,11,2,-1,13,3,4,-1,13,4,5,-1,
  13,12,3,-1,14,13,5,-1,15,5,6,-1,15,6,7,-1,15,14,5,-1,8,15,7,-1]
  normalPerVertex TRUE
  normal DEF NORM_341 Normal { vector [
  -0.75417752 0.65667059 0,-0.84883023 0.52866553 0,
  -0.94979099 0.31288509 0,-0.99684705 0.079347095 0,
  -0.99288037 -0.11911577 0,-0.93653017 -0.35058699 0,
  -0.82702789 -0.5621609 0,-0.75417752 -0.65667059 0,
  -0.75417752 -0.65667059 0,-0.75417752 0.65667059 0,
  -0.80390454 0.59475834 0,-0.92177345 0.3877289 0,
  -0.98732778 0.15869419 0,-0.99288037 -0.11911577 0,
  -0.93653017 -0.35058699 0,-0.82702789 -0.5621609 0] }
}
}
DEF SHAPE_342 Shape {
 appearance USE APP_1
 geometry DEF FACE_342 IndexedFaceSet {
  coord DEF COORD_342 Coordinate { point [
  10.39 12.030555 -20.9875,10.39 10.769445 -20.9875,
  10.257026 11.877837 -20.9875,10.163949 11.697999 -20.9875,
  10.116052 11.501248 -20.9875,10.116052 11.298752 -20.9875,
  10.163949 11.102001 -20.9875,10.257026 10.922163 -20.9875] }
 coordIndex [
  3,2,0,-1,4,3,0,-1,1,5,4,-1,1,6,5,-1,1,7,6,-1,1,4,0,-1]
  normalPerVertex TRUE
  normal DEF NORM_342 Normal { vector [
  0 0 -1,0 0 -1,
  0 0 -1,0 0 -1,
  0 0 -1,0 0 -1,
  0 0 -1,0 0 -1] }
}
}
DEF SHAPE_343 Shape {
 appearance USE APP_1
 geometry DEF FACE_343 IndexedFaceSet {
  coord DEF COORD_343 Coordinate { point [
  10.39 12.030555 -19.4125,10.257026 11.877837 -19.4125,
  10.163949 11.697999 -19.4125,10.116052 11.501248 -19.4125,
  10.116052 11.298752 -19.4125,10.163949 11.102001 -19.4125,
  10.257026 10.922163 -19.4125,10.39 10.769445 -19.4125] }
 coordIndex [
  3,1,2,-1,7,0,1,-1,7,3,4,-1,7,4,5,-1,7,5,6,-1,7,1,3,-1]
  normalPerVertex TRUE
  normal DEF NORM_343 Normal { vector [
  0 0 1,0 0 1,
  0 0 1,0 0 1,
  0 0 1,0 0 1,
  0 0 1,0 0 1] }
}
}
DEF SHAPE_344 Shape {
 appearance USE APP_1
 geometry DEF FACE_344 IndexedFaceSet {
  coord DEF COORD_344 Coordinate { point [
  10.39 12.030555 -19.9875,10.257026 11.877837 -19.9875,
  10.163949 11.697999 -19.9875,10.116052 11.501248 -19.9875,
  10.116052 11.298752 -19.9875,10.163949 11.102001 -19.9875,
  10.257026 10.922163 -19.9875,10.39 10.769445 -19.9875,
  10.39 10.769445 -19.4125,10.39 12.030555 -19.4125,
  10.257026 11.877837 -19.4125,10.163949 11.697999 -19.4125,
  10.116052 11.501248 -19.4125,10.116052 11.298752 -19.4125,
  10.163949 11.102001 -19.4125,10.257026 10.922163 -19.4125] }
 coordIndex [
  10,0,1,-1,10,9,0,-1,11,1,2,-1,11,10,1,-1,12,2,3,-1,12,11,2,-1,13,3,4,-1,13,4,5,-1,
  13,12,3,-1,14,13,5,-1,15,5,6,-1,15,6,7,-1,15,14,5,-1,8,15,7,-1]
  normalPerVertex TRUE
  normal DEF NORM_344 Normal { vector [
  -0.75417752 0.65667059 0,-0.84883023 0.52866553 0,
  -0.94979099 0.31288509 0,-0.99684705 0.079347095 0,
  -0.99288037 -0.11911577 0,-0.93653017 -0.35058699 0,
  -0.82702789 -0.5621609 0,-0.75417752 -0.65667059 0,
  -0.75417752 -0.65667059 0,-0.75417752 0.65667059 0,
  -0.80390454 0.59475834 0,-0.92177345 0.3877289 0,
  -0.98732778 0.15869419 0,-0.99288037 -0.11911577 0,
  -0.93653017 -0.35058699 0,-0.82702789 -0.5621609 0] }
}
}
DEF SHAPE_345 Shape {
 appearance USE APP_1
 geometry DEF FACE_345 IndexedFaceSet {
  coord DEF COORD_345 Coordinate { point [
  10.39 12.030555 -19.9875,10.39 10.769445 -19.9875,
  10.257026 11.877837 -19.9875,10.163949 11.697999 -19.9875,
  10.116052 11.501248 -19.9875,10.116052 11.298752 -19.9875,
  10.163949 11.102001 -19.9875,10.257026 10.922163 -19.9875] }
 coordIndex [
  3,2,0,-1,4,3,0,-1,1,5,4,-1,1,6,5,-1,1,7,6,-1,1,4,0,-1]
  normalPerVertex TRUE
  normal DEF NORM_345 Normal { vector [
  0 0 -1,0 0 -1,
  0 0 -1,0 0 -1,
  0 0 -1,0 0 -1,
  0 0 -1,0 0 -1] }
}
}
DEF SHAPE_346 Shape {
 appearance USE APP_1
 geometry DEF FACE_346 IndexedFaceSet {
  coord DEF COORD_346 Coordinate { point [
  10.39 12.030555 -18.4125,10.257026 11.877837 -18.4125,
  10.163949 11.697999 -18.4125,10.116052 11.501248 -18.4125,
  10.116052 11.298752 -18.4125,10.163949 11.102001 -18.4125,
  10.257026 10.922163 -18.4125,10.39 10.769445 -18.4125] }
 coordIndex [
  3,1,2,-1,7,0,1,-1,7,3,4,-1,7,4,5,-1,7,5,6,-1,7,1,3,-1]
  normalPerVertex TRUE
  normal DEF NORM_346 Normal { vector [
  0 0 1,0 0 1,
  0 0 1,0 0 1,
  0 0 1,0 0 1,
  0 0 1,0 0 1] }
}
}
DEF SHAPE_347 Shape {
 appearance USE APP_1
 geometry DEF FACE_347 IndexedFaceSet {
  coord DEF COORD_347 Coordinate { point [
  10.39 12.030555 -18.9875,10.257026 11.877837 -18.9875,
  10.163949 11.697999 -18.9875,10.116052 11.501248 -18.9875,
  10.116052 11.298752 -18.9875,10.163949 11.102001 -18.9875,
  10.257026 10.922163 -18.9875,10.39 10.769445 -18.9875,
  10.39 10.769445 -18.4125,10.39 12.030555 -18.4125,
  10.257026 11.877837 -18.4125,10.163949 11.697999 -18.4125,
  10.116052 11.501248 -18.4125,10.116052 11.298752 -18.4125,
  10.163949 11.102001 -18.4125,10.257026 10.922163 -18.4125] }
 coordIndex [
  10,0,1,-1,10,9,0,-1,11,1,2,-1,11,10,1,-1,12,2,3,-1,12,11,2,-1,13,3,4,-1,13,4,5,-1,
  13,12,3,-1,14,13,5,-1,15,5,6,-1,15,6,7,-1,15,14,5,-1,8,15,7,-1]
  normalPerVertex TRUE
  normal DEF NORM_347 Normal { vector [
  -0.75417752 0.65667059 0,-0.84883023 0.52866553 0,
  -0.94979099 0.31288509 0,-0.99684705 0.079347095 0,
  -0.99288037 -0.11911577 0,-0.93653017 -0.35058699 0,
  -0.82702789 -0.5621609 0,-0.75417752 -0.65667059 0,
  -0.75417752 -0.65667059 0,-0.75417752 0.65667059 0,
  -0.80390454 0.59475834 0,-0.92177345 0.3877289 0,
  -0.98732778 0.15869419 0,-0.99288037 -0.11911577 0,
  -0.93653017 -0.35058699 0,-0.82702789 -0.5621609 0] }
}
}
DEF SHAPE_348 Shape {
 appearance USE APP_1
 geometry DEF FACE_348 IndexedFaceSet {
  coord DEF COORD_348 Coordinate { point [
  10.39 12.030555 -18.9875,10.39 10.769445 -18.9875,
  10.257026 11.877837 -18.9875,10.163949 11.697999 -18.9875,
  10.116052 11.501248 -18.9875,10.116052 11.298752 -18.9875,
  10.163949 11.102001 -18.9875,10.257026 10.922163 -18.9875] }
 coordIndex [
  3,2,0,-1,4,3,0,-1,1,5,4,-1,1,6,5,-1,1,7,6,-1,1,4,0,-1]
  normalPerVertex TRUE
  normal DEF NORM_348 Normal { vector [
  0 0 -1,0 0 -1,
  0 0 -1,0 0 -1,
  0 0 -1,0 0 -1,
  0 0 -1,0 0 -1] }
}
}
DEF SHAPE_349 Shape {
 appearance USE APP_1
 geometry DEF FACE_349 IndexedFaceSet {
  coord DEF COORD_349 Coordinate { point [
  10.39 12.030555 -17.4125,10.257026 11.877837 -17.4125,
  10.163949 11.697999 -17.4125,10.116052 11.501248 -17.4125,
  10.116052 11.298752 -17.4125,10.163949 11.102001 -17.4125,
  10.257026 10.922163 -17.4125,10.39 10.769445 -17.4125] }
 coordIndex [
  3,1,2,-1,7,0,1,-1,7,3,4,-1,7,4,5,-1,7,5,6,-1,7,1,3,-1]
  normalPerVertex TRUE
  normal DEF NORM_349 Normal { vector [
  0 0 1,0 0 1,
  0 0 1,0 0 1,
  0 0 1,0 0 1,
  0 0 1,0 0 1] }
}
}
DEF SHAPE_350 Shape {
 appearance USE APP_1
 geometry DEF FACE_350 IndexedFaceSet {
  coord DEF COORD_350 Coordinate { point [
  10.39 12.030555 -17.9875,10.257026 11.877837 -17.9875,
  10.163949 11.697999 -17.9875,10.116052 11.501248 -17.9875,
  10.116052 11.298752 -17.9875,10.163949 11.102001 -17.9875,
  10.257026 10.922163 -17.9875,10.39 10.769445 -17.9875,
  10.39 10.769445 -17.4125,10.39 12.030555 -17.4125,
  10.257026 11.877837 -17.4125,10.163949 11.697999 -17.4125,
  10.116052 11.501248 -17.4125,10.116052 11.298752 -17.4125,
  10.163949 11.102001 -17.4125,10.257026 10.922163 -17.4125] }
 coordIndex [
  9,0,1,-1,10,9,1,-1,11,1,2,-1,11,10,1,-1,12,2,3,-1,12,11,2,-1,13,3,4,-1,13,12,3,-1,
  14,4,5,-1,14,13,4,-1,15,5,6,-1,15,6,7,-1,15,14,5,-1,8,15,7,-1]
  normalPerVertex TRUE
  normal DEF NORM_350 Normal { vector [
  -0.75417752 0.65667059 0,-0.82702789 0.5621609 0,
  -0.94979099 0.31288509 0,-0.99684705 0.079347095 0,
  -0.98732778 -0.15869419 0,-0.92177345 -0.3877289 0,
  -0.82702789 -0.5621609 0,-0.75417752 -0.65667059 0,
  -0.75417752 -0.65667059 0,-0.75417752 0.65667059 0,
  -0.82702789 0.5621609 0,-0.92177345 0.3877289 0,
  -0.98732778 0.15869419 0,-0.99684705 -0.079347095 0,
  -0.94979099 -0.31288509 0,-0.82702789 -0.5621609 0] }
}
}
DEF SHAPE_351 Shape {
 appearance USE APP_1
 geometry DEF FACE_351 IndexedFaceSet {
  coord DEF COORD_351 Coordinate { point [
  10.39 12.030555 -17.9875,10.39 10.769445 -17.9875,
  10.257026 11.877837 -17.9875,10.163949 11.697999 -17.9875,
  10.116052 11.501248 -17.9875,10.116052 11.298752 -17.9875,
  10.163949 11.102001 -17.9875,10.257026 10.922163 -17.9875] }
 coordIndex [
  3,2,0,-1,4,3,0,-1,1,5,4,-1,1,6,5,-1,1,7,6,-1,1,4,0,-1]
  normalPerVertex TRUE
  normal DEF NORM_351 Normal { vector [
  0 0 -1,0 0 -1,
  0 0 -1,0 0 -1,
  0 0 -1,0 0 -1,
  0 0 -1,0 0 -1] }
}
}
DEF SHAPE_352 Shape {
 appearance USE APP_1
 geometry DEF FACE_352 IndexedFaceSet {
  coord DEF COORD_352 Coordinate { point [
  10.39 12.030555 -16.4125,10.257026 11.877837 -16.4125,
  10.163949 11.697999 -16.4125,10.116052 11.501248 -16.4125,
  10.116052 11.298752 -16.4125,10.163949 11.102001 -16.4125,
  10.257026 10.922163 -16.4125,10.39 10.769445 -16.4125] }
 coordIndex [
  3,1,2,-1,7,0,1,-1,7,3,4,-1,7,4,5,-1,7,5,6,-1,7,1,3,-1]
  normalPerVertex TRUE
  normal DEF NORM_352 Normal { vector [
  0 0 1,0 0 1,
  0 0 1,0 0 1,
  0 0 1,0 0 1,
  0 0 1,0 0 1] }
}
}
DEF SHAPE_353 Shape {
 appearance USE APP_1
 geometry DEF FACE_353 IndexedFaceSet {
  coord DEF COORD_353 Coordinate { point [
  10.39 12.030555 -16.9875,10.257026 11.877837 -16.9875,
  10.163949 11.697999 -16.9875,10.116052 11.501248 -16.9875,
  10.116052 11.298752 -16.9875,10.163949 11.102001 -16.9875,
  10.257026 10.922163 -16.9875,10.39 10.769445 -16.9875,
  10.39 10.769445 -16.4125,10.39 12.030555 -16.4125,
  10.257026 11.877837 -16.4125,10.163949 11.697999 -16.4125,
  10.116052 11.501248 -16.4125,10.116052 11.298752 -16.4125,
  10.163949 11.102001 -16.4125,10.257026 10.922163 -16.4125] }
 coordIndex [
  9,0,1,-1,10,9,1,-1,11,1,2,-1,11,10,1,-1,12,2,3,-1,12,11,2,-1,13,3,4,-1,13,4,5,-1,
  13,12,3,-1,14,13,5,-1,15,5,6,-1,15,6,7,-1,15,14,5,-1,8,15,7,-1]
  normalPerVertex TRUE
  normal DEF NORM_353 Normal { vector [
  -0.75417752 0.65667059 0,-0.82702789 0.5621609 0,
  -0.94979099 0.31288509 0,-0.99684705 0.079347095 0,
  -0.99288037 -0.11911577 0,-0.93653017 -0.35058699 0,
  -0.82702789 -0.5621609 0,-0.75417752 -0.65667059 0,
  -0.75417752 -0.65667059 0,-0.75417752 0.65667059 0,
  -0.82702789 0.5621609 0,-0.92177345 0.3877289 0,
  -0.98732778 0.15869419 0,-0.99288037 -0.11911577 0,
  -0.93653017 -0.35058699 0,-0.82702789 -0.5621609 0] }
}
}
DEF SHAPE_354 Shape {
 appearance USE APP_1
 geometry DEF FACE_354 IndexedFaceSet {
  coord DEF COORD_354 Coordinate { point [
  10.39 12.030555 -16.9875,10.39 10.769445 -16.9875,
  10.257026 11.877837 -16.9875,10.163949 11.697999 -16.9875,
  10.116052 11.501248 -16.9875,10.116052 11.298752 -16.9875,
  10.163949 11.102001 -16.9875,10.257026 10.922163 -16.9875] }
 coordIndex [
  3,2,0,-1,4,3,0,-1,1,5,4,-1,1,6,5,-1,1,7,6,-1,1,4,0,-1]
  normalPerVertex TRUE
  normal DEF NORM_354 Normal { vector [
  0 0 -1,0 0 -1,
  0 0 -1,0 0 -1,
  0 0 -1,0 0 -1,
  0 0 -1,0 0 -1] }
}
}
DEF SHAPE_355 Shape {
 appearance USE APP_1
 geometry DEF FACE_355 IndexedFaceSet {
  coord DEF COORD_355 Coordinate { point [
  10.39 12.030555 -15.4125,10.257026 11.877837 -15.4125,
  10.163949 11.697999 -15.4125,10.116052 11.501248 -15.4125,
  10.116052 11.298752 -15.4125,10.163949 11.102001 -15.4125,
  10.257026 10.922163 -15.4125,10.39 10.769445 -15.4125] }
 coordIndex [
  3,1,2,-1,7,0,1,-1,7,3,4,-1,7,4,5,-1,7,5,6,-1,7,1,3,-1]
  normalPerVertex TRUE
  normal DEF NORM_355 Normal { vector [
  0 0 1,0 0 1,
  0 0 1,0 0 1,
  0 0 1,0 0 1,
  0 0 1,0 0 1] }
}
}
DEF SHAPE_356 Shape {
 appearance USE APP_1
 geometry DEF FACE_356 IndexedFaceSet {
  coord DEF COORD_356 Coordinate { point [
  10.39 12.030555 -15.9875,10.257026 11.877837 -15.9875,
  10.163949 11.697999 -15.9875,10.116052 11.501248 -15.9875,
  10.116052 11.298752 -15.9875,10.163949 11.102001 -15.9875,
  10.257026 10.922163 -15.9875,10.39 10.769445 -15.9875,
  10.39 10.769445 -15.4125,10.39 12.030555 -15.4125,
  10.257026 11.877837 -15.4125,10.163949 11.697999 -15.4125,
  10.116052 11.501248 -15.4125,10.116052 11.298752 -15.4125,
  10.163949 11.102001 -15.4125,10.257026 10.922163 -15.4125] }
 coordIndex [
  9,0,1,-1,10,9,1,-1,11,1,2,-1,11,10,1,-1,12,2,3,-1,12,11,2,-1,13,3,4,-1,13,12,3,-1,
  14,4,5,-1,14,13,4,-1,15,5,6,-1,15,6,7,-1,15,14,5,-1,8,15,7,-1]
  normalPerVertex TRUE
  normal DEF NORM_356 Normal { vector [
  -0.75417752 0.65667059 0,-0.82702789 0.5621609 0,
  -0.94979099 0.31288509 0,-0.99684705 0.079347095 0,
  -0.98732778 -0.15869419 0,-0.92177345 -0.3877289 0,
  -0.82702789 -0.5621609 0,-0.75417752 -0.65667059 0,
  -0.75417752 -0.65667059 0,-0.75417752 0.65667059 0,
  -0.82702789 0.5621609 0,-0.92177345 0.3877289 0,
  -0.98732778 0.15869419 0,-0.99684705 -0.079347095 0,
  -0.94979099 -0.31288509 0,-0.82702789 -0.5621609 0] }
}
}
DEF SHAPE_357 Shape {
 appearance USE APP_1
 geometry DEF FACE_357 IndexedFaceSet {
  coord DEF COORD_357 Coordinate { point [
  10.39 12.030555 -15.9875,10.39 10.769445 -15.9875,
  10.257026 11.877837 -15.9875,10.163949 11.697999 -15.9875,
  10.116052 11.501248 -15.9875,10.116052 11.298752 -15.9875,
  10.163949 11.102001 -15.9875,10.257026 10.922163 -15.9875] }
 coordIndex [
  3,2,0,-1,4,3,0,-1,1,5,4,-1,1,6,5,-1,1,7,6,-1,1,4,0,-1]
  normalPerVertex TRUE
  normal DEF NORM_357 Normal { vector [
  0 0 -1,0 0 -1,
  0 0 -1,0 0 -1,
  0 0 -1,0 0 -1,
  0 0 -1,0 0 -1] }
}
}
DEF SHAPE_358 Shape {
 appearance USE APP_1
 geometry DEF FACE_358 IndexedFaceSet {
  coord DEF COORD_358 Coordinate { point [
  10.39 12.030555 -14.4125,10.257026 11.877837 -14.4125,
  10.163949 11.697999 -14.4125,10.116052 11.501248 -14.4125,
  10.116052 11.298752 -14.4125,10.163949 11.102001 -14.4125,
  10.257026 10.922163 -14.4125,10.39 10.769445 -14.4125] }
 coordIndex [
  3,1,2,-1,7,0,1,-1,7,3,4,-1,7,4,5,-1,7,5,6,-1,7,1,3,-1]
  normalPerVertex TRUE
  normal DEF NORM_358 Normal { vector [
  0 0 1,0 0 1,
  0 0 1,0 0 1,
  0 0 1,0 0 1,
  0 0 1,0 0 1] }
}
}
DEF SHAPE_359 Shape {
 appearance USE APP_1
 geometry DEF FACE_359 IndexedFaceSet {
  coord DEF COORD_359 Coordinate { point [
  10.39 12.030555 -14.9875,10.257026 11.877837 -14.9875,
  10.163949 11.697999 -14.9875,10.116052 11.501248 -14.9875,
  10.116052 11.298752 -14.9875,10.163949 11.102001 -14.9875,
  10.257026 10.922163 -14.9875,10.39 10.769445 -14.9875,
  10.39 10.769445 -14.4125,10.39 12.030555 -14.4125,
  10.257026 11.877837 -14.4125,10.163949 11.697999 -14.4125,
  10.116052 11.501248 -14.4125,10.116052 11.298752 -14.4125,
  10.163949 11.102001 -14.4125,10.257026 10.922163 -14.4125] }
 coordIndex [
  9,0,1,-1,10,9,1,-1,11,1,2,-1,11,10,1,-1,12,2,3,-1,12,11,2,-1,13,3,4,-1,13,4,5,-1,
  13,12,3,-1,14,13,5,-1,15,5,6,-1,15,6,7,-1,15,14,5,-1,8,15,7,-1]
  normalPerVertex TRUE
  normal DEF NORM_359 Normal { vector [
  -0.75417752 0.65667059 0,-0.82702789 0.5621609 0,
  -0.94979099 0.31288509 0,-0.99684705 0.079347095 0,
  -0.99288037 -0.11911577 0,-0.93653017 -0.35058699 0,
  -0.82702789 -0.5621609 0,-0.75417752 -0.65667059 0,
  -0.75417752 -0.65667059 0,-0.75417752 0.65667059 0,
  -0.82702789 0.5621609 0,-0.92177345 0.3877289 0,
  -0.98732778 0.15869419 0,-0.99288037 -0.11911577 0,
  -0.93653017 -0.35058699 0,-0.82702789 -0.5621609 0] }
}
}
DEF SHAPE_360 Shape {
 appearance USE APP_1
 geometry DEF FACE_360 IndexedFaceSet {
  coord DEF COORD_360 Coordinate { point [
  10.39 12.030555 -14.9875,10.39 10.769445 -14.9875,
  10.257026 11.877837 -14.9875,10.163949 11.697999 -14.9875,
  10.116052 11.501248 -14.9875,10.116052 11.298752 -14.9875,
  10.163949 11.102001 -14.9875,10.257026 10.922163 -14.9875] }
 coordIndex [
  3,2,0,-1,4,3,0,-1,1,5,4,-1,1,6,5,-1,1,7,6,-1,1,4,0,-1]
  normalPerVertex TRUE
  normal DEF NORM_360 Normal { vector [
  0 0 -1,0 0 -1,
  0 0 -1,0 0 -1,
  0 0 -1,0 0 -1,
  0 0 -1,0 0 -1] }
}
}
DEF SHAPE_361 Shape {
 appearance USE APP_1
 geometry DEF FACE_361 IndexedFaceSet {
  coord DEF COORD_361 Coordinate { point [
  10.39 12.030555 -13.4125,10.257026 11.877837 -13.4125,
  10.163949 11.697999 -13.4125,10.116052 11.501248 -13.4125,
  10.116052 11.298752 -13.4125,10.163949 11.102001 -13.4125,
  10.257026 10.922163 -13.4125,10.39 10.769445 -13.4125] }
 coordIndex [
  3,1,2,-1,7,0,1,-1,7,3,4,-1,7,4,5,-1,7,5,6,-1,7,1,3,-1]
  normalPerVertex TRUE
  normal DEF NORM_361 Normal { vector [
  0 0 1,0 0 1,
  0 0 1,0 0 1,
  0 0 1,0 0 1,
  0 0 1,0 0 1] }
}
}
DEF SHAPE_362 Shape {
 appearance USE APP_1
 geometry DEF FACE_362 IndexedFaceSet {
  coord DEF COORD_362 Coordinate { point [
  10.39 12.030555 -13.9875,10.257026 11.877837 -13.9875,
  10.163949 11.697999 -13.9875,10.116052 11.501248 -13.9875,
  10.116052 11.298752 -13.9875,10.163949 11.102001 -13.9875,
  10.257026 10.922163 -13.9875,10.39 10.769445 -13.9875,
  10.39 10.769445 -13.4125,10.39 12.030555 -13.4125,
  10.257026 11.877837 -13.4125,10.163949 11.697999 -13.4125,
  10.116052 11.501248 -13.4125,10.116052 11.298752 -13.4125,
  10.163949 11.102001 -13.4125,10.257026 10.922163 -13.4125] }
 coordIndex [
  10,0,1,-1,10,9,0,-1,11,1,2,-1,11,10,1,-1,12,2,3,-1,12,11,2,-1,13,3,4,-1,13,4,5,-1,
  13,12,3,-1,14,13,5,-1,15,5,6,-1,15,6,7,-1,15,14,5,-1,8,15,7,-1]
  normalPerVertex TRUE
  normal DEF NORM_362 Normal { vector [
  -0.75417752 0.65667059 0,-0.84883023 0.52866553 0,
  -0.94979099 0.31288509 0,-0.99684705 0.079347095 0,
  -0.99288037 -0.11911577 0,-0.93653017 -0.35058699 0,
  -0.82702789 -0.5621609 0,-0.75417752 -0.65667059 0,
  -0.75417752 -0.65667059 0,-0.75417752 0.65667059 0,
  -0.80390454 0.59475834 0,-0.92177345 0.3877289 0,
  -0.98732778 0.15869419 0,-0.99288037 -0.11911577 0,
  -0.93653017 -0.35058699 0,-0.82702789 -0.5621609 0] }
}
}
DEF SHAPE_363 Shape {
 appearance USE APP_1
 geometry DEF FACE_363 IndexedFaceSet {
  coord DEF COORD_363 Coordinate { point [
  10.39 12.030555 -13.9875,10.39 10.769445 -13.9875,
  10.257026 11.877837 -13.9875,10.163949 11.697999 -13.9875,
  10.116052 11.501248 -13.9875,10.116052 11.298752 -13.9875,
  10.163949 11.102001 -13.9875,10.257026 10.922163 -13.9875] }
 coordIndex [
  3,2,0,-1,4,3,0,-1,1,5,4,-1,1,6,5,-1,1,7,6,-1,1,4,0,-1]
  normalPerVertex TRUE
  normal DEF NORM_363 Normal { vector [
  0 0 -1,0 0 -1,
  0 0 -1,0 0 -1,
  0 0 -1,0 0 -1,
  0 0 -1,0 0 -1] }
}
}
DEF SHAPE_364 Shape {
 appearance USE APP_1
 geometry DEF FACE_364 IndexedFaceSet {
  coord DEF COORD_364 Coordinate { point [
  10.39 12.030555 -12.4125,10.257026 11.877837 -12.4125,
  10.163949 11.697999 -12.4125,10.116052 11.501248 -12.4125,
  10.116052 11.298752 -12.4125,10.163949 11.102001 -12.4125,
  10.257026 10.922163 -12.4125,10.39 10.769445 -12.4125] }
 coordIndex [
  3,1,2,-1,7,0,1,-1,7,3,4,-1,7,4,5,-1,7,5,6,-1,7,1,3,-1]
  normalPerVertex TRUE
  normal DEF NORM_364 Normal { vector [
  0 0 1,0 0 1,
  0 0 1,0 0 1,
  0 0 1,0 0 1,
  0 0 1,0 0 1] }
}
}
DEF SHAPE_365 Shape {
 appearance USE APP_1
 geometry DEF FACE_365 IndexedFaceSet {
  coord DEF COORD_365 Coordinate { point [
  10.39 12.030555 -12.9875,10.257026 11.877837 -12.9875,
  10.163949 11.697999 -12.9875,10.116052 11.501248 -12.9875,
  10.116052 11.298752 -12.9875,10.163949 11.102001 -12.9875,
  10.257026 10.922163 -12.9875,10.39 10.769445 -12.9875,
  10.39 10.769445 -12.4125,10.39 12.030555 -12.4125,
  10.257026 11.877837 -12.4125,10.163949 11.697999 -12.4125,
  10.116052 11.501248 -12.4125,10.116052 11.298752 -12.4125,
  10.163949 11.102001 -12.4125,10.257026 10.922163 -12.4125] }
 coordIndex [
  10,0,1,-1,10,9,0,-1,11,1,2,-1,11,10,1,-1,12,2,3,-1,12,11,2,-1,13,3,4,-1,13,12,3,-1,
  14,4,5,-1,14,13,4,-1,15,5,6,-1,15,6,7,-1,15,14,5,-1,8,15,7,-1]
  normalPerVertex TRUE
  normal DEF NORM_365 Normal { vector [
  -0.75417752 0.65667059 0,-0.84883023 0.52866553 0,
  -0.94979099 0.31288509 0,-0.99684705 0.079347095 0,
  -0.98732778 -0.15869419 0,-0.92177345 -0.3877289 0,
  -0.82702789 -0.5621609 0,-0.75417752 -0.65667059 0,
  -0.75417752 -0.65667059 0,-0.75417752 0.65667059 0,
  -0.80390454 0.59475834 0,-0.92177345 0.3877289 0,
  -0.98732778 0.15869419 0,-0.99684705 -0.079347095 0,
  -0.94979099 -0.31288509 0,-0.82702789 -0.5621609 0] }
}
}
DEF SHAPE_366 Shape {
 appearance USE APP_1
 geometry DEF FACE_366 IndexedFaceSet {
  coord DEF COORD_366 Coordinate { point [
  10.39 12.030555 -12.9875,10.39 10.769445 -12.9875,
  10.257026 11.877837 -12.9875,10.163949 11.697999 -12.9875,
  10.116052 11.501248 -12.9875,10.116052 11.298752 -12.9875,
  10.163949 11.102001 -12.9875,10.257026 10.922163 -12.9875] }
 coordIndex [
  3,2,0,-1,4,3,0,-1,1,5,4,-1,1,6,5,-1,1,7,6,-1,1,4,0,-1]
  normalPerVertex TRUE
  normal DEF NORM_366 Normal { vector [
  0 0 -1,0 0 -1,
  0 0 -1,0 0 -1,
  0 0 -1,0 0 -1,
  0 0 -1,0 0 -1] }
}
}
DEF SHAPE_367 Shape {
 appearance USE APP_1
 geometry DEF FACE_367 IndexedFaceSet {
  coord DEF COORD_367 Coordinate { point [
  10.39 12.030555 -11.4125,10.257026 11.877837 -11.4125,
  10.163949 11.697999 -11.4125,10.116052 11.501248 -11.4125,
  10.116052 11.298752 -11.4125,10.163949 11.102001 -11.4125,
  10.257026 10.922163 -11.4125,10.39 10.769445 -11.4125] }
 coordIndex [
  3,1,2,-1,7,0,1,-1,7,3,4,-1,7,4,5,-1,7,5,6,-1,7,1,3,-1]
  normalPerVertex TRUE
  normal DEF NORM_367 Normal { vector [
  0 0 1,0 0 1,
  0 0 1,0 0 1,
  0 0 1,0 0 1,
  0 0 1,0 0 1] }
}
}
DEF SHAPE_368 Shape {
 appearance USE APP_1
 geometry DEF FACE_368 IndexedFaceSet {
  coord DEF COORD_368 Coordinate { point [
  10.39 12.030555 -11.9875,10.257026 11.877837 -11.9875,
  10.163949 11.697999 -11.9875,10.116052 11.501248 -11.9875,
  10.116052 11.298752 -11.9875,10.163949 11.102001 -11.9875,
  10.257026 10.922163 -11.9875,10.39 10.769445 -11.9875,
  10.39 10.769445 -11.4125,10.39 12.030555 -11.4125,
  10.257026 11.877837 -11.4125,10.163949 11.697999 -11.4125,
  10.116052 11.501248 -11.4125,10.116052 11.298752 -11.4125,
  10.163949 11.102001 -11.4125,10.257026 10.922163 -11.4125] }
 coordIndex [
  10,0,1,-1,10,9,0,-1,11,1,2,-1,11,10,1,-1,12,2,3,-1,12,11,2,-1,13,3,4,-1,13,4,5,-1,
  13,12,3,-1,14,13,5,-1,15,5,6,-1,15,6,7,-1,15,14,5,-1,8,15,7,-1]
  normalPerVertex TRUE
  normal DEF NORM_368 Normal { vector [
  -0.75417752 0.65667059 0,-0.84883023 0.52866553 0,
  -0.94979099 0.31288509 0,-0.99684705 0.079347095 0,
  -0.99288037 -0.11911577 0,-0.93653017 -0.35058699 0,
  -0.82702789 -0.5621609 0,-0.75417752 -0.65667059 0,
  -0.75417752 -0.65667059 0,-0.75417752 0.65667059 0,
  -0.80390454 0.59475834 0,-0.92177345 0.3877289 0,
  -0.98732778 0.15869419 0,-0.99288037 -0.11911577 0,
  -0.93653017 -0.35058699 0,-0.82702789 -0.5621609 0] }
}
}
DEF SHAPE_369 Shape {
 appearance USE APP_1
 geometry DEF FACE_369 IndexedFaceSet {
  coord DEF COORD_369 Coordinate { point [
  10.39 12.030555 -11.9875,10.39 10.769445 -11.9875,
  10.257026 11.877837 -11.9875,10.163949 11.697999 -11.9875,
  10.116052 11.501248 -11.9875,10.116052 11.298752 -11.9875,
  10.163949 11.102001 -11.9875,10.257026 10.922163 -11.9875] }
 coordIndex [
  3,2,0,-1,4,3,0,-1,1,5,4,-1,1,6,5,-1,1,7,6,-1,1,4,0,-1]
  normalPerVertex TRUE
  normal DEF NORM_369 Normal { vector [
  0 0 -1,0 0 -1,
  0 0 -1,0 0 -1,
  0 0 -1,0 0 -1,
  0 0 -1,0 0 -1] }
}
}
DEF SHAPE_370 Shape {
 appearance USE APP_1
 geometry DEF FACE_370 IndexedFaceSet {
  coord DEF COORD_370 Coordinate { point [
  10.39 12.030555 -10.4125,10.257026 11.877837 -10.4125,
  10.163949 11.697999 -10.4125,10.116052 11.501248 -10.4125,
  10.116052 11.298752 -10.4125,10.163949 11.102001 -10.4125,
  10.257026 10.922163 -10.4125,10.39 10.769445 -10.4125] }
 coordIndex [
  3,1,2,-1,7,0,1,-1,7,3,4,-1,7,4,5,-1,7,5,6,-1,7,1,3,-1]
  normalPerVertex TRUE
  normal DEF NORM_370 Normal { vector [
  0 0 1,0 0 1,
  0 0 1,0 0 1,
  0 0 1,0 0 1,
  0 0 1,0 0 1] }
}
}
DEF SHAPE_371 Shape {
 appearance USE APP_1
 geometry DEF FACE_371 IndexedFaceSet {
  coord DEF COORD_371 Coordinate { point [
  10.39 12.030555 -10.9875,10.257026 11.877837 -10.9875,
  10.163949 11.697999 -10.9875,10.116052 11.501248 -10.9875,
  10.116052 11.298752 -10.9875,10.163949 11.102001 -10.9875,
  10.257026 10.922163 -10.9875,10.39 10.769445 -10.9875,
  10.39 10.769445 -10.4125,10.39 12.030555 -10.4125,
  10.257026 11.877837 -10.4125,10.163949 11.697999 -10.4125,
  10.116052 11.501248 -10.4125,10.116052 11.298752 -10.4125,
  10.163949 11.102001 -10.4125,10.257026 10.922163 -10.4125] }
 coordIndex [
  10,0,1,-1,10,9,0,-1,11,1,2,-1,11,10,1,-1,12,2,3,-1,12,11,2,-1,13,3,4,-1,13,12,3,-1,
  14,4,5,-1,14,13,4,-1,15,5,6,-1,15,6,7,-1,15,14,5,-1,8,15,7,-1]
  normalPerVertex TRUE
  normal DEF NORM_371 Normal { vector [
  -0.75417752 0.65667059 0,-0.84883023 0.52866553 0,
  -0.94979099 0.31288509 0,-0.99684705 0.079347095 0,
  -0.98732778 -0.15869419 0,-0.92177345 -0.3877289 0,
  -0.82702789 -0.5621609 0,-0.75417752 -0.65667059 0,
  -0.75417752 -0.65667059 0,-0.75417752 0.65667059 0,
  -0.80390454 0.59475834 0,-0.92177345 0.3877289 0,
  -0.98732778 0.15869419 0,-0.99684705 -0.079347095 0,
  -0.94979099 -0.31288509 0,-0.82702789 -0.5621609 0] }
}
}
DEF SHAPE_372 Shape {
 appearance USE APP_1
 geometry DEF FACE_372 IndexedFaceSet {
  coord DEF COORD_372 Coordinate { point [
  10.39 12.030555 -10.9875,10.39 10.769445 -10.9875,
  10.257026 11.877837 -10.9875,10.163949 11.697999 -10.9875,
  10.116052 11.501248 -10.9875,10.116052 11.298752 -10.9875,
  10.163949 11.102001 -10.9875,10.257026 10.922163 -10.9875] }
 coordIndex [
  3,2,0,-1,4,3,0,-1,1,5,4,-1,1,6,5,-1,1,7,6,-1,1,4,0,-1]
  normalPerVertex TRUE
  normal DEF NORM_372 Normal { vector [
  0 0 -1,0 0 -1,
  0 0 -1,0 0 -1,
  0 0 -1,0 0 -1,
  0 0 -1,0 0 -1] }
}
}
DEF SHAPE_373 Shape {
 appearance USE APP_1
 geometry DEF FACE_373 IndexedFaceSet {
  coord DEF COORD_373 Coordinate { point [
  10.39 12.030555 -9.4125,10.257026 11.877837 -9.4125,
  10.163949 11.697999 -9.4125,10.116052 11.501248 -9.4125,
  10.116052 11.298752 -9.4125,10.163949 11.102001 -9.4125,
  10.257026 10.922163 -9.4125,10.39 10.769445 -9.4125] }
 coordIndex [
  3,1,2,-1,7,0,1,-1,7,3,4,-1,7,4,5,-1,7,5,6,-1,7,1,3,-1]
  normalPerVertex TRUE
  normal DEF NORM_373 Normal { vector [
  0 0 1,0 0 1,
  0 0 1,0 0 1,
  0 0 1,0 0 1,
  0 0 1,0 0 1] }
}
}
DEF SHAPE_374 Shape {
 appearance USE APP_1
 geometry DEF FACE_374 IndexedFaceSet {
  coord DEF COORD_374 Coordinate { point [
  10.39 12.030555 -9.9875,10.257026 11.877837 -9.9875,
  10.163949 11.697999 -9.9875,10.116052 11.501248 -9.9875,
  10.116052 11.298752 -9.9875,10.163949 11.102001 -9.9875,
  10.257026 10.922163 -9.9875,10.39 10.769445 -9.9875,
  10.39 10.769445 -9.4125,10.39 12.030555 -9.4125,
  10.257026 11.877837 -9.4125,10.163949 11.697999 -9.4125,
  10.116052 11.501248 -9.4125,10.116052 11.298752 -9.4125,
  10.163949 11.102001 -9.4125,10.257026 10.922163 -9.4125] }
 coordIndex [
  10,0,1,-1,10,9,0,-1,11,1,2,-1,11,10,1,-1,12,2,3,-1,12,11,2,-1,13,3,4,-1,13,12,3,-1,
  14,4,5,-1,14,13,4,-1,15,5,6,-1,15,6,7,-1,15,14,5,-1,8,15,7,-1]
  normalPerVertex TRUE
  normal DEF NORM_374 Normal { vector [
  -0.75417752 0.65667059 0,-0.84883023 0.52866553 0,
  -0.94979099 0.31288509 0,-0.99684705 0.079347095 0,
  -0.98732778 -0.15869419 0,-0.92177345 -0.3877289 0,
  -0.82702789 -0.5621609 0,-0.75417752 -0.65667059 0,
  -0.75417752 -0.65667059 0,-0.75417752 0.65667059 0,
  -0.80390454 0.59475834 0,-0.92177345 0.3877289 0,
  -0.98732778 0.15869419 0,-0.99684705 -0.079347095 0,
  -0.94979099 -0.31288509 0,-0.82702789 -0.5621609 0] }
}
}
DEF SHAPE_375 Shape {
 appearance USE APP_1
 geometry DEF FACE_375 IndexedFaceSet {
  coord DEF COORD_375 Coordinate { point [
  10.39 12.030555 -9.9875,10.39 10.769445 -9.9875,
  10.257026 11.877837 -9.9875,10.163949 11.697999 -9.9875,
  10.116052 11.501248 -9.9875,10.116052 11.298752 -9.9875,
  10.163949 11.102001 -9.9875,10.257026 10.922163 -9.9875] }
 coordIndex [
  3,2,0,-1,4,3,0,-1,1,5,4,-1,1,6,5,-1,1,7,6,-1,1,4,0,-1]
  normalPerVertex TRUE
  normal DEF NORM_375 Normal { vector [
  0 0 -1,0 0 -1,
  0 0 -1,0 0 -1,
  0 0 -1,0 0 -1,
  0 0 -1,0 0 -1] }
}
}
DEF SHAPE_376 Shape {
 appearance USE APP_1
 geometry DEF FACE_376 IndexedFaceSet {
  coord DEF COORD_376 Coordinate { point [
  9.61 10.769445 -8.4125,9.7429737 10.922163 -8.4125,
  9.8360506 11.102001 -8.4125,9.8839483 11.298752 -8.4125,
  9.8839483 11.501248 -8.4125,9.8360506 11.697999 -8.4125,
  9.7429737 11.877837 -8.4125,9.61 12.030555 -8.4125] }
 coordIndex [
  3,4,5,-1,1,2,3,-1,0,5,6,-1,0,6,7,-1,0,3,5,-1,0,1,3,-1]
  normalPerVertex TRUE
  normal DEF NORM_376 Normal { vector [
  0 0 1,0 0 1,
  0 0 1,0 0 1,
  0 0 1,0 0 1,
  0 0 1,0 0 1] }
}
}
DEF SHAPE_377 Shape {
 appearance USE APP_1
 geometry DEF FACE_377 IndexedFaceSet {
  coord DEF COORD_377 Coordinate { point [
  9.61 10.769445 -8.9875,9.7429737 10.922163 -8.9875,
  9.8360506 11.102001 -8.9875,9.8839483 11.298752 -8.9875,
  9.8839483 11.501248 -8.9875,9.8360506 11.697999 -8.9875,
  9.7429737 11.877837 -8.9875,9.61 12.030555 -8.9875,
  9.61 12.030555 -8.4125,9.61 10.769445 -8.4125,
  9.7429737 10.922163 -8.4125,9.8360506 11.102001 -8.4125,
  9.8839483 11.298752 -8.4125,9.8839483 11.501248 -8.4125,
  9.8360506 11.697999 -8.4125,9.7429737 11.877837 -8.4125] }
 coordIndex [
  10,0,1,-1,10,9,0,-1,11,1,2,-1,11,10,1,-1,12,2,3,-1,12,11,2,-1,13,3,4,-1,13,12,3,-1,
  14,4,5,-1,14,13,4,-1,15,5,6,-1,15,6,7,-1,15,14,5,-1,8,15,7,-1]
  normalPerVertex TRUE
  normal DEF NORM_377 Normal { vector [
  0.75417752 -0.65667059 0,0.84883023 -0.52866553 0,
  0.94979099 -0.31288509 0,0.99684705 -0.079347095 0,
  0.98732778 0.15869419 0,0.92177345 0.3877289 0,
  0.82702789 0.5621609 0,0.75417752 0.65667059 0,
  0.75417752 0.65667059 0,0.75417752 -0.65667059 0,
  0.80390454 -0.59475834 0,0.92177345 -0.3877289 0,
  0.98732778 -0.15869419 0,0.99684705 0.079347095 0,
  0.94979099 0.31288509 0,0.82702789 0.5621609 0] }
}
}
DEF SHAPE_378 Shape {
 appearance USE APP_1
 geometry DEF FACE_378 IndexedFaceSet {
  coord DEF COORD_378 Coordinate { point [
  9.61 10.769445 -8.9875,9.61 12.030555 -8.9875,
  9.7429737 10.922163 -8.9875,9.8360506 11.102001 -8.9875,
  9.8839483 11.298752 -8.9875,9.8839483 11.501248 -8.9875,
  9.8360506 11.697999 -8.9875,9.7429737 11.877837 -8.9875] }
 coordIndex [
  6,1,7,-1,5,1,6,-1,0,3,2,-1,0,4,3,-1,0,5,4,-1,0,1,5,-1]
  normalPerVertex TRUE
  normal DEF NORM_378 Normal { vector [
  0 0 -1,0 0 -1,
  0 0 -1,0 0 -1,
  0 0 -1,0 0 -1,
  0 0 -1,0 0 -1] }
}
}
DEF SHAPE_379 Shape {
 appearance USE APP_1
 geometry DEF FACE_379 IndexedFaceSet {
  coord DEF COORD_379 Coordinate { point [
  9.61 10.769445 -7.4125,9.7429737 10.922163 -7.4125,
  9.8360506 11.102001 -7.4125,9.8839483 11.298752 -7.4125,
  9.8839483 11.501248 -7.4125,9.8360506 11.697999 -7.4125,
  9.7429737 11.877837 -7.4125,9.61 12.030555 -7.4125] }
 coordIndex [
  3,4,5,-1,1,2,3,-1,0,5,6,-1,0,6,7,-1,0,3,5,-1,0,1,3,-1]
  normalPerVertex TRUE
  normal DEF NORM_379 Normal { vector [
  0 0 1,0 0 1,
  0 0 1,0 0 1,
  0 0 1,0 0 1,
  0 0 1,0 0 1] }
}
}
DEF SHAPE_380 Shape {
 appearance USE APP_1
 geometry DEF FACE_380 IndexedFaceSet {
  coord DEF COORD_380 Coordinate { point [
  9.61 10.769445 -7.9875,9.7429737 10.922163 -7.9875,
  9.8360506 11.102001 -7.9875,9.8839483 11.298752 -7.9875,
  9.8839483 11.501248 -7.9875,9.8360506 11.697999 -7.9875,
  9.7429737 11.877837 -7.9875,9.61 12.030555 -7.9875,
  9.61 12.030555 -7.4125,9.61 10.769445 -7.4125,
  9.7429737 10.922163 -7.4125,9.8360506 11.102001 -7.4125,
  9.8839483 11.298752 -7.4125,9.8839483 11.501248 -7.4125,
  9.8360506 11.697999 -7.4125,9.7429737 11.877837 -7.4125] }
 coordIndex [
  10,0,1,-1,10,9,0,-1,11,1,2,-1,11,10,1,-1,12,2,3,-1,12,11,2,-1,13,3,4,-1,13,12,3,-1,
  14,4,5,-1,14,13,4,-1,15,5,6,-1,15,6,7,-1,15,14,5,-1,8,15,7,-1]
  normalPerVertex TRUE
  normal DEF NORM_380 Normal { vector [
  0.75417752 -0.65667059 0,0.84883023 -0.52866553 0,
  0.94979099 -0.31288509 0,0.99684705 -0.079347095 0,
  0.98732778 0.15869419 0,0.92177345 0.3877289 0,
  0.82702789 0.5621609 0,0.75417752 0.65667059 0,
  0.75417752 0.65667059 0,0.75417752 -0.65667059 0,
  0.80390454 -0.59475834 0,0.92177345 -0.3877289 0,
  0.98732778 -0.15869419 0,0.99684705 0.079347095 0,
  0.94979099 0.31288509 0,0.82702789 0.5621609 0] }
}
}
DEF SHAPE_381 Shape {
 appearance USE APP_1
 geometry DEF FACE_381 IndexedFaceSet {
  coord DEF COORD_381 Coordinate { point [
  9.61 10.769445 -7.9875,9.61 12.030555 -7.9875,
  9.7429737 10.922163 -7.9875,9.8360506 11.102001 -7.9875,
  9.8839483 11.298752 -7.9875,9.8839483 11.501248 -7.9875,
  9.8360506 11.697999 -7.9875,9.7429737 11.877837 -7.9875] }
 coordIndex [
  6,1,7,-1,5,1,6,-1,0,3,2,-1,0,4,3,-1,0,5,4,-1,0,1,5,-1]
  normalPerVertex TRUE
  normal DEF NORM_381 Normal { vector [
  0 0 -1,0 0 -1,
  0 0 -1,0 0 -1,
  0 0 -1,0 0 -1,
  0 0 -1,0 0 -1] }
}
}
DEF SHAPE_382 Shape {
 appearance USE APP_1
 geometry DEF FACE_382 IndexedFaceSet {
  coord DEF COORD_382 Coordinate { point [
  9.61 10.769445 -6.4125,9.7429737 10.922163 -6.4125,
  9.8360506 11.102001 -6.4125,9.8839483 11.298752 -6.4125,
  9.8839483 11.501248 -6.4125,9.8360506 11.697999 -6.4125,
  9.7429737 11.877837 -6.4125,9.61 12.030555 -6.4125] }
 coordIndex [
  3,4,5,-1,1,2,3,-1,0,5,6,-1,0,6,7,-1,0,3,5,-1,0,1,3,-1]
  normalPerVertex TRUE
  normal DEF NORM_382 Normal { vector [
  0 0 1,0 0 1,
  0 0 1,0 0 1,
  0 0 1,0 0 1,
  0 0 1,0 0 1] }
}
}
DEF SHAPE_383 Shape {
 appearance USE APP_1
 geometry DEF FACE_383 IndexedFaceSet {
  coord DEF COORD_383 Coordinate { point [
  9.61 10.769445 -6.9875,9.7429737 10.922163 -6.9875,
  9.8360506 11.102001 -6.9875,9.8839483 11.298752 -6.9875,
  9.8839483 11.501248 -6.9875,9.8360506 11.697999 -6.9875,
  9.7429737 11.877837 -6.9875,9.61 12.030555 -6.9875,
  9.61 12.030555 -6.4125,9.61 10.769445 -6.4125,
  9.7429737 10.922163 -6.4125,9.8360506 11.102001 -6.4125,
  9.8839483 11.298752 -6.4125,9.8839483 11.501248 -6.4125,
  9.8360506 11.697999 -6.4125,9.7429737 11.877837 -6.4125] }
 coordIndex [
  10,0,1,-1,10,9,0,-1,11,1,2,-1,11,10,1,-1,12,2,3,-1,12,11,2,-1,13,3,4,-1,13,12,3,-1,
  14,4,5,-1,14,13,4,-1,15,5,6,-1,15,6,7,-1,15,14,5,-1,8,15,7,-1]
  normalPerVertex TRUE
  normal DEF NORM_383 Normal { vector [
  0.75417752 -0.65667059 0,0.84883023 -0.52866553 0,
  0.94979099 -0.31288509 0,0.99684705 -0.079347095 0,
  0.98732778 0.15869419 0,0.92177345 0.3877289 0,
  0.82702789 0.5621609 0,0.75417752 0.65667059 0,
  0.75417752 0.65667059 0,0.75417752 -0.65667059 0,
  0.80390454 -0.59475834 0,0.92177345 -0.3877289 0,
  0.98732778 -0.15869419 0,0.99684705 0.079347095 0,
  0.94979099 0.31288509 0,0.82702789 0.5621609 0] }
}
}
DEF SHAPE_384 Shape {
 appearance USE APP_1
 geometry DEF FACE_384 IndexedFaceSet {
  coord DEF COORD_384 Coordinate { point [
  9.61 10.769445 -6.9875,9.61 12.030555 -6.9875,
  9.7429737 10.922163 -6.9875,9.8360506 11.102001 -6.9875,
  9.8839483 11.298752 -6.9875,9.8839483 11.501248 -6.9875,
  9.8360506 11.697999 -6.9875,9.7429737 11.877837 -6.9875] }
 coordIndex [
  6,1,7,-1,5,1,6,-1,0,3,2,-1,0,4,3,-1,0,5,4,-1,0,1,5,-1]
  normalPerVertex TRUE
  normal DEF NORM_384 Normal { vector [
  0 0 -1,0 0 -1,
  0 0 -1,0 0 -1,
  0 0 -1,0 0 -1,
  0 0 -1,0 0 -1] }
}
}
DEF SHAPE_385 Shape {
 appearance USE APP_1
 geometry DEF FACE_385 IndexedFaceSet {
  coord DEF COORD_385 Coordinate { point [
  9.61 10.769445 -5.4125,9.7429737 10.922163 -5.4125,
  9.8360506 11.102001 -5.4125,9.8839483 11.298752 -5.4125,
  9.8839483 11.501248 -5.4125,9.8360506 11.697999 -5.4125,
  9.7429737 11.877837 -5.4125,9.61 12.030555 -5.4125] }
 coordIndex [
  3,4,5,-1,1,2,3,-1,0,5,6,-1,0,6,7,-1,0,3,5,-1,0,1,3,-1]
  normalPerVertex TRUE
  normal DEF NORM_385 Normal { vector [
  0 0 1,0 0 1,
  0 0 1,0 0 1,
  0 0 1,0 0 1,
  0 0 1,0 0 1] }
}
}
DEF SHAPE_386 Shape {
 appearance USE APP_1
 geometry DEF FACE_386 IndexedFaceSet {
  coord DEF COORD_386 Coordinate { point [
  9.61 10.769445 -5.9875,9.7429737 10.922163 -5.9875,
  9.8360506 11.102001 -5.9875,9.8839483 11.298752 -5.9875,
  9.8839483 11.501248 -5.9875,9.8360506 11.697999 -5.9875,
  9.7429737 11.877837 -5.9875,9.61 12.030555 -5.9875,
  9.61 12.030555 -5.4125,9.61 10.769445 -5.4125,
  9.7429737 10.922163 -5.4125,9.8360506 11.102001 -5.4125,
  9.8839483 11.298752 -5.4125,9.8839483 11.501248 -5.4125,
  9.8360506 11.697999 -5.4125,9.7429737 11.877837 -5.4125] }
 coordIndex [
  10,0,1,-1,10,9,0,-1,11,1,2,-1,11,10,1,-1,12,2,3,-1,12,11,2,-1,13,3,4,-1,13,12,3,-1,
  14,4,5,-1,14,13,4,-1,15,5,6,-1,15,6,7,-1,15,14,5,-1,8,15,7,-1]
  normalPerVertex TRUE
  normal DEF NORM_386 Normal { vector [
  0.75417752 -0.65667059 0,0.84883023 -0.52866553 0,
  0.94979099 -0.31288509 0,0.99684705 -0.079347095 0,
  0.98732778 0.15869419 0,0.92177345 0.3877289 0,
  0.82702789 0.5621609 0,0.75417752 0.65667059 0,
  0.75417752 0.65667059 0,0.75417752 -0.65667059 0,
  0.80390454 -0.59475834 0,0.92177345 -0.3877289 0,
  0.98732778 -0.15869419 0,0.99684705 0.079347095 0,
  0.94979099 0.31288509 0,0.82702789 0.5621609 0] }
}
}
DEF SHAPE_387 Shape {
 appearance USE APP_1
 geometry DEF FACE_387 IndexedFaceSet {
  coord DEF COORD_387 Coordinate { point [
  9.61 12.030555 -5.9875,9.61 10.769445 -5.9875,
  9.7429737 10.922163 -5.9875,9.8360506 11.102001 -5.9875,
  9.8839483 11.298752 -5.9875,9.8839483 11.501248 -5.9875,
  9.8360506 11.697999 -5.9875,9.7429737 11.877837 -5.9875] }
 coordIndex [
  6,0,7,-1,5,0,6,-1,1,3,2,-1,1,4,3,-1,1,5,4,-1,1,0,5,-1]
  normalPerVertex TRUE
  normal DEF NORM_387 Normal { vector [
  0 0 -1,0 0 -1,
  0 0 -1,0 0 -1,
  0 0 -1,0 0 -1,
  0 0 -1,0 0 -1] }
}
}
DEF SHAPE_388 Shape {
 appearance USE APP_1
 geometry DEF FACE_388 IndexedFaceSet {
  coord DEF COORD_388 Coordinate { point [
  9.61 10.769445 -4.4125,9.7429737 10.922163 -4.4125,
  9.8360506 11.102001 -4.4125,9.8839483 11.298752 -4.4125,
  9.8839483 11.501248 -4.4125,9.8360506 11.697999 -4.4125,
  9.7429737 11.877837 -4.4125,9.61 12.030555 -4.4125] }
 coordIndex [
  3,4,5,-1,1,2,3,-1,0,5,6,-1,0,6,7,-1,0,3,5,-1,0,1,3,-1]
  normalPerVertex TRUE
  normal DEF NORM_388 Normal { vector [
  0 0 1,0 0 1,
  0 0 1,0 0 1,
  0 0 1,0 0 1,
  0 0 1,0 0 1] }
}
}
DEF SHAPE_389 Shape {
 appearance USE APP_1
 geometry DEF FACE_389 IndexedFaceSet {
  coord DEF COORD_389 Coordinate { point [
  9.61 10.769445 -4.9875,9.7429737 10.922163 -4.9875,
  9.8360506 11.102001 -4.9875,9.8839483 11.298752 -4.9875,
  9.8839483 11.501248 -4.9875,9.8360506 11.697999 -4.9875,
  9.7429737 11.877837 -4.9875,9.61 12.030555 -4.9875,
  9.61 12.030555 -4.4125,9.61 10.769445 -4.4125,
  9.7429737 10.922163 -4.4125,9.8360506 11.102001 -4.4125,
  9.8839483 11.298752 -4.4125,9.8839483 11.501248 -4.4125,
  9.8360506 11.697999 -4.4125,9.7429737 11.877837 -4.4125] }
 coordIndex [
  10,0,1,-1,10,9,0,-1,11,1,2,-1,11,10,1,-1,12,2,3,-1,12,11,2,-1,13,3,4,-1,13,12,3,-1,
  14,4,5,-1,14,13,4,-1,15,5,6,-1,15,6,7,-1,15,14,5,-1,8,15,7,-1]
  normalPerVertex TRUE
  normal DEF NORM_389 Normal { vector [
  0.75417752 -0.65667059 0,0.84883023 -0.52866553 0,
  0.94979099 -0.31288509 0,0.99684705 -0.079347095 0,
  0.98732778 0.15869419 0,0.92177345 0.3877289 0,
  0.82702789 0.5621609 0,0.75417752 0.65667059 0,
  0.75417752 0.65667059 0,0.75417752 -0.65667059 0,
  0.80390454 -0.59475834 0,0.92177345 -0.3877289 0,
  0.98732778 -0.15869419 0,0.99684705 0.079347095 0,
  0.94979099 0.31288509 0,0.82702789 0.5621609 0] }
}
}
DEF SHAPE_390 Shape {
 appearance USE APP_1
 geometry DEF FACE_390 IndexedFaceSet {
  coord DEF COORD_390 Coordinate { point [
  9.61 12.030555 -4.9875,9.61 10.769445 -4.9875,
  9.7429737 10.922163 -4.9875,9.8360506 11.102001 -4.9875,
  9.8839483 11.298752 -4.9875,9.8839483 11.501248 -4.9875,
  9.8360506 11.697999 -4.9875,9.7429737 11.877837 -4.9875] }
 coordIndex [
  6,0,7,-1,5,0,6,-1,1,3,2,-1,1,4,3,-1,1,5,4,-1,1,0,5,-1]
  normalPerVertex TRUE
  normal DEF NORM_390 Normal { vector [
  0 0 -1,0 0 -1,
  0 0 -1,0 0 -1,
  0 0 -1,0 0 -1,
  0 0 -1,0 0 -1] }
}
}
DEF SHAPE_391 Shape {
 appearance USE APP_1
 geometry DEF FACE_391 IndexedFaceSet {
  coord DEF COORD_391 Coordinate { point [
  9.61 10.769445 -3.4125,9.7429737 10.922163 -3.4125,
  9.8360506 11.102001 -3.4125,9.8839483 11.298752 -3.4125,
  9.8839483 11.501248 -3.4125,9.8360506 11.697999 -3.4125,
  9.7429737 11.877837 -3.4125,9.61 12.030555 -3.4125] }
 coordIndex [
  3,4,5,-1,1,2,3,-1,0,5,6,-1,0,6,7,-1,0,3,5,-1,0,1,3,-1]
  normalPerVertex TRUE
  normal DEF NORM_391 Normal { vector [
  0 0 1,0 0 1,
  0 0 1,0 0 1,
  0 0 1,0 0 1,
  0 0 1,0 0 1] }
}
}
DEF SHAPE_392 Shape {
 appearance USE APP_1
 geometry DEF FACE_392 IndexedFaceSet {
  coord DEF COORD_392 Coordinate { point [
  9.61 10.769445 -3.9875,9.7429737 10.922163 -3.9875,
  9.8360506 11.102001 -3.9875,9.8839483 11.298752 -3.9875,
  9.8839483 11.501248 -3.9875,9.8360506 11.697999 -3.9875,
  9.7429737 11.877837 -3.9875,9.61 12.030555 -3.9875,
  9.61 12.030555 -3.4125,9.61 10.769445 -3.4125,
  9.7429737 10.922163 -3.4125,9.8360506 11.102001 -3.4125,
  9.8839483 11.298752 -3.4125,9.8839483 11.501248 -3.4125,
  9.8360506 11.697999 -3.4125,9.7429737 11.877837 -3.4125] }
 coordIndex [
  10,0,1,-1,10,9,0,-1,11,1,2,-1,11,10,1,-1,12,2,3,-1,12,11,2,-1,13,3,4,-1,13,12,3,-1,
  14,4,5,-1,14,13,4,-1,15,5,6,-1,15,6,7,-1,15,14,5,-1,8,15,7,-1]
  normalPerVertex TRUE
  normal DEF NORM_392 Normal { vector [
  0.75417752 -0.65667059 0,0.84883023 -0.52866553 0,
  0.94979099 -0.31288509 0,0.99684705 -0.079347095 0,
  0.98732778 0.15869419 0,0.92177345 0.3877289 0,
  0.82702789 0.5621609 0,0.75417752 0.65667059 0,
  0.75417752 0.65667059 0,0.75417752 -0.65667059 0,
  0.80390454 -0.59475834 0,0.92177345 -0.3877289 0,
  0.98732778 -0.15869419 0,0.99684705 0.079347095 0,
  0.94979099 0.31288509 0,0.82702789 0.5621609 0] }
}
}
DEF SHAPE_393 Shape {
 appearance USE APP_1
 geometry DEF FACE_393 IndexedFaceSet {
  coord DEF COORD_393 Coordinate { point [
  9.61 12.030555 -3.9875,9.61 10.769445 -3.9875,
  9.7429737 10.922163 -3.9875,9.8360506 11.102001 -3.9875,
  9.8839483 11.298752 -3.9875,9.8839483 11.501248 -3.9875,
  9.8360506 11.697999 -3.9875,9.7429737 11.877837 -3.9875] }
 coordIndex [
  6,0,7,-1,5,0,6,-1,1,3,2,-1,1,4,3,-1,1,5,4,-1,1,0,5,-1]
  normalPerVertex TRUE
  normal DEF NORM_393 Normal { vector [
  0 0 -1,0 0 -1,
  0 0 -1,0 0 -1,
  0 0 -1,0 0 -1,
  0 0 -1,0 0 -1] }
}
}
DEF SHAPE_394 Shape {
 appearance USE APP_1
 geometry DEF FACE_394 IndexedFaceSet {
  coord DEF COORD_394 Coordinate { point [
  9.61 10.769445 -2.4125,9.7429737 10.922163 -2.4125,
  9.8360506 11.102001 -2.4125,9.8839483 11.298752 -2.4125,
  9.8839483 11.501248 -2.4125,9.8360506 11.697999 -2.4125,
  9.7429737 11.877837 -2.4125,9.61 12.030555 -2.4125] }
 coordIndex [
  3,4,5,-1,1,2,3,-1,0,5,6,-1,0,6,7,-1,0,3,5,-1,0,1,3,-1]
  normalPerVertex TRUE
  normal DEF NORM_394 Normal { vector [
  0 0 1,0 0 1,
  0 0 1,0 0 1,
  0 0 1,0 0 1,
  0 0 1,0 0 1] }
}
}
DEF SHAPE_395 Shape {
 appearance USE APP_1
 geometry DEF FACE_395 IndexedFaceSet {
  coord DEF COORD_395 Coordinate { point [
  9.61 10.769445 -2.9875,9.7429737 10.922163 -2.9875,
  9.8360506 11.102001 -2.9875,9.8839483 11.298752 -2.9875,
  9.8839483 11.501248 -2.9875,9.8360506 11.697999 -2.9875,
  9.7429737 11.877837 -2.9875,9.61 12.030555 -2.9875,
  9.61 12.030555 -2.4125,9.61 10.769445 -2.4125,
  9.7429737 10.922163 -2.4125,9.8360506 11.102001 -2.4125,
  9.8839483 11.298752 -2.4125,9.8839483 11.501248 -2.4125,
  9.8360506 11.697999 -2.4125,9.7429737 11.877837 -2.4125] }
 coordIndex [
  10,0,1,-1,10,9,0,-1,11,1,2,-1,11,10,1,-1,12,2,3,-1,12,11,2,-1,13,3,4,-1,13,12,3,-1,
  14,4,5,-1,14,13,4,-1,15,5,6,-1,15,6,7,-1,15,14,5,-1,8,15,7,-1]
  normalPerVertex TRUE
  normal DEF NORM_395 Normal { vector [
  0.75417752 -0.65667059 0,0.84883023 -0.52866553 0,
  0.94979099 -0.31288509 0,0.99684705 -0.079347095 0,
  0.98732778 0.15869419 0,0.92177345 0.3877289 0,
  0.82702789 0.5621609 0,0.75417752 0.65667059 0,
  0.75417752 0.65667059 0,0.75417752 -0.65667059 0,
  0.80390454 -0.59475834 0,0.92177345 -0.3877289 0,
  0.98732778 -0.15869419 0,0.99684705 0.079347095 0,
  0.94979099 0.31288509 0,0.82702789 0.5621609 0] }
}
}
DEF SHAPE_396 Shape {
 appearance USE APP_1
 geometry DEF FACE_396 IndexedFaceSet {
  coord DEF COORD_396 Coordinate { point [
  9.61 12.030555 -2.9875,9.61 10.769445 -2.9875,
  9.7429737 10.922163 -2.9875,9.8360506 11.102001 -2.9875,
  9.8839483 11.298752 -2.9875,9.8839483 11.501248 -2.9875,
  9.8360506 11.697999 -2.9875,9.7429737 11.877837 -2.9875] }
 coordIndex [
  6,0,7,-1,5,0,6,-1,1,3,2,-1,1,4,3,-1,1,5,4,-1,1,0,5,-1]
  normalPerVertex TRUE
  normal DEF NORM_396 Normal { vector [
  0 0 -1,0 0 -1,
  0 0 -1,0 0 -1,
  0 0 -1,0 0 -1,
  0 0 -1,0 0 -1] }
}
}
DEF SHAPE_397 Shape {
 appearance USE APP_1
 geometry DEF FACE_397 IndexedFaceSet {
  coord DEF COORD_397 Coordinate { point [
  9.61 10.769445 -1.4125,9.7429737 10.922163 -1.4125,
  9.8360506 11.102001 -1.4125,9.8839483 11.298752 -1.4125,
  9.8839483 11.501248 -1.4125,9.8360506 11.697999 -1.4125,
  9.7429737 11.877837 -1.4125,9.61 12.030555 -1.4125] }
 coordIndex [
  3,4,5,-1,1,2,3,-1,0,5,6,-1,0,6,7,-1,0,3,5,-1,0,1,3,-1]
  normalPerVertex TRUE
  normal DEF NORM_397 Normal { vector [
  0 0 1,0 0 1,
  0 0 1,0 0 1,
  0 0 1,0 0 1,
  0 0 1,0 0 1] }
}
}
DEF SHAPE_398 Shape {
 appearance USE APP_1
 geometry DEF FACE_398 IndexedFaceSet {
  coord DEF COORD_398 Coordinate { point [
  9.61 10.769445 -1.9875,9.7429737 10.922163 -1.9875,
  9.8360506 11.102001 -1.9875,9.8839483 11.298752 -1.9875,
  9.8839483 11.501248 -1.9875,9.8360506 11.697999 -1.9875,
  9.7429737 11.877837 -1.9875,9.61 12.030555 -1.9875,
  9.61 12.030555 -1.4125,9.61 10.769445 -1.4125,
  9.7429737 10.922163 -1.4125,9.8360506 11.102001 -1.4125,
  9.8839483 11.298752 -1.4125,9.8839483 11.501248 -1.4125,
  9.8360506 11.697999 -1.4125,9.7429737 11.877837 -1.4125] }
 coordIndex [
  10,0,1,-1,10,9,0,-1,11,1,2,-1,11,10,1,-1,12,2,3,-1,12,11,2,-1,13,3,4,-1,13,12,3,-1,
  14,4,5,-1,14,13,4,-1,15,5,6,-1,15,6,7,-1,15,14,5,-1,8,15,7,-1]
  normalPerVertex TRUE
  normal DEF NORM_398 Normal { vector [
  0.75417752 -0.65667059 0,0.84883023 -0.52866553 0,
  0.94979099 -0.31288509 0,0.99684705 -0.079347095 0,
  0.98732778 0.15869419 0,0.92177345 0.3877289 0,
  0.82702789 0.5621609 0,0.75417752 0.65667059 0,
  0.75417752 0.65667059 0,0.75417752 -0.65667059 0,
  0.80390454 -0.59475834 0,0.92177345 -0.3877289 0,
  0.98732778 -0.15869419 0,0.99684705 0.079347095 0,
  0.94979099 0.31288509 0,0.82702789 0.5621609 0] }
}
}
DEF SHAPE_399 Shape {
 appearance USE APP_1
 geometry DEF FACE_399 IndexedFaceSet {
  coord DEF COORD_399 Coordinate { point [
  9.61 12.030555 -1.9875,9.61 10.769445 -1.9875,
  9.7429737 10.922163 -1.9875,9.8360506 11.102001 -1.9875,
  9.8839483 11.298752 -1.9875,9.8839483 11.501248 -1.9875,
  9.8360506 11.697999 -1.9875,9.7429737 11.877837 -1.9875] }
 coordIndex [
  6,0,7,-1,5,0,6,-1,1,3,2,-1,1,4,3,-1,1,5,4,-1,1,0,5,-1]
  normalPerVertex TRUE
  normal DEF NORM_399 Normal { vector [
  0 0 -1,0 0 -1,
  0 0 -1,0 0 -1,
  0 0 -1,0 0 -1,
  0 0 -1,0 0 -1] }
}
}
DEF SHAPE_400 Shape {
 appearance USE APP_1
 geometry DEF FACE_400 IndexedFaceSet {
  coord DEF COORD_400 Coordinate { point [
  9.61 10.769445 -0.4125,9.7429737 10.922163 -0.4125,
  9.8360506 11.102001 -0.4125,9.8839483 11.298752 -0.4125,
  9.8839483 11.501248 -0.4125,9.8360506 11.697999 -0.4125,
  9.7429737 11.877837 -0.4125,9.61 12.030555 -0.4125] }
 coordIndex [
  3,4,5,-1,1,2,3,-1,0,5,6,-1,0,6,7,-1,0,3,5,-1,0,1,3,-1]
  normalPerVertex TRUE
  normal DEF NORM_400 Normal { vector [
  0 0 1,0 0 1,
  0 0 1,0 0 1,
  0 0 1,0 0 1,
  0 0 1,0 0 1] }
}
}
DEF SHAPE_401 Shape {
 appearance USE APP_1
 geometry DEF FACE_401 IndexedFaceSet {
  coord DEF COORD_401 Coordinate { point [
  9.61 10.769445 -0.9875,9.7429737 10.922163 -0.9875,
  9.8360506 11.102001 -0.9875,9.8839483 11.298752 -0.9875,
  9.8839483 11.501248 -0.9875,9.8360506 11.697999 -0.9875,
  9.7429737 11.877837 -0.9875,9.61 12.030555 -0.9875,
  9.61 12.030555 -0.4125,9.61 10.769445 -0.4125,
  9.7429737 10.922163 -0.4125,9.8360506 11.102001 -0.4125,
  9.8839483 11.298752 -0.4125,9.8839483 11.501248 -0.4125,
  9.8360506 11.697999 -0.4125,9.7429737 11.877837 -0.4125] }
 coordIndex [
  10,0,1,-1,10,9,0,-1,11,1,2,-1,11,10,1,-1,12,2,3,-1,12,11,2,-1,13,3,4,-1,13,12,3,-1,
  14,4,5,-1,14,13,4,-1,15,5,6,-1,15,6,7,-1,15,14,5,-1,8,15,7,-1]
  normalPerVertex TRUE
  normal DEF NORM_401 Normal { vector [
  0.75417752 -0.65667059 0,0.84883023 -0.52866553 0,
  0.94979099 -0.31288509 0,0.99684705 -0.079347095 0,
  0.98732778 0.15869419 0,0.92177345 0.3877289 0,
  0.82702789 0.5621609 0,0.75417752 0.65667059 0,
  0.75417752 0.65667059 0,0.75417752 -0.65667059 0,
  0.80390454 -0.59475834 0,0.92177345 -0.3877289 0,
  0.98732778 -0.15869419 0,0.99684705 0.079347095 0,
  0.94979099 0.31288509 0,0.82702789 0.5621609 0] }
}
}
DEF SHAPE_402 Shape {
 appearance USE APP_1
 geometry DEF FACE_402 IndexedFaceSet {
  coord DEF COORD_402 Coordinate { point [
  9.61 12.030555 -0.9875,9.61 10.769445 -0.9875,
  9.7429737 10.922163 -0.9875,9.8360506 11.102001 -0.9875,
  9.8839483 11.298752 -0.9875,9.8839483 11.501248 -0.9875,
  9.8360506 11.697999 -0.9875,9.7429737 11.877837 -0.9875] }
 coordIndex [
  6,0,7,-1,5,0,6,-1,1,3,2,-1,1,4,3,-1,1,5,4,-1,1,0,5,-1]
  normalPerVertex TRUE
  normal DEF NORM_402 Normal { vector [
  0 0 -1,0 0 -1,
  0 0 -1,0 0 -1,
  0 0 -1,0 0 -1,
  0 0 -1,0 0 -1] }
}
}
DEF SHAPE_403 Shape {
 appearance USE APP_1
 geometry DEF FACE_403 IndexedFaceSet {
  coord DEF COORD_403 Coordinate { point [
  9.61 10.769445 -27.4125,9.7429737 10.922163 -27.4125,
  9.8360506 11.102001 -27.4125,9.8839483 11.298752 -27.4125,
  9.8839483 11.501248 -27.4125,9.8360506 11.697999 -27.4125,
  9.7429737 11.877837 -27.4125,9.61 12.030555 -27.4125] }
 coordIndex [
  3,4,5,-1,1,2,3,-1,0,5,6,-1,0,6,7,-1,0,3,5,-1,0,1,3,-1]
  normalPerVertex TRUE
  normal DEF NORM_403 Normal { vector [
  0 0 1,0 0 1,
  0 0 1,0 0 1,
  0 0 1,0 0 1,
  0 0 1,0 0 1] }
}
}
DEF SHAPE_404 Shape {
 appearance USE APP_1
 geometry DEF FACE_404 IndexedFaceSet {
  coord DEF COORD_404 Coordinate { point [
  9.61 10.769445 -27.9875,9.7429737 10.922163 -27.9875,
  9.8360506 11.102001 -27.9875,9.8839483 11.298752 -27.9875,
  9.8839483 11.501248 -27.9875,9.8360506 11.697999 -27.9875,
  9.7429737 11.877837 -27.9875,9.61 12.030555 -27.9875,
  9.61 12.030555 -27.4125,9.61 10.769445 -27.4125,
  9.7429737 10.922163 -27.4125,9.8360506 11.102001 -27.4125,
  9.8839483 11.298752 -27.4125,9.8839483 11.501248 -27.4125,
  9.8360506 11.697999 -27.4125,9.7429737 11.877837 -27.4125] }
 coordIndex [
  9,0,1,-1,10,9,1,-1,11,1,2,-1,11,10,1,-1,12,2,3,-1,12,11,2,-1,13,3,4,-1,13,12,3,-1,
  14,4,5,-1,14,13,4,-1,15,5,6,-1,15,6,7,-1,15,14,5,-1,8,15,7,-1]
  normalPerVertex TRUE
  normal DEF NORM_404 Normal { vector [
  0.75417752 -0.65667059 0,0.82702789 -0.5621609 0,
  0.94979099 -0.31288509 0,0.99684705 -0.079347095 0,
  0.98732778 0.15869419 0,0.92177345 0.3877289 0,
  0.82702789 0.5621609 0,0.75417752 0.65667059 0,
  0.75417752 0.65667059 0,0.75417752 -0.65667059 0,
  0.82702789 -0.5621609 0,0.92177345 -0.3877289 0,
  0.98732778 -0.15869419 0,0.99684705 0.079347095 0,
  0.94979099 0.31288509 0,0.82702789 0.5621609 0] }
}
}
DEF SHAPE_405 Shape {
 appearance USE APP_1
 geometry DEF FACE_405 IndexedFaceSet {
  coord DEF COORD_405 Coordinate { point [
  9.61 10.769445 -27.9875,9.61 12.030555 -27.9875,
  9.7429737 10.922163 -27.9875,9.8360506 11.102001 -27.9875,
  9.8839483 11.298752 -27.9875,9.8839483 11.501248 -27.9875,
  9.8360506 11.697999 -27.9875,9.7429737 11.877837 -27.9875] }
 coordIndex [
  6,1,7,-1,5,1,6,-1,0,3,2,-1,0,4,3,-1,0,5,4,-1,0,1,5,-1]
  normalPerVertex TRUE
  normal DEF NORM_405 Normal { vector [
  0 0 -1,0 0 -1,
  0 0 -1,0 0 -1,
  0 0 -1,0 0 -1,
  0 0 -1,0 0 -1] }
}
}
DEF SHAPE_406 Shape {
 appearance USE APP_1
 geometry DEF FACE_406 IndexedFaceSet {
  coord DEF COORD_406 Coordinate { point [
  9.61 10.769445 -26.4125,9.7429737 10.922163 -26.4125,
  9.8360506 11.102001 -26.4125,9.8839483 11.298752 -26.4125,
  9.8839483 11.501248 -26.4125,9.8360506 11.697999 -26.4125,
  9.7429737 11.877837 -26.4125,9.61 12.030555 -26.4125] }
 coordIndex [
  3,4,5,-1,1,2,3,-1,0,5,6,-1,0,6,7,-1,0,3,5,-1,0,1,3,-1]
  normalPerVertex TRUE
  normal DEF NORM_406 Normal { vector [
  0 0 1,0 0 1,
  0 0 1,0 0 1,
  0 0 1,0 0 1,
  0 0 1,0 0 1] }
}
}
DEF SHAPE_407 Shape {
 appearance USE APP_1
 geometry DEF FACE_407 IndexedFaceSet {
  coord DEF COORD_407 Coordinate { point [
  9.61 10.769445 -26.9875,9.7429737 10.922163 -26.9875,
  9.8360506 11.102001 -26.9875,9.8839483 11.298752 -26.9875,
  9.8839483 11.501248 -26.9875,9.8360506 11.697999 -26.9875,
  9.7429737 11.877837 -26.9875,9.61 12.030555 -26.9875,
  9.61 12.030555 -26.4125,9.61 10.769445 -26.4125,
  9.7429737 10.922163 -26.4125,9.8360506 11.102001 -26.4125,
  9.8839483 11.298752 -26.4125,9.8839483 11.501248 -26.4125,
  9.8360506 11.697999 -26.4125,9.7429737 11.877837 -26.4125] }
 coordIndex [
  9,0,1,-1,10,9,1,-1,11,1,2,-1,11,10,1,-1,12,2,3,-1,12,11,2,-1,13,3,4,-1,13,12,3,-1,
  14,4,5,-1,14,13,4,-1,15,5,6,-1,15,6,7,-1,15,14,5,-1,8,15,7,-1]
  normalPerVertex TRUE
  normal DEF NORM_407 Normal { vector [
  0.75417752 -0.65667059 0,0.82702789 -0.5621609 0,
  0.94979099 -0.31288509 0,0.99684705 -0.079347095 0,
  0.98732778 0.15869419 0,0.92177345 0.3877289 0,
  0.82702789 0.5621609 0,0.75417752 0.65667059 0,
  0.75417752 0.65667059 0,0.75417752 -0.65667059 0,
  0.82702789 -0.5621609 0,0.92177345 -0.3877289 0,
  0.98732778 -0.15869419 0,0.99684705 0.079347095 0,
  0.94979099 0.31288509 0,0.82702789 0.5621609 0] }
}
}
DEF SHAPE_408 Shape {
 appearance USE APP_1
 geometry DEF FACE_408 IndexedFaceSet {
  coord DEF COORD_408 Coordinate { point [
  9.61 10.769445 -26.9875,9.61 12.030555 -26.9875,
  9.7429737 10.922163 -26.9875,9.8360506 11.102001 -26.9875,
  9.8839483 11.298752 -26.9875,9.8839483 11.501248 -26.9875,
  9.8360506 11.697999 -26.9875,9.7429737 11.877837 -26.9875] }
 coordIndex [
  6,1,7,-1,5,1,6,-1,0,3,2,-1,0,4,3,-1,0,5,4,-1,0,1,5,-1]
  normalPerVertex TRUE
  normal DEF NORM_408 Normal { vector [
  0 0 -1,0 0 -1,
  0 0 -1,0 0 -1,
  0 0 -1,0 0 -1,
  0 0 -1,0 0 -1] }
}
}
DEF SHAPE_409 Shape {
 appearance USE APP_1
 geometry DEF FACE_409 IndexedFaceSet {
  coord DEF COORD_409 Coordinate { point [
  9.61 10.769445 -25.4125,9.7429737 10.922163 -25.4125,
  9.8360506 11.102001 -25.4125,9.8839483 11.298752 -25.4125,
  9.8839483 11.501248 -25.4125,9.8360506 11.697999 -25.4125,
  9.7429737 11.877837 -25.4125,9.61 12.030555 -25.4125] }
 coordIndex [
  3,4,5,-1,1,2,3,-1,0,5,6,-1,0,6,7,-1,0,3,5,-1,0,1,3,-1]
  normalPerVertex TRUE
  normal DEF NORM_409 Normal { vector [
  0 0 1,0 0 1,
  0 0 1,0 0 1,
  0 0 1,0 0 1,
  0 0 1,0 0 1] }
}
}
DEF SHAPE_410 Shape {
 appearance USE APP_1
 geometry DEF FACE_410 IndexedFaceSet {
  coord DEF COORD_410 Coordinate { point [
  9.61 10.769445 -25.9875,9.7429737 10.922163 -25.9875,
  9.8360506 11.102001 -25.9875,9.8839483 11.298752 -25.9875,
  9.8839483 11.501248 -25.9875,9.8360506 11.697999 -25.9875,
  9.7429737 11.877837 -25.9875,9.61 12.030555 -25.9875,
  9.61 12.030555 -25.4125,9.61 10.769445 -25.4125,
  9.7429737 10.922163 -25.4125,9.8360506 11.102001 -25.4125,
  9.8839483 11.298752 -25.4125,9.8839483 11.501248 -25.4125,
  9.8360506 11.697999 -25.4125,9.7429737 11.877837 -25.4125] }
 coordIndex [
  10,0,1,-1,10,9,0,-1,11,1,2,-1,11,10,1,-1,12,2,3,-1,12,11,2,-1,13,3,4,-1,13,12,3,-1,
  14,4,5,-1,14,13,4,-1,15,5,6,-1,15,6,7,-1,15,14,5,-1,8,15,7,-1]
  normalPerVertex TRUE
  normal DEF NORM_410 Normal { vector [
  0.75417752 -0.65667059 0,0.84883023 -0.52866553 0,
  0.94979099 -0.31288509 0,0.99684705 -0.079347095 0,
  0.98732778 0.15869419 0,0.92177345 0.3877289 0,
  0.82702789 0.5621609 0,0.75417752 0.65667059 0,
  0.75417752 0.65667059 0,0.75417752 -0.65667059 0,
  0.80390454 -0.59475834 0,0.92177345 -0.3877289 0,
  0.98732778 -0.15869419 0,0.99684705 0.079347095 0,
  0.94979099 0.31288509 0,0.82702789 0.5621609 0] }
}
}
DEF SHAPE_411 Shape {
 appearance USE APP_1
 geometry DEF FACE_411 IndexedFaceSet {
  coord DEF COORD_411 Coordinate { point [
  9.61 10.769445 -25.9875,9.61 12.030555 -25.9875,
  9.7429737 10.922163 -25.9875,9.8360506 11.102001 -25.9875,
  9.8839483 11.298752 -25.9875,9.8839483 11.501248 -25.9875,
  9.8360506 11.697999 -25.9875,9.7429737 11.877837 -25.9875] }
 coordIndex [
  6,1,7,-1,5,1,6,-1,0,3,2,-1,0,4,3,-1,0,5,4,-1,0,1,5,-1]
  normalPerVertex TRUE
  normal DEF NORM_411 Normal { vector [
  0 0 -1,0 0 -1,
  0 0 -1,0 0 -1,
  0 0 -1,0 0 -1,
  0 0 -1,0 0 -1] }
}
}
DEF SHAPE_412 Shape {
 appearance USE APP_1
 geometry DEF FACE_412 IndexedFaceSet {
  coord DEF COORD_412 Coordinate { point [
  9.61 10.769445 -24.4125,9.7429737 10.922163 -24.4125,
  9.8360506 11.102001 -24.4125,9.8839483 11.298752 -24.4125,
  9.8839483 11.501248 -24.4125,9.8360506 11.697999 -24.4125,
  9.7429737 11.877837 -24.4125,9.61 12.030555 -24.4125] }
 coordIndex [
  3,4,5,-1,1,2,3,-1,0,5,6,-1,0,6,7,-1,0,3,5,-1,0,1,3,-1]
  normalPerVertex TRUE
  normal DEF NORM_412 Normal { vector [
  0 0 1,0 0 1,
  0 0 1,0 0 1,
  0 0 1,0 0 1,
  0 0 1,0 0 1] }
}
}
DEF SHAPE_413 Shape {
 appearance USE APP_1
 geometry DEF FACE_413 IndexedFaceSet {
  coord DEF COORD_413 Coordinate { point [
  9.61 10.769445 -24.9875,9.7429737 10.922163 -24.9875,
  9.8360506 11.102001 -24.9875,9.8839483 11.298752 -24.9875,
  9.8839483 11.501248 -24.9875,9.8360506 11.697999 -24.9875,
  9.7429737 11.877837 -24.9875,9.61 12.030555 -24.9875,
  9.61 12.030555 -24.4125,9.61 10.769445 -24.4125,
  9.7429737 10.922163 -24.4125,9.8360506 11.102001 -24.4125,
  9.8839483 11.298752 -24.4125,9.8839483 11.501248 -24.4125,
  9.8360506 11.697999 -24.4125,9.7429737 11.877837 -24.4125] }
 coordIndex [
  9,0,1,-1,10,9,1,-1,11,1,2,-1,11,10,1,-1,12,2,3,-1,12,11,2,-1,13,3,4,-1,13,12,3,-1,
  14,4,5,-1,14,13,4,-1,15,5,6,-1,15,6,7,-1,15,14,5,-1,8,15,7,-1]
  normalPerVertex TRUE
  normal DEF NORM_413 Normal { vector [
  0.75417752 -0.65667059 0,0.82702789 -0.5621609 0,
  0.94979099 -0.31288509 0,0.99684705 -0.079347095 0,
  0.98732778 0.15869419 0,0.92177345 0.3877289 0,
  0.82702789 0.5621609 0,0.75417752 0.65667059 0,
  0.75417752 0.65667059 0,0.75417752 -0.65667059 0,
  0.82702789 -0.5621609 0,0.92177345 -0.3877289 0,
  0.98732778 -0.15869419 0,0.99684705 0.079347095 0,
  0.94979099 0.31288509 0,0.82702789 0.5621609 0] }
}
}
DEF SHAPE_414 Shape {
 appearance USE APP_1
 geometry DEF FACE_414 IndexedFaceSet {
  coord DEF COORD_414 Coordinate { point [
  9.61 10.769445 -24.9875,9.61 12.030555 -24.9875,
  9.7429737 10.922163 -24.9875,9.8360506 11.102001 -24.9875,
  9.8839483 11.298752 -24.9875,9.8839483 11.501248 -24.9875,
  9.8360506 11.697999 -24.9875,9.7429737 11.877837 -24.9875] }
 coordIndex [
  6,1,7,-1,5,1,6,-1,0,3,2,-1,0,4,3,-1,0,5,4,-1,0,1,5,-1]
  normalPerVertex TRUE
  normal DEF NORM_414 Normal { vector [
  0 0 -1,0 0 -1,
  0 0 -1,0 0 -1,
  0 0 -1,0 0 -1,
  0 0 -1,0 0 -1] }
}
}
DEF SHAPE_415 Shape {
 appearance USE APP_1
 geometry DEF FACE_415 IndexedFaceSet {
  coord DEF COORD_415 Coordinate { point [
  9.61 10.769445 -23.4125,9.7429737 10.922163 -23.4125,
  9.8360506 11.102001 -23.4125,9.8839483 11.298752 -23.4125,
  9.8839483 11.501248 -23.4125,9.8360506 11.697999 -23.4125,
  9.7429737 11.877837 -23.4125,9.61 12.030555 -23.4125] }
 coordIndex [
  3,4,5,-1,1,2,3,-1,0,5,6,-1,0,6,7,-1,0,3,5,-1,0,1,3,-1]
  normalPerVertex TRUE
  normal DEF NORM_415 Normal { vector [
  0 0 1,0 0 1,
  0 0 1,0 0 1,
  0 0 1,0 0 1,
  0 0 1,0 0 1] }
}
}
DEF SHAPE_416 Shape {
 appearance USE APP_1
 geometry DEF FACE_416 IndexedFaceSet {
  coord DEF COORD_416 Coordinate { point [
  9.61 10.769445 -23.9875,9.7429737 10.922163 -23.9875,
  9.8360506 11.102001 -23.9875,9.8839483 11.298752 -23.9875,
  9.8839483 11.501248 -23.9875,9.8360506 11.697999 -23.9875,
  9.7429737 11.877837 -23.9875,9.61 12.030555 -23.9875,
  9.61 12.030555 -23.4125,9.61 10.769445 -23.4125,
  9.7429737 10.922163 -23.4125,9.8360506 11.102001 -23.4125,
  9.8839483 11.298752 -23.4125,9.8839483 11.501248 -23.4125,
  9.8360506 11.697999 -23.4125,9.7429737 11.877837 -23.4125] }
 coordIndex [
  9,0,1,-1,10,9,1,-1,11,1,2,-1,11,10,1,-1,12,2,3,-1,12,11,2,-1,13,3,4,-1,13,12,3,-1,
  14,4,5,-1,14,13,4,-1,15,5,6,-1,15,6,7,-1,15,14,5,-1,8,15,7,-1]
  normalPerVertex TRUE
  normal DEF NORM_416 Normal { vector [
  0.75417752 -0.65667059 0,0.82702789 -0.5621609 0,
  0.94979099 -0.31288509 0,0.99684705 -0.079347095 0,
  0.98732778 0.15869419 0,0.92177345 0.3877289 0,
  0.82702789 0.5621609 0,0.75417752 0.65667059 0,
  0.75417752 0.65667059 0,0.75417752 -0.65667059 0,
  0.82702789 -0.5621609 0,0.92177345 -0.3877289 0,
  0.98732778 -0.15869419 0,0.99684705 0.079347095 0,
  0.94979099 0.31288509 0,0.82702789 0.5621609 0] }
}
}
DEF SHAPE_417 Shape {
 appearance USE APP_1
 geometry DEF FACE_417 IndexedFaceSet {
  coord DEF COORD_417 Coordinate { point [
  9.61 10.769445 -23.9875,9.61 12.030555 -23.9875,
  9.7429737 10.922163 -23.9875,9.8360506 11.102001 -23.9875,
  9.8839483 11.298752 -23.9875,9.8839483 11.501248 -23.9875,
  9.8360506 11.697999 -23.9875,9.7429737 11.877837 -23.9875] }
 coordIndex [
  6,1,7,-1,5,1,6,-1,0,3,2,-1,0,4,3,-1,0,5,4,-1,0,1,5,-1]
  normalPerVertex TRUE
  normal DEF NORM_417 Normal { vector [
  0 0 -1,0 0 -1,
  0 0 -1,0 0 -1,
  0 0 -1,0 0 -1,
  0 0 -1,0 0 -1] }
}
}
DEF SHAPE_418 Shape {
 appearance USE APP_1
 geometry DEF FACE_418 IndexedFaceSet {
  coord DEF COORD_418 Coordinate { point [
  9.61 10.769445 -22.4125,9.7429737 10.922163 -22.4125,
  9.8360506 11.102001 -22.4125,9.8839483 11.298752 -22.4125,
  9.8839483 11.501248 -22.4125,9.8360506 11.697999 -22.4125,
  9.7429737 11.877837 -22.4125,9.61 12.030555 -22.4125] }
 coordIndex [
  3,4,5,-1,1,2,3,-1,0,5,6,-1,0,6,7,-1,0,3,5,-1,0,1,3,-1]
  normalPerVertex TRUE
  normal DEF NORM_418 Normal { vector [
  0 0 1,0 0 1,
  0 0 1,0 0 1,
  0 0 1,0 0 1,
  0 0 1,0 0 1] }
}
}
DEF SHAPE_419 Shape {
 appearance USE APP_1
 geometry DEF FACE_419 IndexedFaceSet {
  coord DEF COORD_419 Coordinate { point [
  9.61 10.769445 -22.9875,9.7429737 10.922163 -22.9875,
  9.8360506 11.102001 -22.9875,9.8839483 11.298752 -22.9875,
  9.8839483 11.501248 -22.9875,9.8360506 11.697999 -22.9875,
  9.7429737 11.877837 -22.9875,9.61 12.030555 -22.9875,
  9.61 12.030555 -22.4125,9.61 10.769445 -22.4125,
  9.7429737 10.922163 -22.4125,9.8360506 11.102001 -22.4125,
  9.8839483 11.298752 -22.4125,9.8839483 11.501248 -22.4125,
  9.8360506 11.697999 -22.4125,9.7429737 11.877837 -22.4125] }
 coordIndex [
  9,0,1,-1,10,9,1,-1,11,1,2,-1,11,10,1,-1,12,2,3,-1,12,11,2,-1,13,3,4,-1,13,12,3,-1,
  14,4,5,-1,14,13,4,-1,15,5,6,-1,15,6,7,-1,15,14,5,-1,8,15,7,-1]
  normalPerVertex TRUE
  normal DEF NORM_419 Normal { vector [
  0.75417752 -0.65667059 0,0.82702789 -0.5621609 0,
  0.94979099 -0.31288509 0,0.99684705 -0.079347095 0,
  0.98732778 0.15869419 0,0.92177345 0.3877289 0,
  0.82702789 0.5621609 0,0.75417752 0.65667059 0,
  0.75417752 0.65667059 0,0.75417752 -0.65667059 0,
  0.82702789 -0.5621609 0,0.92177345 -0.3877289 0,
  0.98732778 -0.15869419 0,0.99684705 0.079347095 0,
  0.94979099 0.31288509 0,0.82702789 0.5621609 0] }
}
}
DEF SHAPE_420 Shape {
 appearance USE APP_1
 geometry DEF FACE_420 IndexedFaceSet {
  coord DEF COORD_420 Coordinate { point [
  9.61 10.769445 -22.9875,9.61 12.030555 -22.9875,
  9.7429737 10.922163 -22.9875,9.8360506 11.102001 -22.9875,
  9.8839483 11.298752 -22.9875,9.8839483 11.501248 -22.9875,
  9.8360506 11.697999 -22.9875,9.7429737 11.877837 -22.9875] }
 coordIndex [
  6,1,7,-1,5,1,6,-1,0,3,2,-1,0,4,3,-1,0,5,4,-1,0,1,5,-1]
  normalPerVertex TRUE
  normal DEF NORM_420 Normal { vector [
  0 0 -1,0 0 -1,
  0 0 -1,0 0 -1,
  0 0 -1,0 0 -1,
  0 0 -1,0 0 -1] }
}
}
DEF SHAPE_421 Shape {
 appearance USE APP_1
 geometry DEF FACE_421 IndexedFaceSet {
  coord DEF COORD_421 Coordinate { point [
  9.61 10.769445 -21.4125,9.7429737 10.922163 -21.4125,
  9.8360506 11.102001 -21.4125,9.8839483 11.298752 -21.4125,
  9.8839483 11.501248 -21.4125,9.8360506 11.697999 -21.4125,
  9.7429737 11.877837 -21.4125,9.61 12.030555 -21.4125] }
 coordIndex [
  3,4,5,-1,1,2,3,-1,0,5,6,-1,0,6,7,-1,0,3,5,-1,0,1,3,-1]
  normalPerVertex TRUE
  normal DEF NORM_421 Normal { vector [
  0 0 1,0 0 1,
  0 0 1,0 0 1,
  0 0 1,0 0 1,
  0 0 1,0 0 1] }
}
}
DEF SHAPE_422 Shape {
 appearance USE APP_1
 geometry DEF FACE_422 IndexedFaceSet {
  coord DEF COORD_422 Coordinate { point [
  9.61 10.769445 -21.9875,9.7429737 10.922163 -21.9875,
  9.8360506 11.102001 -21.9875,9.8839483 11.298752 -21.9875,
  9.8839483 11.501248 -21.9875,9.8360506 11.697999 -21.9875,
  9.7429737 11.877837 -21.9875,9.61 12.030555 -21.9875,
  9.61 12.030555 -21.4125,9.61 10.769445 -21.4125,
  9.7429737 10.922163 -21.4125,9.8360506 11.102001 -21.4125,
  9.8839483 11.298752 -21.4125,9.8839483 11.501248 -21.4125,
  9.8360506 11.697999 -21.4125,9.7429737 11.877837 -21.4125] }
 coordIndex [
  10,0,1,-1,10,9,0,-1,11,1,2,-1,11,10,1,-1,12,2,3,-1,12,11,2,-1,13,3,4,-1,13,12,3,-1,
  14,4,5,-1,14,13,4,-1,15,5,6,-1,15,6,7,-1,15,14,5,-1,8,15,7,-1]
  normalPerVertex TRUE
  normal DEF NORM_422 Normal { vector [
  0.75417752 -0.65667059 0,0.84883023 -0.52866553 0,
  0.94979099 -0.31288509 0,0.99684705 -0.079347095 0,
  0.98732778 0.15869419 0,0.92177345 0.3877289 0,
  0.82702789 0.5621609 0,0.75417752 0.65667059 0,
  0.75417752 0.65667059 0,0.75417752 -0.65667059 0,
  0.80390454 -0.59475834 0,0.92177345 -0.3877289 0,
  0.98732778 -0.15869419 0,0.99684705 0.079347095 0,
  0.94979099 0.31288509 0,0.82702789 0.5621609 0] }
}
}
DEF SHAPE_423 Shape {
 appearance USE APP_1
 geometry DEF FACE_423 IndexedFaceSet {
  coord DEF COORD_423 Coordinate { point [
  9.61 10.769445 -21.9875,9.61 12.030555 -21.9875,
  9.7429737 10.922163 -21.9875,9.8360506 11.102001 -21.9875,
  9.8839483 11.298752 -21.9875,9.8839483 11.501248 -21.9875,
  9.8360506 11.697999 -21.9875,9.7429737 11.877837 -21.9875] }
 coordIndex [
  6,1,7,-1,5,1,6,-1,0,3,2,-1,0,4,3,-1,0,5,4,-1,0,1,5,-1]
  normalPerVertex TRUE
  normal DEF NORM_423 Normal { vector [
  0 0 -1,0 0 -1,
  0 0 -1,0 0 -1,
  0 0 -1,0 0 -1,
  0 0 -1,0 0 -1] }
}
}
DEF SHAPE_424 Shape {
 appearance USE APP_1
 geometry DEF FACE_424 IndexedFaceSet {
  coord DEF COORD_424 Coordinate { point [
  9.61 10.769445 -20.4125,9.7429737 10.922163 -20.4125,
  9.8360506 11.102001 -20.4125,9.8839483 11.298752 -20.4125,
  9.8839483 11.501248 -20.4125,9.8360506 11.697999 -20.4125,
  9.7429737 11.877837 -20.4125,9.61 12.030555 -20.4125] }
 coordIndex [
  3,4,5,-1,1,2,3,-1,0,5,6,-1,0,6,7,-1,0,3,5,-1,0,1,3,-1]
  normalPerVertex TRUE
  normal DEF NORM_424 Normal { vector [
  0 0 1,0 0 1,
  0 0 1,0 0 1,
  0 0 1,0 0 1,
  0 0 1,0 0 1] }
}
}
DEF SHAPE_425 Shape {
 appearance USE APP_1
 geometry DEF FACE_425 IndexedFaceSet {
  coord DEF COORD_425 Coordinate { point [
  9.61 10.769445 -20.9875,9.7429737 10.922163 -20.9875,
  9.8360506 11.102001 -20.9875,9.8839483 11.298752 -20.9875,
  9.8839483 11.501248 -20.9875,9.8360506 11.697999 -20.9875,
  9.7429737 11.877837 -20.9875,9.61 12.030555 -20.9875,
  9.61 12.030555 -20.4125,9.61 10.769445 -20.4125,
  9.7429737 10.922163 -20.4125,9.8360506 11.102001 -20.4125,
  9.8839483 11.298752 -20.4125,9.8839483 11.501248 -20.4125,
  9.8360506 11.697999 -20.4125,9.7429737 11.877837 -20.4125] }
 coordIndex [
  10,0,1,-1,10,9,0,-1,11,1,2,-1,11,10,1,-1,12,2,3,-1,12,11,2,-1,13,3,4,-1,13,12,3,-1,
  14,4,5,-1,14,13,4,-1,15,5,6,-1,15,6,7,-1,15,14,5,-1,8,15,7,-1]
  normalPerVertex TRUE
  normal DEF NORM_425 Normal { vector [
  0.75417752 -0.65667059 0,0.84883023 -0.52866553 0,
  0.94979099 -0.31288509 0,0.99684705 -0.079347095 0,
  0.98732778 0.15869419 0,0.92177345 0.3877289 0,
  0.82702789 0.5621609 0,0.75417752 0.65667059 0,
  0.75417752 0.65667059 0,0.75417752 -0.65667059 0,
  0.80390454 -0.59475834 0,0.92177345 -0.3877289 0,
  0.98732778 -0.15869419 0,0.99684705 0.079347095 0,
  0.94979099 0.31288509 0,0.82702789 0.5621609 0] }
}
}
DEF SHAPE_426 Shape {
 appearance USE APP_1
 geometry DEF FACE_426 IndexedFaceSet {
  coord DEF COORD_426 Coordinate { point [
  9.61 10.769445 -20.9875,9.61 12.030555 -20.9875,
  9.7429737 10.922163 -20.9875,9.8360506 11.102001 -20.9875,
  9.8839483 11.298752 -20.9875,9.8839483 11.501248 -20.9875,
  9.8360506 11.697999 -20.9875,9.7429737 11.877837 -20.9875] }
 coordIndex [
  6,1,7,-1,5,1,6,-1,0,3,2,-1,0,4,3,-1,0,5,4,-1,0,1,5,-1]
  normalPerVertex TRUE
  normal DEF NORM_426 Normal { vector [
  0 0 -1,0 0 -1,
  0 0 -1,0 0 -1,
  0 0 -1,0 0 -1,
  0 0 -1,0 0 -1] }
}
}
DEF SHAPE_427 Shape {
 appearance USE APP_1
 geometry DEF FACE_427 IndexedFaceSet {
  coord DEF COORD_427 Coordinate { point [
  9.61 10.769445 -19.4125,9.7429737 10.922163 -19.4125,
  9.8360506 11.102001 -19.4125,9.8839483 11.298752 -19.4125,
  9.8839483 11.501248 -19.4125,9.8360506 11.697999 -19.4125,
  9.7429737 11.877837 -19.4125,9.61 12.030555 -19.4125] }
 coordIndex [
  3,4,5,-1,1,2,3,-1,0,5,6,-1,0,6,7,-1,0,3,5,-1,0,1,3,-1]
  normalPerVertex TRUE
  normal DEF NORM_427 Normal { vector [
  0 0 1,0 0 1,
  0 0 1,0 0 1,
  0 0 1,0 0 1,
  0 0 1,0 0 1] }
}
}
DEF SHAPE_428 Shape {
 appearance USE APP_1
 geometry DEF FACE_428 IndexedFaceSet {
  coord DEF COORD_428 Coordinate { point [
  9.61 10.769445 -19.9875,9.7429737 10.922163 -19.9875,
  9.8360506 11.102001 -19.9875,9.8839483 11.298752 -19.9875,
  9.8839483 11.501248 -19.9875,9.8360506 11.697999 -19.9875,
  9.7429737 11.877837 -19.9875,9.61 12.030555 -19.9875,
  9.61 12.030555 -19.4125,9.61 10.769445 -19.4125,
  9.7429737 10.922163 -19.4125,9.8360506 11.102001 -19.4125,
  9.8839483 11.298752 -19.4125,9.8839483 11.501248 -19.4125,
  9.8360506 11.697999 -19.4125,9.7429737 11.877837 -19.4125] }
 coordIndex [
  10,0,1,-1,10,9,0,-1,11,1,2,-1,11,10,1,-1,12,2,3,-1,12,11,2,-1,13,3,4,-1,13,12,3,-1,
  14,4,5,-1,14,13,4,-1,15,5,6,-1,15,6,7,-1,15,14,5,-1,8,15,7,-1]
  normalPerVertex TRUE
  normal DEF NORM_428 Normal { vector [
  0.75417752 -0.65667059 0,0.84883023 -0.52866553 0,
  0.94979099 -0.31288509 0,0.99684705 -0.079347095 0,
  0.98732778 0.15869419 0,0.92177345 0.3877289 0,
  0.82702789 0.5621609 0,0.75417752 0.65667059 0,
  0.75417752 0.65667059 0,0.75417752 -0.65667059 0,
  0.80390454 -0.59475834 0,0.92177345 -0.3877289 0,
  0.98732778 -0.15869419 0,0.99684705 0.079347095 0,
  0.94979099 0.31288509 0,0.82702789 0.5621609 0] }
}
}
DEF SHAPE_429 Shape {
 appearance USE APP_1
 geometry DEF FACE_429 IndexedFaceSet {
  coord DEF COORD_429 Coordinate { point [
  9.61 10.769445 -19.9875,9.61 12.030555 -19.9875,
  9.7429737 10.922163 -19.9875,9.8360506 11.102001 -19.9875,
  9.8839483 11.298752 -19.9875,9.8839483 11.501248 -19.9875,
  9.8360506 11.697999 -19.9875,9.7429737 11.877837 -19.9875] }
 coordIndex [
  6,1,7,-1,5,1,6,-1,0,3,2,-1,0,4,3,-1,0,5,4,-1,0,1,5,-1]
  normalPerVertex TRUE
  normal DEF NORM_429 Normal { vector [
  0 0 -1,0 0 -1,
  0 0 -1,0 0 -1,
  0 0 -1,0 0 -1,
  0 0 -1,0 0 -1] }
}
}
DEF SHAPE_430 Shape {
 appearance USE APP_1
 geometry DEF FACE_430 IndexedFaceSet {
  coord DEF COORD_430 Coordinate { point [
  9.61 10.769445 -18.4125,9.7429737 10.922163 -18.4125,
  9.8360506 11.102001 -18.4125,9.8839483 11.298752 -18.4125,
  9.8839483 11.501248 -18.4125,9.8360506 11.697999 -18.4125,
  9.7429737 11.877837 -18.4125,9.61 12.030555 -18.4125] }
 coordIndex [
  3,4,5,-1,1,2,3,-1,0,5,6,-1,0,6,7,-1,0,3,5,-1,0,1,3,-1]
  normalPerVertex TRUE
  normal DEF NORM_430 Normal { vector [
  0 0 1,0 0 1,
  0 0 1,0 0 1,
  0 0 1,0 0 1,
  0 0 1,0 0 1] }
}
}
DEF SHAPE_431 Shape {
 appearance USE APP_1
 geometry DEF FACE_431 IndexedFaceSet {
  coord DEF COORD_431 Coordinate { point [
  9.61 10.769445 -18.9875,9.7429737 10.922163 -18.9875,
  9.8360506 11.102001 -18.9875,9.8839483 11.298752 -18.9875,
  9.8839483 11.501248 -18.9875,9.8360506 11.697999 -18.9875,
  9.7429737 11.877837 -18.9875,9.61 12.030555 -18.9875,
  9.61 12.030555 -18.4125,9.61 10.769445 -18.4125,
  9.7429737 10.922163 -18.4125,9.8360506 11.102001 -18.4125,
  9.8839483 11.298752 -18.4125,9.8839483 11.501248 -18.4125,
  9.8360506 11.697999 -18.4125,9.7429737 11.877837 -18.4125] }
 coordIndex [
  10,0,1,-1,10,9,0,-1,11,1,2,-1,11,10,1,-1,12,2,3,-1,12,11,2,-1,13,3,4,-1,13,12,3,-1,
  14,4,5,-1,14,13,4,-1,15,5,6,-1,15,6,7,-1,15,14,5,-1,8,15,7,-1]
  normalPerVertex TRUE
  normal DEF NORM_431 Normal { vector [
  0.75417752 -0.65667059 0,0.84883023 -0.52866553 0,
  0.94979099 -0.31288509 0,0.99684705 -0.079347095 0,
  0.98732778 0.15869419 0,0.92177345 0.3877289 0,
  0.82702789 0.5621609 0,0.75417752 0.65667059 0,
  0.75417752 0.65667059 0,0.75417752 -0.65667059 0,
  0.80390454 -0.59475834 0,0.92177345 -0.3877289 0,
  0.98732778 -0.15869419 0,0.99684705 0.079347095 0,
  0.94979099 0.31288509 0,0.82702789 0.5621609 0] }
}
}
DEF SHAPE_432 Shape {
 appearance USE APP_1
 geometry DEF FACE_432 IndexedFaceSet {
  coord DEF COORD_432 Coordinate { point [
  9.61 10.769445 -18.9875,9.61 12.030555 -18.9875,
  9.7429737 10.922163 -18.9875,9.8360506 11.102001 -18.9875,
  9.8839483 11.298752 -18.9875,9.8839483 11.501248 -18.9875,
  9.8360506 11.697999 -18.9875,9.7429737 11.877837 -18.9875] }
 coordIndex [
  6,1,7,-1,5,1,6,-1,0,3,2,-1,0,4,3,-1,0,5,4,-1,0,1,5,-1]
  normalPerVertex TRUE
  normal DEF NORM_432 Normal { vector [
  0 0 -1,0 0 -1,
  0 0 -1,0 0 -1,
  0 0 -1,0 0 -1,
  0 0 -1,0 0 -1] }
}
}
DEF SHAPE_433 Shape {
 appearance USE APP_1
 geometry DEF FACE_433 IndexedFaceSet {
  coord DEF COORD_433 Coordinate { point [
  9.61 10.769445 -17.4125,9.7429737 10.922163 -17.4125,
  9.8360506 11.102001 -17.4125,9.8839483 11.298752 -17.4125,
  9.8839483 11.501248 -17.4125,9.8360506 11.697999 -17.4125,
  9.7429737 11.877837 -17.4125,9.61 12.030555 -17.4125] }
 coordIndex [
  3,4,5,-1,1,2,3,-1,0,5,6,-1,0,6,7,-1,0,3,5,-1,0,1,3,-1]
  normalPerVertex TRUE
  normal DEF NORM_433 Normal { vector [
  0 0 1,0 0 1,
  0 0 1,0 0 1,
  0 0 1,0 0 1,
  0 0 1,0 0 1] }
}
}
DEF SHAPE_434 Shape {
 appearance USE APP_1
 geometry DEF FACE_434 IndexedFaceSet {
  coord DEF COORD_434 Coordinate { point [
  9.61 10.769445 -17.9875,9.7429737 10.922163 -17.9875,
  9.8360506 11.102001 -17.9875,9.8839483 11.298752 -17.9875,
  9.8839483 11.501248 -17.9875,9.8360506 11.697999 -17.9875,
  9.7429737 11.877837 -17.9875,9.61 12.030555 -17.9875,
  9.61 12.030555 -17.4125,9.61 10.769445 -17.4125,
  9.7429737 10.922163 -17.4125,9.8360506 11.102001 -17.4125,
  9.8839483 11.298752 -17.4125,9.8839483 11.501248 -17.4125,
  9.8360506 11.697999 -17.4125,9.7429737 11.877837 -17.4125] }
 coordIndex [
  9,0,1,-1,10,9,1,-1,11,1,2,-1,11,10,1,-1,12,2,3,-1,12,11,2,-1,13,3,4,-1,13,12,3,-1,
  14,4,5,-1,14,13,4,-1,15,5,6,-1,15,6,7,-1,15,14,5,-1,8,15,7,-1]
  normalPerVertex TRUE
  normal DEF NORM_434 Normal { vector [
  0.75417752 -0.65667059 0,0.82702789 -0.5621609 0,
  0.94979099 -0.31288509 0,0.99684705 -0.079347095 0,
  0.98732778 0.15869419 0,0.92177345 0.3877289 0,
  0.82702789 0.5621609 0,0.75417752 0.65667059 0,
  0.75417752 0.65667059 0,0.75417752 -0.65667059 0,
  0.82702789 -0.5621609 0,0.92177345 -0.3877289 0,
  0.98732778 -0.15869419 0,0.99684705 0.079347095 0,
  0.94979099 0.31288509 0,0.82702789 0.5621609 0] }
}
}
DEF SHAPE_435 Shape {
 appearance USE APP_1
 geometry DEF FACE_435 IndexedFaceSet {
  coord DEF COORD_435 Coordinate { point [
  9.61 10.769445 -17.9875,9.61 12.030555 -17.9875,
  9.7429737 10.922163 -17.9875,9.8360506 11.102001 -17.9875,
  9.8839483 11.298752 -17.9875,9.8839483 11.501248 -17.9875,
  9.8360506 11.697999 -17.9875,9.7429737 11.877837 -17.9875] }
 coordIndex [
  6,1,7,-1,5,1,6,-1,0,3,2,-1,0,4,3,-1,0,5,4,-1,0,1,5,-1]
  normalPerVertex TRUE
  normal DEF NORM_435 Normal { vector [
  0 0 -1,0 0 -1,
  0 0 -1,0 0 -1,
  0 0 -1,0 0 -1,
  0 0 -1,0 0 -1] }
}
}
DEF SHAPE_436 Shape {
 appearance USE APP_1
 geometry DEF FACE_436 IndexedFaceSet {
  coord DEF COORD_436 Coordinate { point [
  9.61 10.769445 -16.4125,9.7429737 10.922163 -16.4125,
  9.8360506 11.102001 -16.4125,9.8839483 11.298752 -16.4125,
  9.8839483 11.501248 -16.4125,9.8360506 11.697999 -16.4125,
  9.7429737 11.877837 -16.4125,9.61 12.030555 -16.4125] }
 coordIndex [
  3,4,5,-1,1,2,3,-1,0,5,6,-1,0,6,7,-1,0,3,5,-1,0,1,3,-1]
  normalPerVertex TRUE
  normal DEF NORM_436 Normal { vector [
  0 0 1,0 0 1,
  0 0 1,0 0 1,
  0 0 1,0 0 1,
  0 0 1,0 0 1] }
}
}
DEF SHAPE_437 Shape {
 appearance USE APP_1
 geometry DEF FACE_437 IndexedFaceSet {
  coord DEF COORD_437 Coordinate { point [
  9.61 10.769445 -16.9875,9.7429737 10.922163 -16.9875,
  9.8360506 11.102001 -16.9875,9.8839483 11.298752 -16.9875,
  9.8839483 11.501248 -16.9875,9.8360506 11.697999 -16.9875,
  9.7429737 11.877837 -16.9875,9.61 12.030555 -16.9875,
  9.61 12.030555 -16.4125,9.61 10.769445 -16.4125,
  9.7429737 10.922163 -16.4125,9.8360506 11.102001 -16.4125,
  9.8839483 11.298752 -16.4125,9.8839483 11.501248 -16.4125,
  9.8360506 11.697999 -16.4125,9.7429737 11.877837 -16.4125] }
 coordIndex [
  9,0,1,-1,10,9,1,-1,11,1,2,-1,11,10,1,-1,12,2,3,-1,12,11,2,-1,13,3,4,-1,13,12,3,-1,
  14,4,5,-1,14,13,4,-1,15,5,6,-1,15,6,7,-1,15,14,5,-1,8,15,7,-1]
  normalPerVertex TRUE
  normal DEF NORM_437 Normal { vector [
  0.75417752 -0.65667059 0,0.82702789 -0.5621609 0,
  0.94979099 -0.31288509 0,0.99684705 -0.079347095 0,
  0.98732778 0.15869419 0,0.92177345 0.3877289 0,
  0.82702789 0.5621609 0,0.75417752 0.65667059 0,
  0.75417752 0.65667059 0,0.75417752 -0.65667059 0,
  0.82702789 -0.5621609 0,0.92177345 -0.3877289 0,
  0.98732778 -0.15869419 0,0.99684705 0.079347095 0,
  0.94979099 0.31288509 0,0.82702789 0.5621609 0] }
}
}
DEF SHAPE_438 Shape {
 appearance USE APP_1
 geometry DEF FACE_438 IndexedFaceSet {
  coord DEF COORD_438 Coordinate { point [
  9.61 10.769445 -16.9875,9.61 12.030555 -16.9875,
  9.7429737 10.922163 -16.9875,9.8360506 11.102001 -16.9875,
  9.8839483 11.298752 -16.9875,9.8839483 11.501248 -16.9875,
  9.8360506 11.697999 -16.9875,9.7429737 11.877837 -16.9875] }
 coordIndex [
  6,1,7,-1,5,1,6,-1,0,3,2,-1,0,4,3,-1,0,5,4,-1,0,1,5,-1]
  normalPerVertex TRUE
  normal DEF NORM_438 Normal { vector [
  0 0 -1,0 0 -1,
  0 0 -1,0 0 -1,
  0 0 -1,0 0 -1,
  0 0 -1,0 0 -1] }
}
}
DEF SHAPE_439 Shape {
 appearance USE APP_1
 geometry DEF FACE_439 IndexedFaceSet {
  coord DEF COORD_439 Coordinate { point [
  9.61 10.769445 -15.4125,9.7429737 10.922163 -15.4125,
  9.8360506 11.102001 -15.4125,9.8839483 11.298752 -15.4125,
  9.8839483 11.501248 -15.4125,9.8360506 11.697999 -15.4125,
  9.7429737 11.877837 -15.4125,9.61 12.030555 -15.4125] }
 coordIndex [
  3,4,5,-1,1,2,3,-1,0,5,6,-1,0,6,7,-1,0,3,5,-1,0,1,3,-1]
  normalPerVertex TRUE
  normal DEF NORM_439 Normal { vector [
  0 0 1,0 0 1,
  0 0 1,0 0 1,
  0 0 1,0 0 1,
  0 0 1,0 0 1] }
}
}
DEF SHAPE_440 Shape {
 appearance USE APP_1
 geometry DEF FACE_440 IndexedFaceSet {
  coord DEF COORD_440 Coordinate { point [
  9.61 10.769445 -15.9875,9.7429737 10.922163 -15.9875,
  9.8360506 11.102001 -15.9875,9.8839483 11.298752 -15.9875,
  9.8839483 11.501248 -15.9875,9.8360506 11.697999 -15.9875,
  9.7429737 11.877837 -15.9875,9.61 12.030555 -15.9875,
  9.61 12.030555 -15.4125,9.61 10.769445 -15.4125,
  9.7429737 10.922163 -15.4125,9.8360506 11.102001 -15.4125,
  9.8839483 11.298752 -15.4125,9.8839483 11.501248 -15.4125,
  9.8360506 11.697999 -15.4125,9.7429737 11.877837 -15.4125] }
 coordIndex [
  9,0,1,-1,10,9,1,-1,11,1,2,-1,11,10,1,-1,12,2,3,-1,12,11,2,-1,13,3,4,-1,13,12,3,-1,
  14,4,5,-1,14,13,4,-1,15,5,6,-1,15,6,7,-1,15,14,5,-1,8,15,7,-1]
  normalPerVertex TRUE
  normal DEF NORM_440 Normal { vector [
  0.75417752 -0.65667059 0,0.82702789 -0.5621609 0,
  0.94979099 -0.31288509 0,0.99684705 -0.079347095 0,
  0.98732778 0.15869419 0,0.92177345 0.3877289 0,
  0.82702789 0.5621609 0,0.75417752 0.65667059 0,
  0.75417752 0.65667059 0,0.75417752 -0.65667059 0,
  0.82702789 -0.5621609 0,0.92177345 -0.3877289 0,
  0.98732778 -0.15869419 0,0.99684705 0.079347095 0,
  0.94979099 0.31288509 0,0.82702789 0.5621609 0] }
}
}
DEF SHAPE_441 Shape {
 appearance USE APP_1
 geometry DEF FACE_441 IndexedFaceSet {
  coord DEF COORD_441 Coordinate { point [
  9.61 10.769445 -15.9875,9.61 12.030555 -15.9875,
  9.7429737 10.922163 -15.9875,9.8360506 11.102001 -15.9875,
  9.8839483 11.298752 -15.9875,9.8839483 11.501248 -15.9875,
  9.8360506 11.697999 -15.9875,9.7429737 11.877837 -15.9875] }
 coordIndex [
  6,1,7,-1,5,1,6,-1,0,3,2,-1,0,4,3,-1,0,5,4,-1,0,1,5,-1]
  normalPerVertex TRUE
  normal DEF NORM_441 Normal { vector [
  0 0 -1,0 0 -1,
  0 0 -1,0 0 -1,
  0 0 -1,0 0 -1,
  0 0 -1,0 0 -1] }
}
}
DEF SHAPE_442 Shape {
 appearance USE APP_1
 geometry DEF FACE_442 IndexedFaceSet {
  coord DEF COORD_442 Coordinate { point [
  9.61 10.769445 -14.4125,9.7429737 10.922163 -14.4125,
  9.8360506 11.102001 -14.4125,9.8839483 11.298752 -14.4125,
  9.8839483 11.501248 -14.4125,9.8360506 11.697999 -14.4125,
  9.7429737 11.877837 -14.4125,9.61 12.030555 -14.4125] }
 coordIndex [
  3,4,5,-1,1,2,3,-1,0,5,6,-1,0,6,7,-1,0,3,5,-1,0,1,3,-1]
  normalPerVertex TRUE
  normal DEF NORM_442 Normal { vector [
  0 0 1,0 0 1,
  0 0 1,0 0 1,
  0 0 1,0 0 1,
  0 0 1,0 0 1] }
}
}
DEF SHAPE_443 Shape {
 appearance USE APP_1
 geometry DEF FACE_443 IndexedFaceSet {
  coord DEF COORD_443 Coordinate { point [
  9.61 10.769445 -14.9875,9.7429737 10.922163 -14.9875,
  9.8360506 11.102001 -14.9875,9.8839483 11.298752 -14.9875,
  9.8839483 11.501248 -14.9875,9.8360506 11.697999 -14.9875,
  9.7429737 11.877837 -14.9875,9.61 12.030555 -14.9875,
  9.61 12.030555 -14.4125,9.61 10.769445 -14.4125,
  9.7429737 10.922163 -14.4125,9.8360506 11.102001 -14.4125,
  9.8839483 11.298752 -14.4125,9.8839483 11.501248 -14.4125,
  9.8360506 11.697999 -14.4125,9.7429737 11.877837 -14.4125] }
 coordIndex [
  9,0,1,-1,10,9,1,-1,11,1,2,-1,11,10,1,-1,12,2,3,-1,12,11,2,-1,13,3,4,-1,13,12,3,-1,
  14,4,5,-1,14,13,4,-1,15,5,6,-1,15,6,7,-1,15,14,5,-1,8,15,7,-1]
  normalPerVertex TRUE
  normal DEF NORM_443 Normal { vector [
  0.75417752 -0.65667059 0,0.82702789 -0.5621609 0,
  0.94979099 -0.31288509 0,0.99684705 -0.079347095 0,
  0.98732778 0.15869419 0,0.92177345 0.3877289 0,
  0.82702789 0.5621609 0,0.75417752 0.65667059 0,
  0.75417752 0.65667059 0,0.75417752 -0.65667059 0,
  0.82702789 -0.5621609 0,0.92177345 -0.3877289 0,
  0.98732778 -0.15869419 0,0.99684705 0.079347095 0,
  0.94979099 0.31288509 0,0.82702789 0.5621609 0] }
}
}
DEF SHAPE_444 Shape {
 appearance USE APP_1
 geometry DEF FACE_444 IndexedFaceSet {
  coord DEF COORD_444 Coordinate { point [
  9.61 10.769445 -14.9875,9.61 12.030555 -14.9875,
  9.7429737 10.922163 -14.9875,9.8360506 11.102001 -14.9875,
  9.8839483 11.298752 -14.9875,9.8839483 11.501248 -14.9875,
  9.8360506 11.697999 -14.9875,9.7429737 11.877837 -14.9875] }
 coordIndex [
  6,1,7,-1,5,1,6,-1,0,3,2,-1,0,4,3,-1,0,5,4,-1,0,1,5,-1]
  normalPerVertex TRUE
  normal DEF NORM_444 Normal { vector [
  0 0 -1,0 0 -1,
  0 0 -1,0 0 -1,
  0 0 -1,0 0 -1,
  0 0 -1,0 0 -1] }
}
}
DEF SHAPE_445 Shape {
 appearance USE APP_1
 geometry DEF FACE_445 IndexedFaceSet {
  coord DEF COORD_445 Coordinate { point [
  9.61 10.769445 -13.4125,9.7429737 10.922163 -13.4125,
  9.8360506 11.102001 -13.4125,9.8839483 11.298752 -13.4125,
  9.8839483 11.501248 -13.4125,9.8360506 11.697999 -13.4125,
  9.7429737 11.877837 -13.4125,9.61 12.030555 -13.4125] }
 coordIndex [
  3,4,5,-1,1,2,3,-1,0,5,6,-1,0,6,7,-1,0,3,5,-1,0,1,3,-1]
  normalPerVertex TRUE
  normal DEF NORM_445 Normal { vector [
  0 0 1,0 0 1,
  0 0 1,0 0 1,
  0 0 1,0 0 1,
  0 0 1,0 0 1] }
}
}
DEF SHAPE_446 Shape {
 appearance USE APP_1
 geometry DEF FACE_446 IndexedFaceSet {
  coord DEF COORD_446 Coordinate { point [
  9.61 10.769445 -13.9875,9.7429737 10.922163 -13.9875,
  9.8360506 11.102001 -13.9875,9.8839483 11.298752 -13.9875,
  9.8839483 11.501248 -13.9875,9.8360506 11.697999 -13.9875,
  9.7429737 11.877837 -13.9875,9.61 12.030555 -13.9875,
  9.61 12.030555 -13.4125,9.61 10.769445 -13.4125,
  9.7429737 10.922163 -13.4125,9.8360506 11.102001 -13.4125,
  9.8839483 11.298752 -13.4125,9.8839483 11.501248 -13.4125,
  9.8360506 11.697999 -13.4125,9.7429737 11.877837 -13.4125] }
 coordIndex [
  10,0,1,-1,10,9,0,-1,11,1,2,-1,11,10,1,-1,12,2,3,-1,12,11,2,-1,13,3,4,-1,13,12,3,-1,
  14,4,5,-1,14,13,4,-1,15,5,6,-1,15,6,7,-1,15,14,5,-1,8,15,7,-1]
  normalPerVertex TRUE
  normal DEF NORM_446 Normal { vector [
  0.75417752 -0.65667059 0,0.84883023 -0.52866553 0,
  0.94979099 -0.31288509 0,0.99684705 -0.079347095 0,
  0.98732778 0.15869419 0,0.92177345 0.3877289 0,
  0.82702789 0.5621609 0,0.75417752 0.65667059 0,
  0.75417752 0.65667059 0,0.75417752 -0.65667059 0,
  0.80390454 -0.59475834 0,0.92177345 -0.3877289 0,
  0.98732778 -0.15869419 0,0.99684705 0.079347095 0,
  0.94979099 0.31288509 0,0.82702789 0.5621609 0] }
}
}
DEF SHAPE_447 Shape {
 appearance USE APP_1
 geometry DEF FACE_447 IndexedFaceSet {
  coord DEF COORD_447 Coordinate { point [
  9.61 10.769445 -13.9875,9.61 12.030555 -13.9875,
  9.7429737 10.922163 -13.9875,9.8360506 11.102001 -13.9875,
  9.8839483 11.298752 -13.9875,9.8839483 11.501248 -13.9875,
  9.8360506 11.697999 -13.9875,9.7429737 11.877837 -13.9875] }
 coordIndex [
  6,1,7,-1,5,1,6,-1,0,3,2,-1,0,4,3,-1,0,5,4,-1,0,1,5,-1]
  normalPerVertex TRUE
  normal DEF NORM_447 Normal { vector [
  0 0 -1,0 0 -1,
  0 0 -1,0 0 -1,
  0 0 -1,0 0 -1,
  0 0 -1,0 0 -1] }
}
}
DEF SHAPE_448 Shape {
 appearance USE APP_1
 geometry DEF FACE_448 IndexedFaceSet {
  coord DEF COORD_448 Coordinate { point [
  9.61 10.769445 -12.4125,9.7429737 10.922163 -12.4125,
  9.8360506 11.102001 -12.4125,9.8839483 11.298752 -12.4125,
  9.8839483 11.501248 -12.4125,9.8360506 11.697999 -12.4125,
  9.7429737 11.877837 -12.4125,9.61 12.030555 -12.4125] }
 coordIndex [
  3,4,5,-1,1,2,3,-1,0,5,6,-1,0,6,7,-1,0,3,5,-1,0,1,3,-1]
  normalPerVertex TRUE
  normal DEF NORM_448 Normal { vector [
  0 0 1,0 0 1,
  0 0 1,0 0 1,
  0 0 1,0 0 1,
  0 0 1,0 0 1] }
}
}
DEF SHAPE_449 Shape {
 appearance USE APP_1
 geometry DEF FACE_449 IndexedFaceSet {
  coord DEF COORD_449 Coordinate { point [
  9.61 10.769445 -12.9875,9.7429737 10.922163 -12.9875,
  9.8360506 11.102001 -12.9875,9.8839483 11.298752 -12.9875,
  9.8839483 11.501248 -12.9875,9.8360506 11.697999 -12.9875,
  9.7429737 11.877837 -12.9875,9.61 12.030555 -12.9875,
  9.61 12.030555 -12.4125,9.61 10.769445 -12.4125,
  9.7429737 10.922163 -12.4125,9.8360506 11.102001 -12.4125,
  9.8839483 11.298752 -12.4125,9.8839483 11.501248 -12.4125,
  9.8360506 11.697999 -12.4125,9.7429737 11.877837 -12.4125] }
 coordIndex [
  10,0,1,-1,10,9,0,-1,11,1,2,-1,11,10,1,-1,12,2,3,-1,12,11,2,-1,13,3,4,-1,13,12,3,-1,
  14,4,5,-1,14,13,4,-1,15,5,6,-1,15,6,7,-1,15,14,5,-1,8,15,7,-1]
  normalPerVertex TRUE
  normal DEF NORM_449 Normal { vector [
  0.75417752 -0.65667059 0,0.84883023 -0.52866553 0,
  0.94979099 -0.31288509 0,0.99684705 -0.079347095 0,
  0.98732778 0.15869419 0,0.92177345 0.3877289 0,
  0.82702789 0.5621609 0,0.75417752 0.65667059 0,
  0.75417752 0.65667059 0,0.75417752 -0.65667059 0,
  0.80390454 -0.59475834 0,0.92177345 -0.3877289 0,
  0.98732778 -0.15869419 0,0.99684705 0.079347095 0,
  0.94979099 0.31288509 0,0.82702789 0.5621609 0] }
}
}
DEF SHAPE_450 Shape {
 appearance USE APP_1
 geometry DEF FACE_450 IndexedFaceSet {
  coord DEF COORD_450 Coordinate { point [
  9.61 10.769445 -12.9875,9.61 12.030555 -12.9875,
  9.7429737 10.922163 -12.9875,9.8360506 11.102001 -12.9875,
  9.8839483 11.298752 -12.9875,9.8839483 11.501248 -12.9875,
  9.8360506 11.697999 -12.9875,9.7429737 11.877837 -12.9875] }
 coordIndex [
  6,1,7,-1,5,1,6,-1,0,3,2,-1,0,4,3,-1,0,5,4,-1,0,1,5,-1]
  normalPerVertex TRUE
  normal DEF NORM_450 Normal { vector [
  0 0 -1,0 0 -1,
  0 0 -1,0 0 -1,
  0 0 -1,0 0 -1,
  0 0 -1,0 0 -1] }
}
}
DEF SHAPE_451 Shape {
 appearance USE APP_1
 geometry DEF FACE_451 IndexedFaceSet {
  coord DEF COORD_451 Coordinate { point [
  9.61 10.769445 -11.4125,9.7429737 10.922163 -11.4125,
  9.8360506 11.102001 -11.4125,9.8839483 11.298752 -11.4125,
  9.8839483 11.501248 -11.4125,9.8360506 11.697999 -11.4125,
  9.7429737 11.877837 -11.4125,9.61 12.030555 -11.4125] }
 coordIndex [
  3,4,5,-1,1,2,3,-1,0,5,6,-1,0,6,7,-1,0,3,5,-1,0,1,3,-1]
  normalPerVertex TRUE
  normal DEF NORM_451 Normal { vector [
  0 0 1,0 0 1,
  0 0 1,0 0 1,
  0 0 1,0 0 1,
  0 0 1,0 0 1] }
}
}
DEF SHAPE_452 Shape {
 appearance USE APP_1
 geometry DEF FACE_452 IndexedFaceSet {
  coord DEF COORD_452 Coordinate { point [
  9.61 10.769445 -11.9875,9.7429737 10.922163 -11.9875,
  9.8360506 11.102001 -11.9875,9.8839483 11.298752 -11.9875,
  9.8839483 11.501248 -11.9875,9.8360506 11.697999 -11.9875,
  9.7429737 11.877837 -11.9875,9.61 12.030555 -11.9875,
  9.61 12.030555 -11.4125,9.61 10.769445 -11.4125,
  9.7429737 10.922163 -11.4125,9.8360506 11.102001 -11.4125,
  9.8839483 11.298752 -11.4125,9.8839483 11.501248 -11.4125,
  9.8360506 11.697999 -11.4125,9.7429737 11.877837 -11.4125] }
 coordIndex [
  10,0,1,-1,10,9,0,-1,11,1,2,-1,11,10,1,-1,12,2,3,-1,12,11,2,-1,13,3,4,-1,13,12,3,-1,
  14,4,5,-1,14,13,4,-1,15,5,6,-1,15,6,7,-1,15,14,5,-1,8,15,7,-1]
  normalPerVertex TRUE
  normal DEF NORM_452 Normal { vector [
  0.75417752 -0.65667059 0,0.84883023 -0.52866553 0,
  0.94979099 -0.31288509 0,0.99684705 -0.079347095 0,
  0.98732778 0.15869419 0,0.92177345 0.3877289 0,
  0.82702789 0.5621609 0,0.75417752 0.65667059 0,
  0.75417752 0.65667059 0,0.75417752 -0.65667059 0,
  0.80390454 -0.59475834 0,0.92177345 -0.3877289 0,
  0.98732778 -0.15869419 0,0.99684705 0.079347095 0,
  0.94979099 0.31288509 0,0.82702789 0.5621609 0] }
}
}
DEF SHAPE_453 Shape {
 appearance USE APP_1
 geometry DEF FACE_453 IndexedFaceSet {
  coord DEF COORD_453 Coordinate { point [
  9.61 10.769445 -11.9875,9.61 12.030555 -11.9875,
  9.7429737 10.922163 -11.9875,9.8360506 11.102001 -11.9875,
  9.8839483 11.298752 -11.9875,9.8839483 11.501248 -11.9875,
  9.8360506 11.697999 -11.9875,9.7429737 11.877837 -11.9875] }
 coordIndex [
  6,1,7,-1,5,1,6,-1,0,3,2,-1,0,4,3,-1,0,5,4,-1,0,1,5,-1]
  normalPerVertex TRUE
  normal DEF NORM_453 Normal { vector [
  0 0 -1,0 0 -1,
  0 0 -1,0 0 -1,
  0 0 -1,0 0 -1,
  0 0 -1,0 0 -1] }
}
}
DEF SHAPE_454 Shape {
 appearance USE APP_1
 geometry DEF FACE_454 IndexedFaceSet {
  coord DEF COORD_454 Coordinate { point [
  9.61 10.769445 -10.4125,9.7429737 10.922163 -10.4125,
  9.8360506 11.102001 -10.4125,9.8839483 11.298752 -10.4125,
  9.8839483 11.501248 -10.4125,9.8360506 11.697999 -10.4125,
  9.7429737 11.877837 -10.4125,9.61 12.030555 -10.4125] }
 coordIndex [
  3,4,5,-1,1,2,3,-1,0,5,6,-1,0,6,7,-1,0,3,5,-1,0,1,3,-1]
  normalPerVertex TRUE
  normal DEF NORM_454 Normal { vector [
  0 0 1,0 0 1,
  0 0 1,0 0 1,
  0 0 1,0 0 1,
  0 0 1,0 0 1] }
}
}
DEF SHAPE_455 Shape {
 appearance USE APP_1
 geometry DEF FACE_455 IndexedFaceSet {
  coord DEF COORD_455 Coordinate { point [
  9.61 10.769445 -10.9875,9.7429737 10.922163 -10.9875,
  9.8360506 11.102001 -10.9875,9.8839483 11.298752 -10.9875,
  9.8839483 11.501248 -10.9875,9.8360506 11.697999 -10.9875,
  9.7429737 11.877837 -10.9875,9.61 12.030555 -10.9875,
  9.61 12.030555 -10.4125,9.61 10.769445 -10.4125,
  9.7429737 10.922163 -10.4125,9.8360506 11.102001 -10.4125,
  9.8839483 11.298752 -10.4125,9.8839483 11.501248 -10.4125,
  9.8360506 11.697999 -10.4125,9.7429737 11.877837 -10.4125] }
 coordIndex [
  10,0,1,-1,10,9,0,-1,11,1,2,-1,11,10,1,-1,12,2,3,-1,12,11,2,-1,13,3,4,-1,13,12,3,-1,
  14,4,5,-1,14,13,4,-1,15,5,6,-1,15,6,7,-1,15,14,5,-1,8,15,7,-1]
  normalPerVertex TRUE
  normal DEF NORM_455 Normal { vector [
  0.75417752 -0.65667059 0,0.84883023 -0.52866553 0,
  0.94979099 -0.31288509 0,0.99684705 -0.079347095 0,
  0.98732778 0.15869419 0,0.92177345 0.3877289 0,
  0.82702789 0.5621609 0,0.75417752 0.65667059 0,
  0.75417752 0.65667059 0,0.75417752 -0.65667059 0,
  0.80390454 -0.59475834 0,0.92177345 -0.3877289 0,
  0.98732778 -0.15869419 0,0.99684705 0.079347095 0,
  0.94979099 0.31288509 0,0.82702789 0.5621609 0] }
}
}
DEF SHAPE_456 Shape {
 appearance USE APP_1
 geometry DEF FACE_456 IndexedFaceSet {
  coord DEF COORD_456 Coordinate { point [
  9.61 10.769445 -10.9875,9.61 12.030555 -10.9875,
  9.7429737 10.922163 -10.9875,9.8360506 11.102001 -10.9875,
  9.8839483 11.298752 -10.9875,9.8839483 11.501248 -10.9875,
  9.8360506 11.697999 -10.9875,9.7429737 11.877837 -10.9875] }
 coordIndex [
  6,1,7,-1,5,1,6,-1,0,3,2,-1,0,4,3,-1,0,5,4,-1,0,1,5,-1]
  normalPerVertex TRUE
  normal DEF NORM_456 Normal { vector [
  0 0 -1,0 0 -1,
  0 0 -1,0 0 -1,
  0 0 -1,0 0 -1,
  0 0 -1,0 0 -1] }
}
}
DEF SHAPE_457 Shape {
 appearance USE APP_1
 geometry DEF FACE_457 IndexedFaceSet {
  coord DEF COORD_457 Coordinate { point [
  9.61 10.769445 -9.4125,9.7429737 10.922163 -9.4125,
  9.8360506 11.102001 -9.4125,9.8839483 11.298752 -9.4125,
  9.8839483 11.501248 -9.4125,9.8360506 11.697999 -9.4125,
  9.7429737 11.877837 -9.4125,9.61 12.030555 -9.4125] }
 coordIndex [
  3,4,5,-1,1,2,3,-1,0,5,6,-1,0,6,7,-1,0,3,5,-1,0,1,3,-1]
  normalPerVertex TRUE
  normal DEF NORM_457 Normal { vector [
  0 0 1,0 0 1,
  0 0 1,0 0 1,
  0 0 1,0 0 1,
  0 0 1,0 0 1] }
}
}
DEF SHAPE_458 Shape {
 appearance USE APP_1
 geometry DEF FACE_458 IndexedFaceSet {
  coord DEF COORD_458 Coordinate { point [
  9.61 10.769445 -9.9875,9.7429737 10.922163 -9.9875,
  9.8360506 11.102001 -9.9875,9.8839483 11.298752 -9.9875,
  9.8839483 11.501248 -9.9875,9.8360506 11.697999 -9.9875,
  9.7429737 11.877837 -9.9875,9.61 12.030555 -9.9875,
  9.61 12.030555 -9.4125,9.61 10.769445 -9.4125,
  9.7429737 10.922163 -9.4125,9.8360506 11.102001 -9.4125,
  9.8839483 11.298752 -9.4125,9.8839483 11.501248 -9.4125,
  9.8360506 11.697999 -9.4125,9.7429737 11.877837 -9.4125] }
 coordIndex [
  10,0,1,-1,10,9,0,-1,11,1,2,-1,11,10,1,-1,12,2,3,-1,12,11,2,-1,13,3,4,-1,13,12,3,-1,
  14,4,5,-1,14,13,4,-1,15,5,6,-1,15,6,7,-1,15,14,5,-1,8,15,7,-1]
  normalPerVertex TRUE
  normal DEF NORM_458 Normal { vector [
  0.75417752 -0.65667059 0,0.84883023 -0.52866553 0,
  0.94979099 -0.31288509 0,0.99684705 -0.079347095 0,
  0.98732778 0.15869419 0,0.92177345 0.3877289 0,
  0.82702789 0.5621609 0,0.75417752 0.65667059 0,
  0.75417752 0.65667059 0,0.75417752 -0.65667059 0,
  0.80390454 -0.59475834 0,0.92177345 -0.3877289 0,
  0.98732778 -0.15869419 0,0.99684705 0.079347095 0,
  0.94979099 0.31288509 0,0.82702789 0.5621609 0] }
}
}
DEF SHAPE_459 Shape {
 appearance USE APP_1
 geometry DEF FACE_459 IndexedFaceSet {
  coord DEF COORD_459 Coordinate { point [
  9.61 10.769445 -9.9875,9.61 12.030555 -9.9875,
  9.7429737 10.922163 -9.9875,9.8360506 11.102001 -9.9875,
  9.8839483 11.298752 -9.9875,9.8839483 11.501248 -9.9875,
  9.8360506 11.697999 -9.9875,9.7429737 11.877837 -9.9875] }
 coordIndex [
  6,1,7,-1,5,1,6,-1,0,3,2,-1,0,4,3,-1,0,5,4,-1,0,1,5,-1]
  normalPerVertex TRUE
  normal DEF NORM_459 Normal { vector [
  0 0 -1,0 0 -1,
  0 0 -1,0 0 -1,
  0 0 -1,0 0 -1,
  0 0 -1,0 0 -1] }
}
}
DEF SHAPE_460 Shape {
 appearance USE APP_1
 geometry DEF FACE_460 IndexedFaceSet {
  coord DEF COORD_460 Coordinate { point [
  10.8765 16.1 -0.82,10.8765 17.35 -0.82,
  11.0335 17.35 -0.82,11.0335 16.1 -0.82] }
 coordIndex [
  1,2,3,-1,1,3,0,-1]
  normalPerVertex TRUE
  normal DEF NORM_460 Normal { vector [
  0 0 -1,0 0 -1,
  0 0 -1,0 0 -1] }
}
}
DEF SHAPE_461 Shape {
 appearance USE APP_1
 geometry DEF FACE_461 IndexedFaceSet {
  coord DEF COORD_461 Coordinate { point [
  11.0335 16.1 -0.58,11.0335 17.35 -0.58,
  10.8765 17.35 -0.58,10.8765 16.1 -0.58] }
 coordIndex [
  1,2,3,-1,1,3,0,-1]
  normalPerVertex TRUE
  normal DEF NORM_461 Normal { vector [
  0 0 1,0 0 1,
  0 0 1,0 0 1] }
}
}
DEF SHAPE_462 Shape {
 appearance USE APP_1
 geometry DEF FACE_462 IndexedFaceSet {
  coord DEF COORD_462 Coordinate { point [
  11.0335 17.35 -0.82,10.8765 17.35 -0.82,
  10.8765 17.35 -0.58,11.0335 17.35 -0.58] }
 coordIndex [
  1,2,3,-1,1,3,0,-1]
  normalPerVertex TRUE
  normal DEF NORM_462 Normal { vector [
  0 1 0,0 1 0,
  0 1 0,0 1 0] }
}
}
DEF SHAPE_463 Shape {
 appearance USE APP_1
 geometry DEF FACE_463 IndexedFaceSet {
  coord DEF COORD_463 Coordinate { point [
  10.8765 16.1 -1.82,10.8765 17.35 -1.82,
  11.0335 17.35 -1.82,11.0335 16.1 -1.82] }
 coordIndex [
  1,2,3,-1,1,3,0,-1]
  normalPerVertex TRUE
  normal DEF NORM_463 Normal { vector [
  0 0 -1,0 0 -1,
  0 0 -1,0 0 -1] }
}
}
DEF SHAPE_464 Shape {
 appearance USE APP_1
 geometry DEF FACE_464 IndexedFaceSet {
  coord DEF COORD_464 Coordinate { point [
  11.0335 16.1 -1.58,11.0335 17.35 -1.58,
  10.8765 17.35 -1.58,10.8765 16.1 -1.58] }
 coordIndex [
  1,2,3,-1,1,3,0,-1]
  normalPerVertex TRUE
  normal DEF NORM_464 Normal { vector [
  0 0 1,0 0 1,
  0 0 1,0 0 1] }
}
}
DEF SHAPE_465 Shape {
 appearance USE APP_1
 geometry DEF FACE_465 IndexedFaceSet {
  coord DEF COORD_465 Coordinate { point [
  11.0335 17.35 -1.82,10.8765 17.35 -1.82,
  10.8765 17.35 -1.58,11.0335 17.35 -1.58] }
 coordIndex [
  0,2,3,-1,1,2,0,-1]
  normalPerVertex TRUE
  normal DEF NORM_465 Normal { vector [
  0 1 0,0 1 0,
  0 1 0,0 1 0] }
}
}
DEF SHAPE_466 Shape {
 appearance USE APP_1
 geometry DEF FACE_466 IndexedFaceSet {
  coord DEF COORD_466 Coordinate { point [
  10.8765 16.1 -2.82,10.8765 17.35 -2.82,
  11.0335 17.35 -2.82,11.0335 16.1 -2.82] }
 coordIndex [
  1,2,3,-1,1,3,0,-1]
  normalPerVertex TRUE
  normal DEF NORM_466 Normal { vector [
  0 0 -1,0 0 -1,
  0 0 -1,0 0 -1] }
}
}
DEF SHAPE_467 Shape {
 appearance USE APP_1
 geometry DEF FACE_467 IndexedFaceSet {
  coord DEF COORD_467 Coordinate { point [
  11.0335 16.1 -2.58,11.0335 17.35 -2.58,
  10.8765 17.35 -2.58,10.8765 16.1 -2.58] }
 coordIndex [
  1,2,3,-1,1,3,0,-1]
  normalPerVertex TRUE
  normal DEF NORM_467 Normal { vector [
  0 0 1,0 0 1,
  0 0 1,0 0 1] }
}
}
DEF SHAPE_468 Shape {
 appearance USE APP_1
 geometry DEF FACE_468 IndexedFaceSet {
  coord DEF COORD_468 Coordinate { point [
  11.0335 17.35 -2.82,10.8765 17.35 -2.82,
  10.8765 17.35 -2.58,11.0335 17.35 -2.58] }
 coordIndex [
  1,2,3,-1,1,3,0,-1]
  normalPerVertex TRUE
  normal DEF NORM_468 Normal { vector [
  0 1 0,0 1 0,
  0 1 0,0 1 0] }
}
}
DEF SHAPE_469 Shape {
 appearance USE APP_1
 geometry DEF FACE_469 IndexedFaceSet {
  coord DEF COORD_469 Coordinate { point [
  10.8765 16.1 -3.82,10.8765 17.35 -3.82,
  11.0335 17.35 -3.82,11.0335 16.1 -3.82] }
 coordIndex [
  1,2,3,-1,1,3,0,-1]
  normalPerVertex TRUE
  normal DEF NORM_469 Normal { vector [
  0 0 -1,0 0 -1,
  0 0 -1,0 0 -1] }
}
}
DEF SHAPE_470 Shape {
 appearance USE APP_1
 geometry DEF FACE_470 IndexedFaceSet {
  coord DEF COORD_470 Coordinate { point [
  11.0335 16.1 -3.58,11.0335 17.35 -3.58,
  10.8765 17.35 -3.58,10.8765 16.1 -3.58] }
 coordIndex [
  1,2,3,-1,1,3,0,-1]
  normalPerVertex TRUE
  normal DEF NORM_470 Normal { vector [
  0 0 1,0 0 1,
  0 0 1,0 0 1] }
}
}
DEF SHAPE_471 Shape {
 appearance USE APP_1
 geometry DEF FACE_471 IndexedFaceSet {
  coord DEF COORD_471 Coordinate { point [
  11.0335 17.35 -3.82,10.8765 17.35 -3.82,
  10.8765 17.35 -3.58,11.0335 17.35 -3.58] }
 coordIndex [
  1,2,3,-1,1,3,0,-1]
  normalPerVertex TRUE
  normal DEF NORM_471 Normal { vector [
  0 1 0,0 1 0,
  0 1 0,0 1 0] }
}
}
DEF SHAPE_472 Shape {
 appearance USE APP_1
 geometry DEF FACE_472 IndexedFaceSet {
  coord DEF COORD_472 Coordinate { point [
  10.8765 16.1 -4.82,10.8765 17.35 -4.82,
  11.0335 17.35 -4.82,11.0335 16.1 -4.82] }
 coordIndex [
  1,2,3,-1,1,3,0,-1]
  normalPerVertex TRUE
  normal DEF NORM_472 Normal { vector [
  0 0 -1,0 0 -1,
  0 0 -1,0 0 -1] }
}
}
DEF SHAPE_473 Shape {
 appearance USE APP_1
 geometry DEF FACE_473 IndexedFaceSet {
  coord DEF COORD_473 Coordinate { point [
  11.0335 16.1 -4.58,11.0335 17.35 -4.58,
  10.8765 17.35 -4.58,10.8765 16.1 -4.58] }
 coordIndex [
  1,2,3,-1,1,3,0,-1]
  normalPerVertex TRUE
  normal DEF NORM_473 Normal { vector [
  0 0 1,0 0 1,
  0 0 1,0 0 1] }
}
}
DEF SHAPE_474 Shape {
 appearance USE APP_1
 geometry DEF FACE_474 IndexedFaceSet {
  coord DEF COORD_474 Coordinate { point [
  11.0335 17.35 -4.82,10.8765 17.35 -4.82,
  10.8765 17.35 -4.58,11.0335 17.35 -4.58] }
 coordIndex [
  1,2,3,-1,1,3,0,-1]
  normalPerVertex TRUE
  normal DEF NORM_474 Normal { vector [
  0 1 0,0 1 0,
  0 1 0,0 1 0] }
}
}
DEF SHAPE_475 Shape {
 appearance USE APP_1
 geometry DEF FACE_475 IndexedFaceSet {
  coord DEF COORD_475 Coordinate { point [
  10.8765 16.1 -5.82,10.8765 17.35 -5.82,
  11.0335 17.35 -5.82,11.0335 16.1 -5.82] }
 coordIndex [
  1,2,3,-1,1,3,0,-1]
  normalPerVertex TRUE
  normal DEF NORM_475 Normal { vector [
  0 0 -1,0 0 -1,
  0 0 -1,0 0 -1] }
}
}
DEF SHAPE_476 Shape {
 appearance USE APP_1
 geometry DEF FACE_476 IndexedFaceSet {
  coord DEF COORD_476 Coordinate { point [
  11.0335 16.1 -5.58,11.0335 17.35 -5.58,
  10.8765 17.35 -5.58,10.8765 16.1 -5.58] }
 coordIndex [
  1,2,3,-1,1,3,0,-1]
  normalPerVertex TRUE
  normal DEF NORM_476 Normal { vector [
  0 0 1,0 0 1,
  0 0 1,0 0 1] }
}
}
DEF SHAPE_477 Shape {
 appearance USE APP_1
 geometry DEF FACE_477 IndexedFaceSet {
  coord DEF COORD_477 Coordinate { point [
  11.0335 17.35 -5.82,10.8765 17.35 -5.82,
  10.8765 17.35 -5.58,11.0335 17.35 -5.58] }
 coordIndex [
  1,2,3,-1,1,3,0,-1]
  normalPerVertex TRUE
  normal DEF NORM_477 Normal { vector [
  0 1 0,0 1 0,
  0 1 0,0 1 0] }
}
}
DEF SHAPE_478 Shape {
 appearance USE APP_1
 geometry DEF FACE_478 IndexedFaceSet {
  coord DEF COORD_478 Coordinate { point [
  10.8765 16.1 -6.82,10.8765 17.35 -6.82,
  11.0335 17.35 -6.82,11.0335 16.1 -6.82] }
 coordIndex [
  1,2,3,-1,1,3,0,-1]
  normalPerVertex TRUE
  normal DEF NORM_478 Normal { vector [
  0 0 -1,0 0 -1,
  0 0 -1,0 0 -1] }
}
}
DEF SHAPE_479 Shape {
 appearance USE APP_1
 geometry DEF FACE_479 IndexedFaceSet {
  coord DEF COORD_479 Coordinate { point [
  11.0335 16.1 -6.58,11.0335 17.35 -6.58,
  10.8765 17.35 -6.58,10.8765 16.1 -6.58] }
 coordIndex [
  1,2,3,-1,1,3,0,-1]
  normalPerVertex TRUE
  normal DEF NORM_479 Normal { vector [
  0 0 1,0 0 1,
  0 0 1,0 0 1] }
}
}
DEF SHAPE_480 Shape {
 appearance USE APP_1
 geometry DEF FACE_480 IndexedFaceSet {
  coord DEF COORD_480 Coordinate { point [
  11.0335 17.35 -6.82,10.8765 17.35 -6.82,
  10.8765 17.35 -6.58,11.0335 17.35 -6.58] }
 coordIndex [
  1,2,3,-1,1,3,0,-1]
  normalPerVertex TRUE
  normal DEF NORM_480 Normal { vector [
  0 1 0,0 1 0,
  0 1 0,0 1 0] }
}
}
DEF SHAPE_481 Shape {
 appearance USE APP_1
 geometry DEF FACE_481 IndexedFaceSet {
  coord DEF COORD_481 Coordinate { point [
  10.83 15.55 -0.56,10.83 15.55 -0.86,
  10.787447 15.55 -0.86,10.787447 15.55 -0.62666667,
  10.600213 15.55 -0.835,10.574681 15.55 -0.85166667,
  10.540638 15.55 -0.86,10.523617 15.55 -0.86,
  10.489574 15.55 -0.85166667,10.455532 15.55 -0.81833333,
  10.438511 15.55 -0.785,10.43 15.55 -0.735,
  10.43 15.55 -0.70166666,10.438511 15.55 -0.64333333,
  10.455532 15.55 -0.61,10.489574 15.55 -0.57666667,
  10.523617 15.55 -0.56833333,10.523617 15.55 -0.61,
  10.498085 15.55 -0.62666667,10.481064 15.55 -0.65166667,
  10.472553 15.55 -0.69333334,10.472553 15.55 -0.72666666,
  10.481064 15.55 -0.76833333,10.498085 15.55 -0.79333333,
  10.523617 15.55 -0.81,10.540638 15.55 -0.81,
  10.574681 15.55 -0.79333333,10.787447 15.55 -0.56] }
 coordIndex [
  3,27,0,-1,1,3,0,-1,2,3,1,-1,15,16,17,-1,18,15,17,-1,14,15,18,-1,19,14,18,-1,13,14,19,-1,
  20,13,19,-1,4,26,3,-1,12,20,21,-1,12,13,20,-1,5,25,26,-1,5,26,4,-1,11,21,22,-1,11,12,21,-1,
  6,25,5,-1,7,24,25,-1,7,25,6,-1,10,11,22,-1,8,23,24,-1,8,24,7,-1,9,22,23,-1,9,23,8,-1,
  9,10,22,-1,26,27,3,-1]
  normalPerVertex TRUE
  normal DEF NORM_481 Normal { vector [
  0 1 0,0 1 0,
  0 1 0,0 1 0,
  0 1 0,0 1 0,
  0 1 0,0 1 0,
  0 1 0,0 1 0,
  0 1 0,0 1 0,
  0 1 0,0 1 0,
  0 1 0,0 1 0,
  0 1 0,0 1 0,
  0 1 0,0 1 0,
  0 1 0,0 1 0,
  0 1 0,0 1 0,
  0 1 0,0 1 0,
  0 1 0,0 1 0] }
}
}
DEF SHAPE_482 Shape {
 appearance USE APP_1
 geometry DEF FACE_482 IndexedFaceSet {
  coord DEF COORD_482 Coordinate { point [
  10.8765 16.1 -7.82,10.8765 17.35 -7.82,
  11.0335 17.35 -7.82,11.0335 16.1 -7.82] }
 coordIndex [
  1,2,3,-1,1,3,0,-1]
  normalPerVertex TRUE
  normal DEF NORM_482 Normal { vector [
  0 0 -1,0 0 -1,
  0 0 -1,0 0 -1] }
}
}
DEF SHAPE_483 Shape {
 appearance USE APP_1
 geometry DEF FACE_483 IndexedFaceSet {
  coord DEF COORD_483 Coordinate { point [
  11.0335 16.1 -7.58,11.0335 17.35 -7.58,
  10.8765 17.35 -7.58,10.8765 16.1 -7.58] }
 coordIndex [
  1,2,3,-1,1,3,0,-1]
  normalPerVertex TRUE
  normal DEF NORM_483 Normal { vector [
  0 0 1,0 0 1,
  0 0 1,0 0 1] }
}
}
DEF SHAPE_484 Shape {
 appearance USE APP_1
 geometry DEF FACE_484 IndexedFaceSet {
  coord DEF COORD_484 Coordinate { point [
  11.0335 17.35 -7.82,10.8765 17.35 -7.82,
  10.8765 17.35 -7.58,11.0335 17.35 -7.58] }
 coordIndex [
  1,2,3,-1,1,3,0,-1]
  normalPerVertex TRUE
  normal DEF NORM_484 Normal { vector [
  0 1 0,0 1 0,
  0 1 0,0 1 0] }
}
}
DEF SHAPE_485 Shape {
 appearance USE APP_1
 geometry DEF FACE_485 IndexedFaceSet {
  coord DEF COORD_485 Coordinate { point [
  10.8765 16.1 -8.82,10.8765 17.35 -8.82,
  11.0335 17.35 -8.82,11.0335 16.1 -8.82] }
 coordIndex [
  1,2,3,-1,1,3,0,-1]
  normalPerVertex TRUE
  normal DEF NORM_485 Normal { vector [
  0 0 -1,0 0 -1,
  0 0 -1,0 0 -1] }
}
}
DEF SHAPE_486 Shape {
 appearance USE APP_1
 geometry DEF FACE_486 IndexedFaceSet {
  coord DEF COORD_486 Coordinate { point [
  11.0335 16.1 -8.58,11.0335 17.35 -8.58,
  10.8765 17.35 -8.58,10.8765 16.1 -8.58] }
 coordIndex [
  1,2,3,-1,1,3,0,-1]
  normalPerVertex TRUE
  normal DEF NORM_486 Normal { vector [
  0 0 1,0 0 1,
  0 0 1,0 0 1] }
}
}
DEF SHAPE_487 Shape {
 appearance USE APP_1
 geometry DEF FACE_487 IndexedFaceSet {
  coord DEF COORD_487 Coordinate { point [
  11.0335 17.35 -8.82,10.8765 17.35 -8.82,
  10.8765 17.35 -8.58,11.0335 17.35 -8.58] }
 coordIndex [
  1,2,3,-1,1,3,0,-1]
  normalPerVertex TRUE
  normal DEF NORM_487 Normal { vector [
  0 1 0,0 1 0,
  0 1 0,0 1 0] }
}
}
DEF SHAPE_488 Shape {
 appearance USE APP_1
 geometry DEF FACE_488 IndexedFaceSet {
  coord DEF COORD_488 Coordinate { point [
  10.8765 16.1 -9.82,10.8765 17.35 -9.82,
  11.0335 17.35 -9.82,11.0335 16.1 -9.82] }
 coordIndex [
  1,2,3,-1,1,3,0,-1]
  normalPerVertex TRUE
  normal DEF NORM_488 Normal { vector [
  0 0 -1,0 0 -1,
  0 0 -1,0 0 -1] }
}
}
DEF SHAPE_489 Shape {
 appearance USE APP_1
 geometry DEF FACE_489 IndexedFaceSet {
  coord DEF COORD_489 Coordinate { point [
  11.0335 16.1 -9.58,11.0335 17.35 -9.58,
  10.8765 17.35 -9.58,10.8765 16.1 -9.58] }
 coordIndex [
  1,2,3,-1,1,3,0,-1]
  normalPerVertex TRUE
  normal DEF NORM_489 Normal { vector [
  0 0 1,0 0 1,
  0 0 1,0 0 1] }
}
}
DEF SHAPE_490 Shape {
 appearance USE APP_1
 geometry DEF FACE_490 IndexedFaceSet {
  coord DEF COORD_490 Coordinate { point [
  11.0335 17.35 -9.82,10.8765 17.35 -9.82,
  10.8765 17.35 -9.58,11.0335 17.35 -9.58] }
 coordIndex [
  1,2,3,-1,1,3,0,-1]
  normalPerVertex TRUE
  normal DEF NORM_490 Normal { vector [
  0 1 0,0 1 0,
  0 1 0,0 1 0] }
}
}
DEF SHAPE_491 Shape {
 appearance USE APP_1
 geometry DEF FACE_491 IndexedFaceSet {
  coord DEF COORD_491 Coordinate { point [
  10.8765 16.1 -10.82,10.8765 17.35 -10.82,
  11.0335 17.35 -10.82,11.0335 16.1 -10.82] }
 coordIndex [
  1,2,3,-1,1,3,0,-1]
  normalPerVertex TRUE
  normal DEF NORM_491 Normal { vector [
  0 0 -1,0 0 -1,
  0 0 -1,0 0 -1] }
}
}
DEF SHAPE_492 Shape {
 appearance USE APP_1
 geometry DEF FACE_492 IndexedFaceSet {
  coord DEF COORD_492 Coordinate { point [
  11.0335 16.1 -10.58,11.0335 17.35 -10.58,
  10.8765 17.35 -10.58,10.8765 16.1 -10.58] }
 coordIndex [
  1,2,3,-1,1,3,0,-1]
  normalPerVertex TRUE
  normal DEF NORM_492 Normal { vector [
  0 0 1,0 0 1,
  0 0 1,0 0 1] }
}
}
DEF SHAPE_493 Shape {
 appearance USE APP_1
 geometry DEF FACE_493 IndexedFaceSet {
  coord DEF COORD_493 Coordinate { point [
  11.0335 17.35 -10.82,10.8765 17.35 -10.82,
  10.8765 17.35 -10.58,11.0335 17.35 -10.58] }
 coordIndex [
  1,2,3,-1,1,3,0,-1]
  normalPerVertex TRUE
  normal DEF NORM_493 Normal { vector [
  0 1 0,0 1 0,
  0 1 0,0 1 0] }
}
}
DEF SHAPE_494 Shape {
 appearance USE APP_1
 geometry DEF FACE_494 IndexedFaceSet {
  coord DEF COORD_494 Coordinate { point [
  10.8765 16.1 -11.82,10.8765 17.35 -11.82,
  11.0335 17.35 -11.82,11.0335 16.1 -11.82] }
 coordIndex [
  1,2,3,-1,1,3,0,-1]
  normalPerVertex TRUE
  normal DEF NORM_494 Normal { vector [
  0 0 -1,0 0 -1,
  0 0 -1,0 0 -1] }
}
}
DEF SHAPE_495 Shape {
 appearance USE APP_1
 geometry DEF FACE_495 IndexedFaceSet {
  coord DEF COORD_495 Coordinate { point [
  11.0335 16.1 -11.58,11.0335 17.35 -11.58,
  10.8765 17.35 -11.58,10.8765 16.1 -11.58] }
 coordIndex [
  1,2,3,-1,1,3,0,-1]
  normalPerVertex TRUE
  normal DEF NORM_495 Normal { vector [
  0 0 1,0 0 1,
  0 0 1,0 0 1] }
}
}
DEF SHAPE_496 Shape {
 appearance USE APP_1
 geometry DEF FACE_496 IndexedFaceSet {
  coord DEF COORD_496 Coordinate { point [
  11.0335 17.35 -11.82,10.8765 17.35 -11.82,
  10.8765 17.35 -11.58,11.0335 17.35 -11.58] }
 coordIndex [
  1,2,3,-1,1,3,0,-1]
  normalPerVertex TRUE
  normal DEF NORM_496 Normal { vector [
  0 1 0,0 1 0,
  0 1 0,0 1 0] }
}
}
DEF SHAPE_497 Shape {
 appearance USE APP_1
 geometry DEF FACE_497 IndexedFaceSet {
  coord DEF COORD_497 Coordinate { point [
  10.8765 16.1 -12.82,10.8765 17.35 -12.82,
  11.0335 17.35 -12.82,11.0335 16.1 -12.82] }
 coordIndex [
  2,3,0,-1,1,2,0,-1]
  normalPerVertex TRUE
  normal DEF NORM_497 Normal { vector [
  0 0 -1,0 0 -1,
  0 0 -1,0 0 -1] }
}
}
DEF SHAPE_498 Shape {
 appearance USE APP_1
 geometry DEF FACE_498 IndexedFaceSet {
  coord DEF COORD_498 Coordinate { point [
  11.0335 16.1 -12.58,11.0335 17.35 -12.58,
  10.8765 17.35 -12.58,10.8765 16.1 -12.58] }
 coordIndex [
  1,2,3,-1,1,3,0,-1]
  normalPerVertex TRUE
  normal DEF NORM_498 Normal { vector [
  0 0 1,0 0 1,
  0 0 1,0 0 1] }
}
}
DEF SHAPE_499 Shape {
 appearance USE APP_1
 geometry DEF FACE_499 IndexedFaceSet {
  coord DEF COORD_499 Coordinate { point [
  11.0335 17.35 -12.82,10.8765 17.35 -12.82,
  10.8765 17.35 -12.58,11.0335 17.35 -12.58] }
 coordIndex [
  1,2,3,-1,1,3,0,-1]
  normalPerVertex TRUE
  normal DEF NORM_499 Normal { vector [
  0 1 0,0 1 0,
  0 1 0,0 1 0] }
}
}
DEF SHAPE_500 Shape {
 appearance USE APP_1
 geometry DEF FACE_500 IndexedFaceSet {
  coord DEF COORD_500 Coordinate { point [
  10.8765 16.1 -13.82,10.8765 17.35 -13.82,
  11.0335 17.35 -13.82,11.0335 16.1 -13.82] }
 coordIndex [
  2,3,0,-1,1,2,0,-1]
  normalPerVertex TRUE
  normal DEF NORM_500 Normal { vector [
  0 0 -1,0 0 -1,
  0 0 -1,0 0 -1] }
}
}
DEF SHAPE_501 Shape {
 appearance USE APP_1
 geometry DEF FACE_501 IndexedFaceSet {
  coord DEF COORD_501 Coordinate { point [
  11.0335 16.1 -13.58,11.0335 17.35 -13.58,
  10.8765 17.35 -13.58,10.8765 16.1 -13.58] }
 coordIndex [
  1,2,3,-1,1,3,0,-1]
  normalPerVertex TRUE
  normal DEF NORM_501 Normal { vector [
  0 0 1,0 0 1,
  0 0 1,0 0 1] }
}
}
DEF SHAPE_502 Shape {
 appearance USE APP_1
 geometry DEF FACE_502 IndexedFaceSet {
  coord DEF COORD_502 Coordinate { point [
  11.0335 17.35 -13.82,10.8765 17.35 -13.82,
  10.8765 17.35 -13.58,11.0335 17.35 -13.58] }
 coordIndex [
  1,2,3,-1,1,3,0,-1]
  normalPerVertex TRUE
  normal DEF NORM_502 Normal { vector [
  0 1 0,0 1 0,
  0 1 0,0 1 0] }
}
}
DEF SHAPE_503 Shape {
 appearance USE APP_1
 geometry DEF FACE_503 IndexedFaceSet {
  coord DEF COORD_503 Coordinate { point [
  10.8765 16.1 -14.82,10.8765 17.35 -14.82,
  11.0335 17.35 -14.82,11.0335 16.1 -14.82] }
 coordIndex [
  2,3,0,-1,1,2,0,-1]
  normalPerVertex TRUE
  normal DEF NORM_503 Normal { vector [
  0 0 -1,0 0 -1,
  0 0 -1,0 0 -1] }
}
}
DEF SHAPE_504 Shape {
 appearance USE APP_1
 geometry DEF FACE_504 IndexedFaceSet {
  coord DEF COORD_504 Coordinate { point [
  11.0335 16.1 -14.58,11.0335 17.35 -14.58,
  10.8765 17.35 -14.58,10.8765 16.1 -14.58] }
 coordIndex [
  2,3,0,-1,1,2,0,-1]
  normalPerVertex TRUE
  normal DEF NORM_504 Normal { vector [
  0 0 1,0 0 1,
  0 0 1,0 0 1] }
}
}
DEF SHAPE_505 Shape {
 appearance USE APP_1
 geometry DEF FACE_505 IndexedFaceSet {
  coord DEF COORD_505 Coordinate { point [
  11.0335 17.35 -14.82,10.8765 17.35 -14.82,
  10.8765 17.35 -14.58,11.0335 17.35 -14.58] }
 coordIndex [
  1,2,3,-1,1,3,0,-1]
  normalPerVertex TRUE
  normal DEF NORM_505 Normal { vector [
  0 1 0,0 1 0,
  0 1 0,0 1 0] }
}
}
DEF SHAPE_506 Shape {
 appearance USE APP_1
 geometry DEF FACE_506 IndexedFaceSet {
  coord DEF COORD_506 Coordinate { point [
  10.8765 16.1 -15.82,10.8765 17.35 -15.82,
  11.0335 17.35 -15.82,11.0335 16.1 -15.82] }
 coordIndex [
  1,2,3,-1,1,3,0,-1]
  normalPerVertex TRUE
  normal DEF NORM_506 Normal { vector [
  0 0 -1,0 0 -1,
  0 0 -1,0 0 -1] }
}
}
DEF SHAPE_507 Shape {
 appearance USE APP_1
 geometry DEF FACE_507 IndexedFaceSet {
  coord DEF COORD_507 Coordinate { point [
  11.0335 16.1 -15.58,11.0335 17.35 -15.58,
  10.8765 17.35 -15.58,10.8765 16.1 -15.58] }
 coordIndex [
  2,3,0,-1,1,2,0,-1]
  normalPerVertex TRUE
  normal DEF NORM_507 Normal { vector [
  0 0 1,0 0 1,
  0 0 1,0 0 1] }
}
}
DEF SHAPE_508 Shape {
 appearance USE APP_1
 geometry DEF FACE_508 IndexedFaceSet {
  coord DEF COORD_508 Coordinate { point [
  11.0335 17.35 -15.82,10.8765 17.35 -15.82,
  10.8765 17.35 -15.58,11.0335 17.35 -15.58] }
 coordIndex [
  1,2,3,-1,1,3,0,-1]
  normalPerVertex TRUE
  normal DEF NORM_508 Normal { vector [
  0 1 0,0 1 0,
  0 1 0,0 1 0] }
}
}
DEF SHAPE_509 Shape {
 appearance USE APP_1
 geometry DEF FACE_509 IndexedFaceSet {
  coord DEF COORD_509 Coordinate { point [
  10.8765 16.1 -16.82,10.8765 17.35 -16.82,
  11.0335 17.35 -16.82,11.0335 16.1 -16.82] }
 coordIndex [
  1,2,3,-1,1,3,0,-1]
  normalPerVertex TRUE
  normal DEF NORM_509 Normal { vector [
  0 0 -1,0 0 -1,
  0 0 -1,0 0 -1] }
}
}
DEF SHAPE_510 Shape {
 appearance USE APP_1
 geometry DEF FACE_510 IndexedFaceSet {
  coord DEF COORD_510 Coordinate { point [
  11.0335 16.1 -16.58,11.0335 17.35 -16.58,
  10.8765 17.35 -16.58,10.8765 16.1 -16.58] }
 coordIndex [
  2,3,0,-1,1,2,0,-1]
  normalPerVertex TRUE
  normal DEF NORM_510 Normal { vector [
  0 0 1,0 0 1,
  0 0 1,0 0 1] }
}
}
DEF SHAPE_511 Shape {
 appearance USE APP_1
 geometry DEF FACE_511 IndexedFaceSet {
  coord DEF COORD_511 Coordinate { point [
  11.0335 17.35 -16.82,10.8765 17.35 -16.82,
  10.8765 17.35 -16.58,11.0335 17.35 -16.58] }
 coordIndex [
  1,2,3,-1,1,3,0,-1]
  normalPerVertex TRUE
  normal DEF NORM_511 Normal { vector [
  0 1 0,0 1 0,
  0 1 0,0 1 0] }
}
}
DEF SHAPE_512 Shape {
 appearance USE APP_1
 geometry DEF FACE_512 IndexedFaceSet {
  coord DEF COORD_512 Coordinate { point [
  10.8765 16.1 -17.82,10.8765 17.35 -17.82,
  11.0335 17.35 -17.82,11.0335 16.1 -17.82] }
 coordIndex [
  1,2,3,-1,1,3,0,-1]
  normalPerVertex TRUE
  normal DEF NORM_512 Normal { vector [
  0 0 -1,0 0 -1,
  0 0 -1,0 0 -1] }
}
}
DEF SHAPE_513 Shape {
 appearance USE APP_1
 geometry DEF FACE_513 IndexedFaceSet {
  coord DEF COORD_513 Coordinate { point [
  11.0335 16.1 -17.58,11.0335 17.35 -17.58,
  10.8765 17.35 -17.58,10.8765 16.1 -17.58] }
 coordIndex [
  1,2,3,-1,1,3,0,-1]
  normalPerVertex TRUE
  normal DEF NORM_513 Normal { vector [
  0 0 1,0 0 1,
  0 0 1,0 0 1] }
}
}
DEF SHAPE_514 Shape {
 appearance USE APP_1
 geometry DEF FACE_514 IndexedFaceSet {
  coord DEF COORD_514 Coordinate { point [
  11.0335 17.35 -17.82,10.8765 17.35 -17.82,
  10.8765 17.35 -17.58,11.0335 17.35 -17.58] }
 coordIndex [
  1,2,3,-1,1,3,0,-1]
  normalPerVertex TRUE
  normal DEF NORM_514 Normal { vector [
  0 1 0,0 1 0,
  0 1 0,0 1 0] }
}
}
DEF SHAPE_515 Shape {
 appearance USE APP_1
 geometry DEF FACE_515 IndexedFaceSet {
  coord DEF COORD_515 Coordinate { point [
  10.8765 16.1 -18.82,10.8765 17.35 -18.82,
  11.0335 17.35 -18.82,11.0335 16.1 -18.82] }
 coordIndex [
  1,2,3,-1,1,3,0,-1]
  normalPerVertex TRUE
  normal DEF NORM_515 Normal { vector [
  0 0 -1,0 0 -1,
  0 0 -1,0 0 -1] }
}
}
DEF SHAPE_516 Shape {
 appearance USE APP_1
 geometry DEF FACE_516 IndexedFaceSet {
  coord DEF COORD_516 Coordinate { point [
  11.0335 16.1 -18.58,11.0335 17.35 -18.58,
  10.8765 17.35 -18.58,10.8765 16.1 -18.58] }
 coordIndex [
  2,3,0,-1,1,2,0,-1]
  normalPerVertex TRUE
  normal DEF NORM_516 Normal { vector [
  0 0 1,0 0 1,
  0 0 1,0 0 1] }
}
}
DEF SHAPE_517 Shape {
 appearance USE APP_1
 geometry DEF FACE_517 IndexedFaceSet {
  coord DEF COORD_517 Coordinate { point [
  11.0335 17.35 -18.82,10.8765 17.35 -18.82,
  10.8765 17.35 -18.58,11.0335 17.35 -18.58] }
 coordIndex [
  1,2,3,-1,1,3,0,-1]
  normalPerVertex TRUE
  normal DEF NORM_517 Normal { vector [
  0 1 0,0 1 0,
  0 1 0,0 1 0] }
}
}
DEF SHAPE_518 Shape {
 appearance USE APP_1
 geometry DEF FACE_518 IndexedFaceSet {
  coord DEF COORD_518 Coordinate { point [
  10.8765 16.1 -19.82,10.8765 17.35 -19.82,
  11.0335 17.35 -19.82,11.0335 16.1 -19.82] }
 coordIndex [
  1,2,3,-1,1,3,0,-1]
  normalPerVertex TRUE
  normal DEF NORM_518 Normal { vector [
  0 0 -1,0 0 -1,
  0 0 -1,0 0 -1] }
}
}
DEF SHAPE_519 Shape {
 appearance USE APP_1
 geometry DEF FACE_519 IndexedFaceSet {
  coord DEF COORD_519 Coordinate { point [
  11.0335 16.1 -19.58,11.0335 17.35 -19.58,
  10.8765 17.35 -19.58,10.8765 16.1 -19.58] }
 coordIndex [
  1,2,3,-1,1,3,0,-1]
  normalPerVertex TRUE
  normal DEF NORM_519 Normal { vector [
  0 0 1,0 0 1,
  0 0 1,0 0 1] }
}
}
DEF SHAPE_520 Shape {
 appearance USE APP_1
 geometry DEF FACE_520 IndexedFaceSet {
  coord DEF COORD_520 Coordinate { point [
  11.0335 17.35 -19.82,10.8765 17.35 -19.82,
  10.8765 17.35 -19.58,11.0335 17.35 -19.58] }
 coordIndex [
  1,2,3,-1,1,3,0,-1]
  normalPerVertex TRUE
  normal DEF NORM_520 Normal { vector [
  0 1 0,0 1 0,
  0 1 0,0 1 0] }
}
}
DEF SHAPE_521 Shape {
 appearance USE APP_1
 geometry DEF FACE_521 IndexedFaceSet {
  coord DEF COORD_521 Coordinate { point [
  10.8765 16.1 -20.82,10.8765 17.35 -20.82,
  11.0335 17.35 -20.82,11.0335 16.1 -20.82] }
 coordIndex [
  1,2,3,-1,1,3,0,-1]
  normalPerVertex TRUE
  normal DEF NORM_521 Normal { vector [
  0 0 -1,0 0 -1,
  0 0 -1,0 0 -1] }
}
}
DEF SHAPE_522 Shape {
 appearance USE APP_1
 geometry DEF FACE_522 IndexedFaceSet {
  coord DEF COORD_522 Coordinate { point [
  11.0335 16.1 -20.58,11.0335 17.35 -20.58,
  10.8765 17.35 -20.58,10.8765 16.1 -20.58] }
 coordIndex [
  1,2,3,-1,1,3,0,-1]
  normalPerVertex TRUE
  normal DEF NORM_522 Normal { vector [
  0 0 1,0 0 1,
  0 0 1,0 0 1] }
}
}
DEF SHAPE_523 Shape {
 appearance USE APP_1
 geometry DEF FACE_523 IndexedFaceSet {
  coord DEF COORD_523 Coordinate { point [
  11.0335 17.35 -20.82,10.8765 17.35 -20.82,
  10.8765 17.35 -20.58,11.0335 17.35 -20.58] }
 coordIndex [
  1,2,3,-1,1,3,0,-1]
  normalPerVertex TRUE
  normal DEF NORM_523 Normal { vector [
  0 1 0,0 1 0,
  0 1 0,0 1 0] }
}
}
DEF SHAPE_524 Shape {
 appearance USE APP_1
 geometry DEF FACE_524 IndexedFaceSet {
  coord DEF COORD_524 Coordinate { point [
  10.8765 16.1 -21.82,10.8765 17.35 -21.82,
  11.0335 17.35 -21.82,11.0335 16.1 -21.82] }
 coordIndex [
  1,2,3,-1,1,3,0,-1]
  normalPerVertex TRUE
  normal DEF NORM_524 Normal { vector [
  0 0 -1,0 0 -1,
  0 0 -1,0 0 -1] }
}
}
DEF SHAPE_525 Shape {
 appearance USE APP_1
 geometry DEF FACE_525 IndexedFaceSet {
  coord DEF COORD_525 Coordinate { point [
  11.0335 16.1 -21.58,11.0335 17.35 -21.58,
  10.8765 17.35 -21.58,10.8765 16.1 -21.58] }
 coordIndex [
  1,2,3,-1,1,3,0,-1]
  normalPerVertex TRUE
  normal DEF NORM_525 Normal { vector [
  0 0 1,0 0 1,
  0 0 1,0 0 1] }
}
}
DEF SHAPE_526 Shape {
 appearance USE APP_1
 geometry DEF FACE_526 IndexedFaceSet {
  coord DEF COORD_526 Coordinate { point [
  11.0335 17.35 -21.82,10.8765 17.35 -21.82,
  10.8765 17.35 -21.58,11.0335 17.35 -21.58] }
 coordIndex [
  1,2,3,-1,1,3,0,-1]
  normalPerVertex TRUE
  normal DEF NORM_526 Normal { vector [
  0 1 0,0 1 0,
  0 1 0,0 1 0] }
}
}
DEF SHAPE_527 Shape {
 appearance USE APP_1
 geometry DEF FACE_527 IndexedFaceSet {
  coord DEF COORD_527 Coordinate { point [
  10.8765 16.1 -22.82,10.8765 17.35 -22.82,
  11.0335 17.35 -22.82,11.0335 16.1 -22.82] }
 coordIndex [
  1,2,3,-1,1,3,0,-1]
  normalPerVertex TRUE
  normal DEF NORM_527 Normal { vector [
  0 0 -1,0 0 -1,
  0 0 -1,0 0 -1] }
}
}
DEF SHAPE_528 Shape {
 appearance USE APP_1
 geometry DEF FACE_528 IndexedFaceSet {
  coord DEF COORD_528 Coordinate { point [
  11.0335 16.1 -22.58,11.0335 17.35 -22.58,
  10.8765 17.35 -22.58,10.8765 16.1 -22.58] }
 coordIndex [
  2,3,0,-1,1,2,0,-1]
  normalPerVertex TRUE
  normal DEF NORM_528 Normal { vector [
  0 0 1,0 0 1,
  0 0 1,0 0 1] }
}
}
DEF SHAPE_529 Shape {
 appearance USE APP_1
 geometry DEF FACE_529 IndexedFaceSet {
  coord DEF COORD_529 Coordinate { point [
  11.0335 17.35 -22.82,10.8765 17.35 -22.82,
  10.8765 17.35 -22.58,11.0335 17.35 -22.58] }
 coordIndex [
  1,2,3,-1,1,3,0,-1]
  normalPerVertex TRUE
  normal DEF NORM_529 Normal { vector [
  0 1 0,0 1 0,
  0 1 0,0 1 0] }
}
}
DEF SHAPE_530 Shape {
 appearance USE APP_1
 geometry DEF FACE_530 IndexedFaceSet {
  coord DEF COORD_530 Coordinate { point [
  10.8765 16.1 -23.82,10.8765 17.35 -23.82,
  11.0335 17.35 -23.82,11.0335 16.1 -23.82] }
 coordIndex [
  2,3,0,-1,1,2,0,-1]
  normalPerVertex TRUE
  normal DEF NORM_530 Normal { vector [
  0 0 -1,0 0 -1,
  0 0 -1,0 0 -1] }
}
}
DEF SHAPE_531 Shape {
 appearance USE APP_1
 geometry DEF FACE_531 IndexedFaceSet {
  coord DEF COORD_531 Coordinate { point [
  11.0335 16.1 -23.58,11.0335 17.35 -23.58,
  10.8765 17.35 -23.58,10.8765 16.1 -23.58] }
 coordIndex [
  1,2,3,-1,1,3,0,-1]
  normalPerVertex TRUE
  normal DEF NORM_531 Normal { vector [
  0 0 1,0 0 1,
  0 0 1,0 0 1] }
}
}
DEF SHAPE_532 Shape {
 appearance USE APP_1
 geometry DEF FACE_532 IndexedFaceSet {
  coord DEF COORD_532 Coordinate { point [
  11.0335 17.35 -23.82,10.8765 17.35 -23.82,
  10.8765 17.35 -23.58,11.0335 17.35 -23.58] }
 coordIndex [
  1,2,3,-1,1,3,0,-1]
  normalPerVertex TRUE
  normal DEF NORM_532 Normal { vector [
  0 1 0,0 1 0,
  0 1 0,0 1 0] }
}
}
DEF SHAPE_533 Shape {
 appearance USE APP_1
 geometry DEF FACE_533 IndexedFaceSet {
  coord DEF COORD_533 Coordinate { point [
  10.8765 16.1 -24.82,10.8765 17.35 -24.82,
  11.0335 17.35 -24.82,11.0335 16.1 -24.82] }
 coordIndex [
  1,2,3,-1,1,3,0,-1]
  normalPerVertex TRUE
  normal DEF NORM_533 Normal { vector [
  0 0 -1,0 0 -1,
  0 0 -1,0 0 -1] }
}
}
DEF SHAPE_534 Shape {
 appearance USE APP_1
 geometry DEF FACE_534 IndexedFaceSet {
  coord DEF COORD_534 Coordinate { point [
  11.0335 16.1 -24.58,11.0335 17.35 -24.58,
  10.8765 17.35 -24.58,10.8765 16.1 -24.58] }
 coordIndex [
  1,2,3,-1,1,3,0,-1]
  normalPerVertex TRUE
  normal DEF NORM_534 Normal { vector [
  0 0 1,0 0 1,
  0 0 1,0 0 1] }
}
}
DEF SHAPE_535 Shape {
 appearance USE APP_1
 geometry DEF FACE_535 IndexedFaceSet {
  coord DEF COORD_535 Coordinate { point [
  11.0335 17.35 -24.82,10.8765 17.35 -24.82,
  10.8765 17.35 -24.58,11.0335 17.35 -24.58] }
 coordIndex [
  1,2,3,-1,1,3,0,-1]
  normalPerVertex TRUE
  normal DEF NORM_535 Normal { vector [
  0 1 0,0 1 0,
  0 1 0,0 1 0] }
}
}
DEF SHAPE_536 Shape {
 appearance USE APP_1
 geometry DEF FACE_536 IndexedFaceSet {
  coord DEF COORD_536 Coordinate { point [
  10.8765 16.1 -25.82,10.8765 17.35 -25.82,
  11.0335 17.35 -25.82,11.0335 16.1 -25.82] }
 coordIndex [
  1,2,3,-1,1,3,0,-1]
  normalPerVertex TRUE
  normal DEF NORM_536 Normal { vector [
  0 0 -1,0 0 -1,
  0 0 -1,0 0 -1] }
}
}
DEF SHAPE_537 Shape {
 appearance USE APP_1
 geometry DEF FACE_537 IndexedFaceSet {
  coord DEF COORD_537 Coordinate { point [
  11.0335 16.1 -25.58,11.0335 17.35 -25.58,
  10.8765 17.35 -25.58,10.8765 16.1 -25.58] }
 coordIndex [
  1,2,3,-1,1,3,0,-1]
  normalPerVertex TRUE
  normal DEF NORM_537 Normal { vector [
  0 0 1,0 0 1,
  0 0 1,0 0 1] }
}
}
DEF SHAPE_538 Shape {
 appearance USE APP_1
 geometry DEF FACE_538 IndexedFaceSet {
  coord DEF COORD_538 Coordinate { point [
  11.0335 17.35 -25.82,10.8765 17.35 -25.82,
  10.8765 17.35 -25.58,11.0335 17.35 -25.58] }
 coordIndex [
  1,2,3,-1,1,3,0,-1]
  normalPerVertex TRUE
  normal DEF NORM_538 Normal { vector [
  0 1 0,0 1 0,
  0 1 0,0 1 0] }
}
}
DEF SHAPE_539 Shape {
 appearance USE APP_1
 geometry DEF FACE_539 IndexedFaceSet {
  coord DEF COORD_539 Coordinate { point [
  10.8765 16.1 -26.82,10.8765 17.35 -26.82,
  11.0335 17.35 -26.82,11.0335 16.1 -26.82] }
 coordIndex [
  2,3,0,-1,1,2,0,-1]
  normalPerVertex TRUE
  normal DEF NORM_539 Normal { vector [
  0 0 -1,0 0 -1,
  0 0 -1,0 0 -1] }
}
}
DEF SHAPE_540 Shape {
 appearance USE APP_1
 geometry DEF FACE_540 IndexedFaceSet {
  coord DEF COORD_540 Coordinate { point [
  11.0335 16.1 -26.58,11.0335 17.35 -26.58,
  10.8765 17.35 -26.58,10.8765 16.1 -26.58] }
 coordIndex [
  1,2,3,-1,1,3,0,-1]
  normalPerVertex TRUE
  normal DEF NORM_540 Normal { vector [
  0 0 1,0 0 1,
  0 0 1,0 0 1] }
}
}
DEF SHAPE_541 Shape {
 appearance USE APP_1
 geometry DEF FACE_541 IndexedFaceSet {
  coord DEF COORD_541 Coordinate { point [
  11.0335 17.35 -26.82,10.8765 17.35 -26.82,
  10.8765 17.35 -26.58,11.0335 17.35 -26.58] }
 coordIndex [
  1,2,3,-1,1,3,0,-1]
  normalPerVertex TRUE
  normal DEF NORM_541 Normal { vector [
  0 1 0,0 1 0,
  0 1 0,0 1 0] }
}
}
DEF SHAPE_542 Shape {
 appearance USE APP_1
 geometry DEF FACE_542 IndexedFaceSet {
  coord DEF COORD_542 Coordinate { point [
  10.8765 16.1 -27.82,10.8765 17.35 -27.82,
  11.0335 17.35 -27.82,11.0335 16.1 -27.82] }
 coordIndex [
  1,2,3,-1,1,3,0,-1]
  normalPerVertex TRUE
  normal DEF NORM_542 Normal { vector [
  0 0 -1,0 0 -1,
  0 0 -1,0 0 -1] }
}
}
DEF SHAPE_543 Shape {
 appearance USE APP_1
 geometry DEF FACE_543 IndexedFaceSet {
  coord DEF COORD_543 Coordinate { point [
  11.0335 16.1 -27.58,11.0335 17.35 -27.58,
  10.8765 17.35 -27.58,10.8765 16.1 -27.58] }
 coordIndex [
  1,2,3,-1,1,3,0,-1]
  normalPerVertex TRUE
  normal DEF NORM_543 Normal { vector [
  0 0 1,0 0 1,
  0 0 1,0 0 1] }
}
}
DEF SHAPE_544 Shape {
 appearance USE APP_1
 geometry DEF FACE_544 IndexedFaceSet {
  coord DEF COORD_544 Coordinate { point [
  11.0335 17.35 -27.82,10.8765 17.35 -27.82,
  10.8765 17.35 -27.58,11.0335 17.35 -27.58] }
 coordIndex [
  1,2,3,-1,1,3,0,-1]
  normalPerVertex TRUE
  normal DEF NORM_544 Normal { vector [
  0 1 0,0 1 0,
  0 1 0,0 1 0] }
}
}
DEF SHAPE_545 Shape {
 appearance USE APP_1
 geometry DEF FACE_545 IndexedFaceSet {
  coord DEF COORD_545 Coordinate { point [
  9.17 15.55 -0.74,9.17 15.55 -0.69,
  9.2295745 15.55 -0.64,9.2976596 15.55 -0.64,
  9.2380851 15.55 -0.69,9.57 15.55 -0.69,
  9.57 15.55 -0.74] }
 coordIndex [
  4,2,3,-1,1,2,4,-1,0,4,6,-1,0,1,4,-1,4,5,6,-1]
  normalPerVertex TRUE
  normal DEF NORM_545 Normal { vector [
  0 1 0,0 1 0,
  0 1 0,0 1 0,
  0 1 0,0 1 0,
  0 1 0] }
}
}
DEF SHAPE_546 Shape {
 appearance USE APP_1
 geometry DEF FACE_546 IndexedFaceSet {
  coord DEF COORD_546 Coordinate { point [
  9.1235 16.1 -0.58,9.1235 17.35 -0.58,
  8.9665 17.35 -0.58,8.9665 16.1 -0.58] }
 coordIndex [
  1,2,3,-1,1,3,0,-1]
  normalPerVertex TRUE
  normal DEF NORM_546 Normal { vector [
  0 0 1,0 0 1,
  0 0 1,0 0 1] }
}
}
DEF SHAPE_547 Shape {
 appearance USE APP_1
 geometry DEF FACE_547 IndexedFaceSet {
  coord DEF COORD_547 Coordinate { point [
  8.9665 16.1 -0.82,8.9665 17.35 -0.82,
  9.1235 17.35 -0.82,9.1235 16.1 -0.82] }
 coordIndex [
  1,2,3,-1,1,3,0,-1]
  normalPerVertex TRUE
  normal DEF NORM_547 Normal { vector [
  0 0 -1,0 0 -1,
  0 0 -1,0 0 -1] }
}
}
DEF SHAPE_548 Shape {
 appearance USE APP_1
 geometry DEF FACE_548 IndexedFaceSet {
  coord DEF COORD_548 Coordinate { point [
  9.1235 17.35 -0.58,9.1235 17.35 -0.82,
  8.9665 17.35 -0.82,8.9665 17.35 -0.58] }
 coordIndex [
  2,0,1,-1,2,3,0,-1]
  normalPerVertex TRUE
  normal DEF NORM_548 Normal { vector [
  0 1 0,0 1 0,
  0 1 0,0 1 0] }
}
}
DEF SHAPE_549 Shape {
 appearance USE APP_1
 geometry DEF FACE_549 IndexedFaceSet {
  coord DEF COORD_549 Coordinate { point [
  8.9665 16.1 -1.82,8.9665 17.35 -1.82,
  9.1235 17.35 -1.82,9.1235 16.1 -1.82] }
 coordIndex [
  1,2,3,-1,1,3,0,-1]
  normalPerVertex TRUE
  normal DEF NORM_549 Normal { vector [
  0 0 -1,0 0 -1,
  0 0 -1,0 0 -1] }
}
}
DEF SHAPE_550 Shape {
 appearance USE APP_1
 geometry DEF FACE_550 IndexedFaceSet {
  coord DEF COORD_550 Coordinate { point [
  9.1235 17.35 -1.58,9.1235 17.35 -1.82,
  8.9665 17.35 -1.82,8.9665 17.35 -1.58] }
 coordIndex [
  2,0,1,-1,2,3,0,-1]
  normalPerVertex TRUE
  normal DEF NORM_550 Normal { vector [
  0 1 0,0 1 0,
  0 1 0,0 1 0] }
}
}
DEF SHAPE_551 Shape {
 appearance USE APP_1
 geometry DEF FACE_551 IndexedFaceSet {
  coord DEF COORD_551 Coordinate { point [
  9.1235 16.1 -1.58,9.1235 17.35 -1.58,
  8.9665 17.35 -1.58,8.9665 16.1 -1.58] }
 coordIndex [
  1,2,3,-1,1,3,0,-1]
  normalPerVertex TRUE
  normal DEF NORM_551 Normal { vector [
  0 0 1,0 0 1,
  0 0 1,0 0 1] }
}
}
DEF SHAPE_552 Shape {
 appearance USE APP_1
 geometry DEF FACE_552 IndexedFaceSet {
  coord DEF COORD_552 Coordinate { point [
  8.9665 16.1 -2.82,8.9665 17.35 -2.82,
  9.1235 17.35 -2.82,9.1235 16.1 -2.82] }
 coordIndex [
  1,2,3,-1,1,3,0,-1]
  normalPerVertex TRUE
  normal DEF NORM_552 Normal { vector [
  0 0 -1,0 0 -1,
  0 0 -1,0 0 -1] }
}
}
DEF SHAPE_553 Shape {
 appearance USE APP_1
 geometry DEF FACE_553 IndexedFaceSet {
  coord DEF COORD_553 Coordinate { point [
  9.1235 17.35 -2.58,9.1235 17.35 -2.82,
  8.9665 17.35 -2.82,8.9665 17.35 -2.58] }
 coordIndex [
  2,0,1,-1,2,3,0,-1]
  normalPerVertex TRUE
  normal DEF NORM_553 Normal { vector [
  0 1 0,0 1 0,
  0 1 0,0 1 0] }
}
}
DEF SHAPE_554 Shape {
 appearance USE APP_1
 geometry DEF FACE_554 IndexedFaceSet {
  coord DEF COORD_554 Coordinate { point [
  9.1235 16.1 -2.58,9.1235 17.35 -2.58,
  8.9665 17.35 -2.58,8.9665 16.1 -2.58] }
 coordIndex [
  1,2,3,-1,1,3,0,-1]
  normalPerVertex TRUE
  normal DEF NORM_554 Normal { vector [
  0 0 1,0 0 1,
  0 0 1,0 0 1] }
}
}
DEF SHAPE_555 Shape {
 appearance USE APP_1
 geometry DEF FACE_555 IndexedFaceSet {
  coord DEF COORD_555 Coordinate { point [
  8.9665 16.1 -3.82,8.9665 17.35 -3.82,
  9.1235 17.35 -3.82,9.1235 16.1 -3.82] }
 coordIndex [
  1,2,3,-1,1,3,0,-1]
  normalPerVertex TRUE
  normal DEF NORM_555 Normal { vector [
  0 0 -1,0 0 -1,
  0 0 -1,0 0 -1] }
}
}
DEF SHAPE_556 Shape {
 appearance USE APP_1
 geometry DEF FACE_556 IndexedFaceSet {
  coord DEF COORD_556 Coordinate { point [
  9.1235 17.35 -3.58,9.1235 17.35 -3.82,
  8.9665 17.35 -3.82,8.9665 17.35 -3.58] }
 coordIndex [
  2,0,1,-1,2,3,0,-1]
  normalPerVertex TRUE
  normal DEF NORM_556 Normal { vector [
  0 1 0,0 1 0,
  0 1 0,0 1 0] }
}
}
DEF SHAPE_557 Shape {
 appearance USE APP_1
 geometry DEF FACE_557 IndexedFaceSet {
  coord DEF COORD_557 Coordinate { point [
  9.1235 16.1 -3.58,9.1235 17.35 -3.58,
  8.9665 17.35 -3.58,8.9665 16.1 -3.58] }
 coordIndex [
  1,2,3,-1,1,3,0,-1]
  normalPerVertex TRUE
  normal DEF NORM_557 Normal { vector [
  0 0 1,0 0 1,
  0 0 1,0 0 1] }
}
}
DEF SHAPE_558 Shape {
 appearance USE APP_1
 geometry DEF FACE_558 IndexedFaceSet {
  coord DEF COORD_558 Coordinate { point [
  8.9665 16.1 -4.82,8.9665 17.35 -4.82,
  9.1235 17.35 -4.82,9.1235 16.1 -4.82] }
 coordIndex [
  1,2,3,-1,1,3,0,-1]
  normalPerVertex TRUE
  normal DEF NORM_558 Normal { vector [
  0 0 -1,0 0 -1,
  0 0 -1,0 0 -1] }
}
}
DEF SHAPE_559 Shape {
 appearance USE APP_1
 geometry DEF FACE_559 IndexedFaceSet {
  coord DEF COORD_559 Coordinate { point [
  9.1235 17.35 -4.58,9.1235 17.35 -4.82,
  8.9665 17.35 -4.82,8.9665 17.35 -4.58] }
 coordIndex [
  2,0,1,-1,2,3,0,-1]
  normalPerVertex TRUE
  normal DEF NORM_559 Normal { vector [
  0 1 0,0 1 0,
  0 1 0,0 1 0] }
}
}
DEF SHAPE_560 Shape {
 appearance USE APP_1
 geometry DEF FACE_560 IndexedFaceSet {
  coord DEF COORD_560 Coordinate { point [
  9.1235 16.1 -4.58,9.1235 17.35 -4.58,
  8.9665 17.35 -4.58,8.9665 16.1 -4.58] }
 coordIndex [
  1,2,3,-1,1,3,0,-1]
  normalPerVertex TRUE
  normal DEF NORM_560 Normal { vector [
  0 0 1,0 0 1,
  0 0 1,0 0 1] }
}
}
DEF SHAPE_561 Shape {
 appearance USE APP_1
 geometry DEF FACE_561 IndexedFaceSet {
  coord DEF COORD_561 Coordinate { point [
  8.9665 16.1 -5.82,8.9665 17.35 -5.82,
  9.1235 17.35 -5.82,9.1235 16.1 -5.82] }
 coordIndex [
  1,2,3,-1,1,3,0,-1]
  normalPerVertex TRUE
  normal DEF NORM_561 Normal { vector [
  0 0 -1,0 0 -1,
  0 0 -1,0 0 -1] }
}
}
DEF SHAPE_562 Shape {
 appearance USE APP_1
 geometry DEF FACE_562 IndexedFaceSet {
  coord DEF COORD_562 Coordinate { point [
  9.1235 17.35 -5.58,9.1235 17.35 -5.82,
  8.9665 17.35 -5.82,8.9665 17.35 -5.58] }
 coordIndex [
  2,0,1,-1,2,3,0,-1]
  normalPerVertex TRUE
  normal DEF NORM_562 Normal { vector [
  0 1 0,0 1 0,
  0 1 0,0 1 0] }
}
}
DEF SHAPE_563 Shape {
 appearance USE APP_1
 geometry DEF FACE_563 IndexedFaceSet {
  coord DEF COORD_563 Coordinate { point [
  9.1235 16.1 -5.58,9.1235 17.35 -5.58,
  8.9665 17.35 -5.58,8.9665 16.1 -5.58] }
 coordIndex [
  1,2,3,-1,1,3,0,-1]
  normalPerVertex TRUE
  normal DEF NORM_563 Normal { vector [
  0 0 1,0 0 1,
  0 0 1,0 0 1] }
}
}
DEF SHAPE_564 Shape {
 appearance USE APP_1
 geometry DEF FACE_564 IndexedFaceSet {
  coord DEF COORD_564 Coordinate { point [
  8.9665 16.1 -6.82,8.9665 17.35 -6.82,
  9.1235 17.35 -6.82,9.1235 16.1 -6.82] }
 coordIndex [
  1,2,3,-1,1,3,0,-1]
  normalPerVertex TRUE
  normal DEF NORM_564 Normal { vector [
  0 0 -1,0 0 -1,
  0 0 -1,0 0 -1] }
}
}
DEF SHAPE_565 Shape {
 appearance USE APP_1
 geometry DEF FACE_565 IndexedFaceSet {
  coord DEF COORD_565 Coordinate { point [
  9.1235 17.35 -6.58,9.1235 17.35 -6.82,
  8.9665 17.35 -6.82,8.9665 17.35 -6.58] }
 coordIndex [
  2,0,1,-1,2,3,0,-1]
  normalPerVertex TRUE
  normal DEF NORM_565 Normal { vector [
  0 1 0,0 1 0,
  0 1 0,0 1 0] }
}
}
DEF SHAPE_566 Shape {
 appearance USE APP_1
 geometry DEF FACE_566 IndexedFaceSet {
  coord DEF COORD_566 Coordinate { point [
  9.1235 16.1 -6.58,9.1235 17.35 -6.58,
  8.9665 17.35 -6.58,8.9665 16.1 -6.58] }
 coordIndex [
  1,2,3,-1,1,3,0,-1]
  normalPerVertex TRUE
  normal DEF NORM_566 Normal { vector [
  0 0 1,0 0 1,
  0 0 1,0 0 1] }
}
}
DEF SHAPE_567 Shape {
 appearance USE APP_1
 geometry DEF FACE_567 IndexedFaceSet {
  coord DEF COORD_567 Coordinate { point [
  8.9665 16.1 -7.82,8.9665 17.35 -7.82,
  9.1235 17.35 -7.82,9.1235 16.1 -7.82] }
 coordIndex [
  1,2,3,-1,1,3,0,-1]
  normalPerVertex TRUE
  normal DEF NORM_567 Normal { vector [
  0 0 -1,0 0 -1,
  0 0 -1,0 0 -1] }
}
}
DEF SHAPE_568 Shape {
 appearance USE APP_1
 geometry DEF FACE_568 IndexedFaceSet {
  coord DEF COORD_568 Coordinate { point [
  9.1235 17.35 -7.58,9.1235 17.35 -7.82,
  8.9665 17.35 -7.82,8.9665 17.35 -7.58] }
 coordIndex [
  2,0,1,-1,2,3,0,-1]
  normalPerVertex TRUE
  normal DEF NORM_568 Normal { vector [
  0 1 0,0 1 0,
  0 1 0,0 1 0] }
}
}
DEF SHAPE_569 Shape {
 appearance USE APP_1
 geometry DEF FACE_569 IndexedFaceSet {
  coord DEF COORD_569 Coordinate { point [
  9.1235 16.1 -7.58,9.1235 17.35 -7.58,
  8.9665 17.35 -7.58,8.9665 16.1 -7.58] }
 coordIndex [
  1,2,3,-1,1,3,0,-1]
  normalPerVertex TRUE
  normal DEF NORM_569 Normal { vector [
  0 0 1,0 0 1,
  0 0 1,0 0 1] }
}
}
DEF SHAPE_570 Shape {
 appearance USE APP_1
 geometry DEF FACE_570 IndexedFaceSet {
  coord DEF COORD_570 Coordinate { point [
  8.9665 16.1 -8.82,8.9665 17.35 -8.82,
  9.1235 17.35 -8.82,9.1235 16.1 -8.82] }
 coordIndex [
  1,2,3,-1,1,3,0,-1]
  normalPerVertex TRUE
  normal DEF NORM_570 Normal { vector [
  0 0 -1,0 0 -1,
  0 0 -1,0 0 -1] }
}
}
DEF SHAPE_571 Shape {
 appearance USE APP_1
 geometry DEF FACE_571 IndexedFaceSet {
  coord DEF COORD_571 Coordinate { point [
  9.1235 17.35 -8.58,9.1235 17.35 -8.82,
  8.9665 17.35 -8.82,8.9665 17.35 -8.58] }
 coordIndex [
  2,0,1,-1,2,3,0,-1]
  normalPerVertex TRUE
  normal DEF NORM_571 Normal { vector [
  0 1 0,0 1 0,
  0 1 0,0 1 0] }
}
}
DEF SHAPE_572 Shape {
 appearance USE APP_1
 geometry DEF FACE_572 IndexedFaceSet {
  coord DEF COORD_572 Coordinate { point [
  9.1235 16.1 -8.58,9.1235 17.35 -8.58,
  8.9665 17.35 -8.58,8.9665 16.1 -8.58] }
 coordIndex [
  1,2,3,-1,1,3,0,-1]
  normalPerVertex TRUE
  normal DEF NORM_572 Normal { vector [
  0 0 1,0 0 1,
  0 0 1,0 0 1] }
}
}
DEF SHAPE_573 Shape {
 appearance USE APP_1
 geometry DEF FACE_573 IndexedFaceSet {
  coord DEF COORD_573 Coordinate { point [
  8.9665 16.1 -9.82,8.9665 17.35 -9.82,
  9.1235 17.35 -9.82,9.1235 16.1 -9.82] }
 coordIndex [
  1,2,3,-1,1,3,0,-1]
  normalPerVertex TRUE
  normal DEF NORM_573 Normal { vector [
  0 0 -1,0 0 -1,
  0 0 -1,0 0 -1] }
}
}
DEF SHAPE_574 Shape {
 appearance USE APP_1
 geometry DEF FACE_574 IndexedFaceSet {
  coord DEF COORD_574 Coordinate { point [
  9.1235 17.35 -9.58,9.1235 17.35 -9.82,
  8.9665 17.35 -9.82,8.9665 17.35 -9.58] }
 coordIndex [
  2,0,1,-1,2,3,0,-1]
  normalPerVertex TRUE
  normal DEF NORM_574 Normal { vector [
  0 1 0,0 1 0,
  0 1 0,0 1 0] }
}
}
DEF SHAPE_575 Shape {
 appearance USE APP_1
 geometry DEF FACE_575 IndexedFaceSet {
  coord DEF COORD_575 Coordinate { point [
  9.1235 16.1 -9.58,9.1235 17.35 -9.58,
  8.9665 17.35 -9.58,8.9665 16.1 -9.58] }
 coordIndex [
  1,2,3,-1,1,3,0,-1]
  normalPerVertex TRUE
  normal DEF NORM_575 Normal { vector [
  0 0 1,0 0 1,
  0 0 1,0 0 1] }
}
}
DEF SHAPE_576 Shape {
 appearance USE APP_1
 geometry DEF FACE_576 IndexedFaceSet {
  coord DEF COORD_576 Coordinate { point [
  8.9665 16.1 -10.82,8.9665 17.35 -10.82,
  9.1235 17.35 -10.82,9.1235 16.1 -10.82] }
 coordIndex [
  1,2,3,-1,1,3,0,-1]
  normalPerVertex TRUE
  normal DEF NORM_576 Normal { vector [
  0 0 -1,0 0 -1,
  0 0 -1,0 0 -1] }
}
}
DEF SHAPE_577 Shape {
 appearance USE APP_1
 geometry DEF FACE_577 IndexedFaceSet {
  coord DEF COORD_577 Coordinate { point [
  9.1235 17.35 -10.58,9.1235 17.35 -10.82,
  8.9665 17.35 -10.82,8.9665 17.35 -10.58] }
 coordIndex [
  2,0,1,-1,2,3,0,-1]
  normalPerVertex TRUE
  normal DEF NORM_577 Normal { vector [
  0 1 0,0 1 0,
  0 1 0,0 1 0] }
}
}
DEF SHAPE_578 Shape {
 appearance USE APP_1
 geometry DEF FACE_578 IndexedFaceSet {
  coord DEF COORD_578 Coordinate { point [
  9.1235 16.1 -10.58,9.1235 17.35 -10.58,
  8.9665 17.35 -10.58,8.9665 16.1 -10.58] }
 coordIndex [
  1,2,3,-1,1,3,0,-1]
  normalPerVertex TRUE
  normal DEF NORM_578 Normal { vector [
  0 0 1,0 0 1,
  0 0 1,0 0 1] }
}
}
DEF SHAPE_579 Shape {
 appearance USE APP_1
 geometry DEF FACE_579 IndexedFaceSet {
  coord DEF COORD_579 Coordinate { point [
  8.9665 16.1 -11.82,8.9665 17.35 -11.82,
  9.1235 17.35 -11.82,9.1235 16.1 -11.82] }
 coordIndex [
  1,2,3,-1,1,3,0,-1]
  normalPerVertex TRUE
  normal DEF NORM_579 Normal { vector [
  0 0 -1,0 0 -1,
  0 0 -1,0 0 -1] }
}
}
DEF SHAPE_580 Shape {
 appearance USE APP_1
 geometry DEF FACE_580 IndexedFaceSet {
  coord DEF COORD_580 Coordinate { point [
  9.1235 17.35 -11.58,9.1235 17.35 -11.82,
  8.9665 17.35 -11.82,8.9665 17.35 -11.58] }
 coordIndex [
  2,0,1,-1,2,3,0,-1]
  normalPerVertex TRUE
  normal DEF NORM_580 Normal { vector [
  0 1 0,0 1 0,
  0 1 0,0 1 0] }
}
}
DEF SHAPE_581 Shape {
 appearance USE APP_1
 geometry DEF FACE_581 IndexedFaceSet {
  coord DEF COORD_581 Coordinate { point [
  9.1235 16.1 -11.58,9.1235 17.35 -11.58,
  8.9665 17.35 -11.58,8.9665 16.1 -11.58] }
 coordIndex [
  1,2,3,-1,1,3,0,-1]
  normalPerVertex TRUE
  normal DEF NORM_581 Normal { vector [
  0 0 1,0 0 1,
  0 0 1,0 0 1] }
}
}
DEF SHAPE_582 Shape {
 appearance USE APP_1
 geometry DEF FACE_582 IndexedFaceSet {
  coord DEF COORD_582 Coordinate { point [
  8.9665 16.1 -12.82,8.9665 17.35 -12.82,
  9.1235 17.35 -12.82,9.1235 16.1 -12.82] }
 coordIndex [
  1,2,3,-1,1,3,0,-1]
  normalPerVertex TRUE
  normal DEF NORM_582 Normal { vector [
  0 0 -1,0 0 -1,
  0 0 -1,0 0 -1] }
}
}
DEF SHAPE_583 Shape {
 appearance USE APP_1
 geometry DEF FACE_583 IndexedFaceSet {
  coord DEF COORD_583 Coordinate { point [
  9.1235 17.35 -12.58,9.1235 17.35 -12.82,
  8.9665 17.35 -12.82,8.9665 17.35 -12.58] }
 coordIndex [
  2,0,1,-1,2,3,0,-1]
  normalPerVertex TRUE
  normal DEF NORM_583 Normal { vector [
  0 1 0,0 1 0,
  0 1 0,0 1 0] }
}
}
DEF SHAPE_584 Shape {
 appearance USE APP_1
 geometry DEF FACE_584 IndexedFaceSet {
  coord DEF COORD_584 Coordinate { point [
  9.1235 16.1 -12.58,9.1235 17.35 -12.58,
  8.9665 17.35 -12.58,8.9665 16.1 -12.58] }
 coordIndex [
  1,2,3,-1,1,3,0,-1]
  normalPerVertex TRUE
  normal DEF NORM_584 Normal { vector [
  0 0 1,0 0 1,
  0 0 1,0 0 1] }
}
}
DEF SHAPE_585 Shape {
 appearance USE APP_1
 geometry DEF FACE_585 IndexedFaceSet {
  coord DEF COORD_585 Coordinate { point [
  8.9665 16.1 -13.82,8.9665 17.35 -13.82,
  9.1235 17.35 -13.82,9.1235 16.1 -13.82] }
 coordIndex [
  1,2,3,-1,1,3,0,-1]
  normalPerVertex TRUE
  normal DEF NORM_585 Normal { vector [
  0 0 -1,0 0 -1,
  0 0 -1,0 0 -1] }
}
}
DEF SHAPE_586 Shape {
 appearance USE APP_1
 geometry DEF FACE_586 IndexedFaceSet {
  coord DEF COORD_586 Coordinate { point [
  9.1235 17.35 -13.58,9.1235 17.35 -13.82,
  8.9665 17.35 -13.82,8.9665 17.35 -13.58] }
 coordIndex [
  2,0,1,-1,2,3,0,-1]
  normalPerVertex TRUE
  normal DEF NORM_586 Normal { vector [
  0 1 0,0 1 0,
  0 1 0,0 1 0] }
}
}
DEF SHAPE_587 Shape {
 appearance USE APP_1
 geometry DEF FACE_587 IndexedFaceSet {
  coord DEF COORD_587 Coordinate { point [
  9.1235 16.1 -13.58,9.1235 17.35 -13.58,
  8.9665 17.35 -13.58,8.9665 16.1 -13.58] }
 coordIndex [
  1,2,3,-1,1,3,0,-1]
  normalPerVertex TRUE
  normal DEF NORM_587 Normal { vector [
  0 0 1,0 0 1,
  0 0 1,0 0 1] }
}
}
DEF SHAPE_588 Shape {
 appearance USE APP_1
 geometry DEF FACE_588 IndexedFaceSet {
  coord DEF COORD_588 Coordinate { point [
  8.9665 16.1 -14.82,8.9665 17.35 -14.82,
  9.1235 17.35 -14.82,9.1235 16.1 -14.82] }
 coordIndex [
  1,2,3,-1,1,3,0,-1]
  normalPerVertex TRUE
  normal DEF NORM_588 Normal { vector [
  0 0 -1,0 0 -1,
  0 0 -1,0 0 -1] }
}
}
DEF SHAPE_589 Shape {
 appearance USE APP_1
 geometry DEF FACE_589 IndexedFaceSet {
  coord DEF COORD_589 Coordinate { point [
  9.1235 17.35 -14.58,9.1235 17.35 -14.82,
  8.9665 17.35 -14.82,8.9665 17.35 -14.58] }
 coordIndex [
  2,0,1,-1,2,3,0,-1]
  normalPerVertex TRUE
  normal DEF NORM_589 Normal { vector [
  0 1 0,0 1 0,
  0 1 0,0 1 0] }
}
}
DEF SHAPE_590 Shape {
 appearance USE APP_1
 geometry DEF FACE_590 IndexedFaceSet {
  coord DEF COORD_590 Coordinate { point [
  9.1235 16.1 -14.58,9.1235 17.35 -14.58,
  8.9665 17.35 -14.58,8.9665 16.1 -14.58] }
 coordIndex [
  1,2,3,-1,1,3,0,-1]
  normalPerVertex TRUE
  normal DEF NORM_590 Normal { vector [
  0 0 1,0 0 1,
  0 0 1,0 0 1] }
}
}
DEF SHAPE_591 Shape {
 appearance USE APP_1
 geometry DEF FACE_591 IndexedFaceSet {
  coord DEF COORD_591 Coordinate { point [
  8.9665 16.1 -15.82,8.9665 17.35 -15.82,
  9.1235 17.35 -15.82,9.1235 16.1 -15.82] }
 coordIndex [
  1,2,3,-1,1,3,0,-1]
  normalPerVertex TRUE
  normal DEF NORM_591 Normal { vector [
  0 0 -1,0 0 -1,
  0 0 -1,0 0 -1] }
}
}
DEF SHAPE_592 Shape {
 appearance USE APP_1
 geometry DEF FACE_592 IndexedFaceSet {
  coord DEF COORD_592 Coordinate { point [
  9.1235 17.35 -15.58,9.1235 17.35 -15.82,
  8.9665 17.35 -15.82,8.9665 17.35 -15.58] }
 coordIndex [
  2,0,1,-1,2,3,0,-1]
  normalPerVertex TRUE
  normal DEF NORM_592 Normal { vector [
  0 1 0,0 1 0,
  0 1 0,0 1 0] }
}
}
DEF SHAPE_593 Shape {
 appearance USE APP_1
 geometry DEF FACE_593 IndexedFaceSet {
  coord DEF COORD_593 Coordinate { point [
  9.1235 16.1 -15.58,9.1235 17.35 -15.58,
  8.9665 17.35 -15.58,8.9665 16.1 -15.58] }
 coordIndex [
  1,2,3,-1,1,3,0,-1]
  normalPerVertex TRUE
  normal DEF NORM_593 Normal { vector [
  0 0 1,0 0 1,
  0 0 1,0 0 1] }
}
}
DEF SHAPE_594 Shape {
 appearance USE APP_1
 geometry DEF FACE_594 IndexedFaceSet {
  coord DEF COORD_594 Coordinate { point [
  8.9665 16.1 -16.82,8.9665 17.35 -16.82,
  9.1235 17.35 -16.82,9.1235 16.1 -16.82] }
 coordIndex [
  1,2,3,-1,1,3,0,-1]
  normalPerVertex TRUE
  normal DEF NORM_594 Normal { vector [
  0 0 -1,0 0 -1,
  0 0 -1,0 0 -1] }
}
}
DEF SHAPE_595 Shape {
 appearance USE APP_1
 geometry DEF FACE_595 IndexedFaceSet {
  coord DEF COORD_595 Coordinate { point [
  9.1235 17.35 -16.58,9.1235 17.35 -16.82,
  8.9665 17.35 -16.82,8.9665 17.35 -16.58] }
 coordIndex [
  2,0,1,-1,2,3,0,-1]
  normalPerVertex TRUE
  normal DEF NORM_595 Normal { vector [
  0 1 0,0 1 0,
  0 1 0,0 1 0] }
}
}
DEF SHAPE_596 Shape {
 appearance USE APP_1
 geometry DEF FACE_596 IndexedFaceSet {
  coord DEF COORD_596 Coordinate { point [
  9.1235 16.1 -16.58,9.1235 17.35 -16.58,
  8.9665 17.35 -16.58,8.9665 16.1 -16.58] }
 coordIndex [
  2,3,0,-1,1,2,0,-1]
  normalPerVertex TRUE
  normal DEF NORM_596 Normal { vector [
  0 0 1,0 0 1,
  0 0 1,0 0 1] }
}
}
DEF SHAPE_597 Shape {
 appearance USE APP_1
 geometry DEF FACE_597 IndexedFaceSet {
  coord DEF COORD_597 Coordinate { point [
  8.9665 16.1 -17.82,8.9665 17.35 -17.82,
  9.1235 17.35 -17.82,9.1235 16.1 -17.82] }
 coordIndex [
  1,2,3,-1,1,3,0,-1]
  normalPerVertex TRUE
  normal DEF NORM_597 Normal { vector [
  0 0 -1,0 0 -1,
  0 0 -1,0 0 -1] }
}
}
DEF SHAPE_598 Shape {
 appearance USE APP_1
 geometry DEF FACE_598 IndexedFaceSet {
  coord DEF COORD_598 Coordinate { point [
  9.1235 17.35 -17.58,9.1235 17.35 -17.82,
  8.9665 17.35 -17.82,8.9665 17.35 -17.58] }
 coordIndex [
  2,0,1,-1,2,3,0,-1]
  normalPerVertex TRUE
  normal DEF NORM_598 Normal { vector [
  0 1 0,0 1 0,
  0 1 0,0 1 0] }
}
}
DEF SHAPE_599 Shape {
 appearance USE APP_1
 geometry DEF FACE_599 IndexedFaceSet {
  coord DEF COORD_599 Coordinate { point [
  9.1235 16.1 -17.58,9.1235 17.35 -17.58,
  8.9665 17.35 -17.58,8.9665 16.1 -17.58] }
 coordIndex [
  1,2,3,-1,1,3,0,-1]
  normalPerVertex TRUE
  normal DEF NORM_599 Normal { vector [
  0 0 1,0 0 1,
  0 0 1,0 0 1] }
}
}
DEF SHAPE_600 Shape {
 appearance USE APP_1
 geometry DEF FACE_600 IndexedFaceSet {
  coord DEF COORD_600 Coordinate { point [
  8.9665 16.1 -18.82,8.9665 17.35 -18.82,
  9.1235 17.35 -18.82,9.1235 16.1 -18.82] }
 coordIndex [
  1,2,3,-1,1,3,0,-1]
  normalPerVertex TRUE
  normal DEF NORM_600 Normal { vector [
  0 0 -1,0 0 -1,
  0 0 -1,0 0 -1] }
}
}
DEF SHAPE_601 Shape {
 appearance USE APP_1
 geometry DEF FACE_601 IndexedFaceSet {
  coord DEF COORD_601 Coordinate { point [
  9.1235 17.35 -18.58,9.1235 17.35 -18.82,
  8.9665 17.35 -18.82,8.9665 17.35 -18.58] }
 coordIndex [
  2,0,1,-1,2,3,0,-1]
  normalPerVertex TRUE
  normal DEF NORM_601 Normal { vector [
  0 1 0,0 1 0,
  0 1 0,0 1 0] }
}
}
DEF SHAPE_602 Shape {
 appearance USE APP_1
 geometry DEF FACE_602 IndexedFaceSet {
  coord DEF COORD_602 Coordinate { point [
  9.1235 16.1 -18.58,9.1235 17.35 -18.58,
  8.9665 17.35 -18.58,8.9665 16.1 -18.58] }
 coordIndex [
  1,2,3,-1,1,3,0,-1]
  normalPerVertex TRUE
  normal DEF NORM_602 Normal { vector [
  0 0 1,0 0 1,
  0 0 1,0 0 1] }
}
}
DEF SHAPE_603 Shape {
 appearance USE APP_1
 geometry DEF FACE_603 IndexedFaceSet {
  coord DEF COORD_603 Coordinate { point [
  8.9665 16.1 -19.82,8.9665 17.35 -19.82,
  9.1235 17.35 -19.82,9.1235 16.1 -19.82] }
 coordIndex [
  1,2,3,-1,1,3,0,-1]
  normalPerVertex TRUE
  normal DEF NORM_603 Normal { vector [
  0 0 -1,0 0 -1,
  0 0 -1,0 0 -1] }
}
}
DEF SHAPE_604 Shape {
 appearance USE APP_1
 geometry DEF FACE_604 IndexedFaceSet {
  coord DEF COORD_604 Coordinate { point [
  9.1235 17.35 -19.58,9.1235 17.35 -19.82,
  8.9665 17.35 -19.82,8.9665 17.35 -19.58] }
 coordIndex [
  2,0,1,-1,2,3,0,-1]
  normalPerVertex TRUE
  normal DEF NORM_604 Normal { vector [
  0 1 0,0 1 0,
  0 1 0,0 1 0] }
}
}
DEF SHAPE_605 Shape {
 appearance USE APP_1
 geometry DEF FACE_605 IndexedFaceSet {
  coord DEF COORD_605 Coordinate { point [
  9.1235 16.1 -19.58,9.1235 17.35 -19.58,
  8.9665 17.35 -19.58,8.9665 16.1 -19.58] }
 coordIndex [
  1,2,3,-1,1,3,0,-1]
  normalPerVertex TRUE
  normal DEF NORM_605 Normal { vector [
  0 0 1,0 0 1,
  0 0 1,0 0 1] }
}
}
DEF SHAPE_606 Shape {
 appearance USE APP_1
 geometry DEF FACE_606 IndexedFaceSet {
  coord DEF COORD_606 Coordinate { point [
  8.9665 16.1 -20.82,8.9665 17.35 -20.82,
  9.1235 17.35 -20.82,9.1235 16.1 -20.82] }
 coordIndex [
  1,2,3,-1,1,3,0,-1]
  normalPerVertex TRUE
  normal DEF NORM_606 Normal { vector [
  0 0 -1,0 0 -1,
  0 0 -1,0 0 -1] }
}
}
DEF SHAPE_607 Shape {
 appearance USE APP_1
 geometry DEF FACE_607 IndexedFaceSet {
  coord DEF COORD_607 Coordinate { point [
  9.1235 17.35 -20.58,9.1235 17.35 -20.82,
  8.9665 17.35 -20.82,8.9665 17.35 -20.58] }
 coordIndex [
  2,0,1,-1,2,3,0,-1]
  normalPerVertex TRUE
  normal DEF NORM_607 Normal { vector [
  0 1 0,0 1 0,
  0 1 0,0 1 0] }
}
}
DEF SHAPE_608 Shape {
 appearance USE APP_1
 geometry DEF FACE_608 IndexedFaceSet {
  coord DEF COORD_608 Coordinate { point [
  9.1235 16.1 -20.58,9.1235 17.35 -20.58,
  8.9665 17.35 -20.58,8.9665 16.1 -20.58] }
 coordIndex [
  1,2,3,-1,1,3,0,-1]
  normalPerVertex TRUE
  normal DEF NORM_608 Normal { vector [
  0 0 1,0 0 1,
  0 0 1,0 0 1] }
}
}
DEF SHAPE_609 Shape {
 appearance USE APP_1
 geometry DEF FACE_609 IndexedFaceSet {
  coord DEF COORD_609 Coordinate { point [
  8.9665 16.1 -21.82,8.9665 17.35 -21.82,
  9.1235 17.35 -21.82,9.1235 16.1 -21.82] }
 coordIndex [
  2,3,0,-1,1,2,0,-1]
  normalPerVertex TRUE
  normal DEF NORM_609 Normal { vector [
  0 0 -1,0 0 -1,
  0 0 -1,0 0 -1] }
}
}
DEF SHAPE_610 Shape {
 appearance USE APP_1
 geometry DEF FACE_610 IndexedFaceSet {
  coord DEF COORD_610 Coordinate { point [
  9.1235 17.35 -21.58,9.1235 17.35 -21.82,
  8.9665 17.35 -21.82,8.9665 17.35 -21.58] }
 coordIndex [
  2,0,1,-1,2,3,0,-1]
  normalPerVertex TRUE
  normal DEF NORM_610 Normal { vector [
  0 1 0,0 1 0,
  0 1 0,0 1 0] }
}
}
DEF SHAPE_611 Shape {
 appearance USE APP_1
 geometry DEF FACE_611 IndexedFaceSet {
  coord DEF COORD_611 Coordinate { point [
  9.1235 16.1 -21.58,9.1235 17.35 -21.58,
  8.9665 17.35 -21.58,8.9665 16.1 -21.58] }
 coordIndex [
  1,2,3,-1,1,3,0,-1]
  normalPerVertex TRUE
  normal DEF NORM_611 Normal { vector [
  0 0 1,0 0 1,
  0 0 1,0 0 1] }
}
}
DEF SHAPE_612 Shape {
 appearance USE APP_1
 geometry DEF FACE_612 IndexedFaceSet {
  coord DEF COORD_612 Coordinate { point [
  8.9665 16.1 -22.82,8.9665 17.35 -22.82,
  9.1235 17.35 -22.82,9.1235 16.1 -22.82] }
 coordIndex [
  1,2,3,-1,1,3,0,-1]
  normalPerVertex TRUE
  normal DEF NORM_612 Normal { vector [
  0 0 -1,0 0 -1,
  0 0 -1,0 0 -1] }
}
}
DEF SHAPE_613 Shape {
 appearance USE APP_1
 geometry DEF FACE_613 IndexedFaceSet {
  coord DEF COORD_613 Coordinate { point [
  9.1235 17.35 -22.58,9.1235 17.35 -22.82,
  8.9665 17.35 -22.82,8.9665 17.35 -22.58] }
 coordIndex [
  2,0,1,-1,2,3,0,-1]
  normalPerVertex TRUE
  normal DEF NORM_613 Normal { vector [
  0 1 0,0 1 0,
  0 1 0,0 1 0] }
}
}
DEF SHAPE_614 Shape {
 appearance USE APP_1
 geometry DEF FACE_614 IndexedFaceSet {
  coord DEF COORD_614 Coordinate { point [
  9.1235 16.1 -22.58,9.1235 17.35 -22.58,
  8.9665 17.35 -22.58,8.9665 16.1 -22.58] }
 coordIndex [
  1,2,3,-1,1,3,0,-1]
  normalPerVertex TRUE
  normal DEF NORM_614 Normal { vector [
  0 0 1,0 0 1,
  0 0 1,0 0 1] }
}
}
DEF SHAPE_615 Shape {
 appearance USE APP_1
 geometry DEF FACE_615 IndexedFaceSet {
  coord DEF COORD_615 Coordinate { point [
  8.9665 16.1 -23.82,8.9665 17.35 -23.82,
  9.1235 17.35 -23.82,9.1235 16.1 -23.82] }
 coordIndex [
  2,3,0,-1,1,2,0,-1]
  normalPerVertex TRUE
  normal DEF NORM_615 Normal { vector [
  0 0 -1,0 0 -1,
  0 0 -1,0 0 -1] }
}
}
DEF SHAPE_616 Shape {
 appearance USE APP_1
 geometry DEF FACE_616 IndexedFaceSet {
  coord DEF COORD_616 Coordinate { point [
  9.1235 17.35 -23.58,9.1235 17.35 -23.82,
  8.9665 17.35 -23.82,8.9665 17.35 -23.58] }
 coordIndex [
  2,0,1,-1,2,3,0,-1]
  normalPerVertex TRUE
  normal DEF NORM_616 Normal { vector [
  0 1 0,0 1 0,
  0 1 0,0 1 0] }
}
}
DEF SHAPE_617 Shape {
 appearance USE APP_1
 geometry DEF FACE_617 IndexedFaceSet {
  coord DEF COORD_617 Coordinate { point [
  9.1235 16.1 -23.58,9.1235 17.35 -23.58,
  8.9665 17.35 -23.58,8.9665 16.1 -23.58] }
 coordIndex [
  1,2,3,-1,1,3,0,-1]
  normalPerVertex TRUE
  normal DEF NORM_617 Normal { vector [
  0 0 1,0 0 1,
  0 0 1,0 0 1] }
}
}
DEF SHAPE_618 Shape {
 appearance USE APP_1
 geometry DEF FACE_618 IndexedFaceSet {
  coord DEF COORD_618 Coordinate { point [
  8.9665 16.1 -24.82,8.9665 17.35 -24.82,
  9.1235 17.35 -24.82,9.1235 16.1 -24.82] }
 coordIndex [
  1,2,3,-1,1,3,0,-1]
  normalPerVertex TRUE
  normal DEF NORM_618 Normal { vector [
  0 0 -1,0 0 -1,
  0 0 -1,0 0 -1] }
}
}
DEF SHAPE_619 Shape {
 appearance USE APP_1
 geometry DEF FACE_619 IndexedFaceSet {
  coord DEF COORD_619 Coordinate { point [
  9.1235 17.35 -24.58,9.1235 17.35 -24.82,
  8.9665 17.35 -24.82,8.9665 17.35 -24.58] }
 coordIndex [
  2,0,1,-1,2,3,0,-1]
  normalPerVertex TRUE
  normal DEF NORM_619 Normal { vector [
  0 1 0,0 1 0,
  0 1 0,0 1 0] }
}
}
DEF SHAPE_620 Shape {
 appearance USE APP_1
 geometry DEF FACE_620 IndexedFaceSet {
  coord DEF COORD_620 Coordinate { point [
  9.1235 16.1 -24.58,9.1235 17.35 -24.58,
  8.9665 17.35 -24.58,8.9665 16.1 -24.58] }
 coordIndex [
  1,2,3,-1,1,3,0,-1]
  normalPerVertex TRUE
  normal DEF NORM_620 Normal { vector [
  0 0 1,0 0 1,
  0 0 1,0 0 1] }
}
}
DEF SHAPE_621 Shape {
 appearance USE APP_1
 geometry DEF FACE_621 IndexedFaceSet {
  coord DEF COORD_621 Coordinate { point [
  8.9665 16.1 -25.82,8.9665 17.35 -25.82,
  9.1235 17.35 -25.82,9.1235 16.1 -25.82] }
 coordIndex [
  1,2,3,-1,1,3,0,-1]
  normalPerVertex TRUE
  normal DEF NORM_621 Normal { vector [
  0 0 -1,0 0 -1,
  0 0 -1,0 0 -1] }
}
}
DEF SHAPE_622 Shape {
 appearance USE APP_1
 geometry DEF FACE_622 IndexedFaceSet {
  coord DEF COORD_622 Coordinate { point [
  9.1235 17.35 -25.58,9.1235 17.35 -25.82,
  8.9665 17.35 -25.82,8.9665 17.35 -25.58] }
 coordIndex [
  2,0,1,-1,2,3,0,-1]
  normalPerVertex TRUE
  normal DEF NORM_622 Normal { vector [
  0 1 0,0 1 0,
  0 1 0,0 1 0] }
}
}
DEF SHAPE_623 Shape {
 appearance USE APP_1
 geometry DEF FACE_623 IndexedFaceSet {
  coord DEF COORD_623 Coordinate { point [
  9.1235 16.1 -25.58,9.1235 17.35 -25.58,
  8.9665 17.35 -25.58,8.9665 16.1 -25.58] }
 coordIndex [
  1,2,3,-1,1,3,0,-1]
  normalPerVertex TRUE
  normal DEF NORM_623 Normal { vector [
  0 0 1,0 0 1,
  0 0 1,0 0 1] }
}
}
DEF SHAPE_624 Shape {
 appearance USE APP_1
 geometry DEF FACE_624 IndexedFaceSet {
  coord DEF COORD_624 Coordinate { point [
  8.9665 16.1 -26.82,8.9665 17.35 -26.82,
  9.1235 17.35 -26.82,9.1235 16.1 -26.82] }
 coordIndex [
  1,2,3,-1,1,3,0,-1]
  normalPerVertex TRUE
  normal DEF NORM_624 Normal { vector [
  0 0 -1,0 0 -1,
  0 0 -1,0 0 -1] }
}
}
DEF SHAPE_625 Shape {
 appearance USE APP_1
 geometry DEF FACE_625 IndexedFaceSet {
  coord DEF COORD_625 Coordinate { point [
  9.1235 17.35 -26.58,9.1235 17.35 -26.82,
  8.9665 17.35 -26.82,8.9665 17.35 -26.58] }
 coordIndex [
  2,0,1,-1,2,3,0,-1]
  normalPerVertex TRUE
  normal DEF NORM_625 Normal { vector [
  0 1 0,0 1 0,
  0 1 0,0 1 0] }
}
}
DEF SHAPE_626 Shape {
 appearance USE APP_1
 geometry DEF FACE_626 IndexedFaceSet {
  coord DEF COORD_626 Coordinate { point [
  9.1235 16.1 -26.58,9.1235 17.35 -26.58,
  8.9665 17.35 -26.58,8.9665 16.1 -26.58] }
 coordIndex [
  1,2,3,-1,1,3,0,-1]
  normalPerVertex TRUE
  normal DEF NORM_626 Normal { vector [
  0 0 1,0 0 1,
  0 0 1,0 0 1] }
}
}
DEF SHAPE_627 Shape {
 appearance USE APP_1
 geometry DEF FACE_627 IndexedFaceSet {
  coord DEF COORD_627 Coordinate { point [
  8.9665 16.1 -27.82,8.9665 17.35 -27.82,
  9.1235 17.35 -27.82,9.1235 16.1 -27.82] }
 coordIndex [
  1,2,3,-1,1,3,0,-1]
  normalPerVertex TRUE
  normal DEF NORM_627 Normal { vector [
  0 0 -1,0 0 -1,
  0 0 -1,0 0 -1] }
}
}
DEF SHAPE_628 Shape {
 appearance USE APP_1
 geometry DEF FACE_628 IndexedFaceSet {
  coord DEF COORD_628 Coordinate { point [
  9.1235 17.35 -27.58,9.1235 17.35 -27.82,
  8.9665 17.35 -27.82,8.9665 17.35 -27.58] }
 coordIndex [
  2,0,1,-1,2,3,0,-1]
  normalPerVertex TRUE
  normal DEF NORM_628 Normal { vector [
  0 1 0,0 1 0,
  0 1 0,0 1 0] }
}
}
DEF SHAPE_629 Shape {
 appearance USE APP_1
 geometry DEF FACE_629 IndexedFaceSet {
  coord DEF COORD_629 Coordinate { point [
  9.1235 16.1 -27.58,9.1235 17.35 -27.58,
  8.9665 17.35 -27.58,8.9665 16.1 -27.58] }
 coordIndex [
  1,2,3,-1,1,3,0,-1]
  normalPerVertex TRUE
  normal DEF NORM_629 Normal { vector [
  0 0 1,0 0 1,
  0 0 1,0 0 1] }
}
}
] }
] }
] }
